timestamp,open,high,low,close,adjustedClose,volume
2005-01-04T03:00:00Z,5.150000095367432,5.199999809265137,5.099999904632568,5.150000095367432,2.7756779193878174,22701000
2005-01-05T03:00:00Z,5.150000095367432,5.199999809265137,5.099999904632568,5.099999904632568,2.7487285137176514,43989000
2005-01-06T03:00:00Z,5,5.050000190734863,4.974999904632568,5.050000190734863,2.7873659133911133,17168000
2005-01-07T03:00:00Z,5.050000190734863,5.050000190734863,4.974999904632568,5,2.759767532348633,16860000
2005-01-10T03:00:00Z,5.050000190734863,5.050000190734863,4.974999904632568,5.050000190734863,2.7873659133911133,9492000
2005-01-11T03:00:00Z,5,5.050000190734863,5,5,2.759767532348633,13666000
2005-01-12T03:00:00Z,5.050000190734863,5.050000190734863,5,5,2.759767532348633,9312000
2005-01-13T03:00:00Z,5,5.050000190734863,5,5,2.759767532348633,6206000
2005-01-14T03:00:00Z,5,5,4.949999809265137,4.974999904632568,2.74596905708313,5930000
2005-01-17T03:00:00Z,4.974999904632568,5.050000190734863,4.974999904632568,4.974999904632568,2.74596905708313,13400000
2005-01-18T03:00:00Z,4.974999904632568,5,4.925000190734863,4.949999809265137,2.7321696281433105,18675000
2005-01-19T03:00:00Z,4.949999809265137,4.974999904632568,4.900000095367432,4.925000190734863,2.7183713912963867,48872000
2005-01-20T03:00:00Z,4.949999809265137,4.949999809265137,4.900000095367432,4.900000095367432,2.7045722007751465,22167000
2005-01-21T03:00:00Z,4.925000190734863,4.925000190734863,4.875,4.875,2.6907737255096436,8603000
2005-01-24T03:00:00Z,4.875,4.900000095367432,4.849999904632568,4.875,2.6907737255096436,6256000
2005-01-25T03:00:00Z,4.900000095367432,4.900000095367432,4.875,4.875,2.6907737255096436,5241000
2005-01-26T03:00:00Z,4.900000095367432,4.925000190734863,4.900000095367432,4.900000095367432,2.7045722007751465,4446000
2005-01-27T03:00:00Z,4.925000190734863,4.925000190734863,4.875,4.875,2.6907737255096436,5421000
2005-01-28T03:00:00Z,4.875,4.900000095367432,4.875,4.875,2.6907737255096436,16127000
2005-01-31T03:00:00Z,4.875,4.925000190734863,4.875,4.875,2.6907737255096436,8777000
2005-02-01T03:00:00Z,4.900000095367432,4.900000095367432,4.875,4.875,2.6907737255096436,9576000
2005-02-02T03:00:00Z,4.900000095367432,4.925000190734863,4.900000095367432,4.900000095367432,2.7045722007751465,10158000
2005-02-03T03:00:00Z,4.925000190734863,5,4.925000190734863,4.974999904632568,2.74596905708313,61471000
2005-02-04T03:00:00Z,5,5.050000190734863,4.949999809265137,5,2.759767532348633,65696000
2005-02-07T03:00:00Z,5.050000190734863,5.050000190734863,4.974999904632568,4.974999904632568,2.74596905708313,22384000
2005-02-08T03:00:00Z,4.974999904632568,5,4.974999904632568,5,2.759767532348633,6538000
2005-02-09T03:00:00Z,5,5.050000190734863,4.974999904632568,5.050000190734863,2.7873659133911133,24958000
2005-02-10T03:00:00Z,5,5.050000190734863,5,5,2.759767532348633,17541000
2005-02-11T03:00:00Z,5.050000190734863,5.050000190734863,4.974999904632568,4.974999904632568,2.74596905708313,20541000
2005-02-14T03:00:00Z,4.974999904632568,5,4.974999904632568,5,2.759767532348633,11177000
2005-02-15T03:00:00Z,5,5,4.949999809265137,5,2.759767532348633,18163000
2005-02-16T03:00:00Z,5,5,4.974999904632568,4.974999904632568,2.74596905708313,16807000
2005-02-17T03:00:00Z,4.974999904632568,5,4.949999809265137,4.949999809265137,2.7321696281433105,15480000
2005-02-18T03:00:00Z,4.949999809265137,4.949999809265137,4.925000190734863,4.925000190734863,2.7183713912963867,16219000
2005-02-21T03:00:00Z,4.925000190734863,4.949999809265137,4.849999904632568,4.849999904632568,2.6769752502441406,36638000
2005-02-22T03:00:00Z,4.849999904632568,4.875,4.824999809265137,4.849999904632568,2.6769752502441406,22275000
2005-02-24T03:00:00Z,4.849999904632568,4.875,4.849999904632568,4.849999904632568,2.6769752502441406,9854000
2005-02-25T03:00:00Z,4.875,4.900000095367432,4.849999904632568,4.875,2.6907737255096436,11440000
2005-02-28T03:00:00Z,4.849999904632568,4.849999904632568,4.775000095367432,4.775000095367432,2.6355786323547363,29736000
2005-03-01T03:00:00Z,4.800000190734863,4.900000095367432,4.775000095367432,4.900000095367432,2.7045722007751465,23332000
2005-03-02T03:00:00Z,4.875,4.875,4.800000190734863,4.824999809265137,2.663175344467163,8653000
2005-03-03T03:00:00Z,4.800000190734863,4.849999904632568,4.800000190734863,4.849999904632568,2.6769752502441406,9023000
2005-03-04T03:00:00Z,4.849999904632568,4.849999904632568,4.800000190734863,4.824999809265137,2.663175344467163,5666000
2005-03-07T03:00:00Z,4.849999904632568,4.849999904632568,4.800000190734863,4.824999809265137,2.663175344467163,7572000
2005-03-08T03:00:00Z,4.849999904632568,4.849999904632568,4.824999809265137,4.824999809265137,2.663175344467163,8555000
2005-03-09T03:00:00Z,4.824999809265137,4.849999904632568,4.800000190734863,4.800000190734863,2.6493778228759766,6180000
2005-03-10T03:00:00Z,4.800000190734863,4.800000190734863,4.775000095367432,4.800000190734863,2.6493778228759766,7918000
2005-03-11T03:00:00Z,4.800000190734863,4.800000190734863,4.699999809265137,4.724999904632568,2.607980489730835,18982000
2005-03-14T03:00:00Z,4.724999904632568,4.724999904632568,4.650000095367432,4.675000190734863,2.58038330078125,11524000
2005-03-15T03:00:00Z,4.675000190734863,4.800000190734863,4.675000190734863,4.75,2.621779441833496,13567000
2005-03-16T03:00:00Z,4.75,4.800000190734863,4.724999904632568,4.800000190734863,2.6493778228759766,7082000
2005-03-17T03:00:00Z,4.75,4.775000095367432,4.699999809265137,4.724999904632568,2.607980489730835,15671000
2005-03-18T03:00:00Z,4.75,4.775000095367432,4.699999809265137,4.699999809265137,2.594182014465332,11627000
2005-03-21T03:00:00Z,4.699999809265137,4.724999904632568,4.675000190734863,4.724999904632568,2.607980489730835,6851000
2005-03-22T03:00:00Z,4.699999809265137,4.699999809265137,4.650000095367432,4.650000095367432,2.566584587097168,12968000
2005-03-23T03:00:00Z,4.650000095367432,4.699999809265137,4.625,4.650000095367432,2.566584587097168,7506000
2005-03-24T03:00:00Z,4.650000095367432,4.675000190734863,4.625,4.675000190734863,2.58038330078125,18154000
2005-03-25T03:00:00Z,4.675000190734863,4.675000190734863,4.650000095367432,4.675000190734863,2.58038330078125,2553000
2005-03-28T03:00:00Z,4.675000190734863,4.699999809265137,4.650000095367432,4.650000095367432,2.566584587097168,4511000
2005-03-29T03:00:00Z,4.650000095367432,4.675000190734863,4.625,4.625,2.5527851581573486,11276000
2005-03-30T03:00:00Z,4.599999904632568,4.650000095367432,4.599999904632568,4.599999904632568,2.538987159729004,8214000
2005-03-31T03:00:00Z,4.625,4.675000190734863,4.625,4.675000190734863,2.58038330078125,7746000
2005-04-01T03:00:00Z,4.675000190734863,4.699999809265137,4.650000095367432,4.699999809265137,2.594182014465332,9192000
2005-04-04T03:00:00Z,4.599999904632568,4.625,4.574999809265137,4.625,2.5527851581573486,21147000
2005-04-05T03:00:00Z,4.650000095367432,4.650000095367432,4.599999904632568,4.625,2.5527851581573486,3593000
2005-04-07T03:00:00Z,4.625,4.650000095367432,4.599999904632568,4.599999904632568,2.538987159729004,4442000
2005-04-08T03:00:00Z,4.599999904632568,4.599999904632568,4.574999809265137,4.599999904632568,2.538987159729004,11538000
2005-04-11T03:00:00Z,4.599999904632568,4.599999904632568,4.550000190734863,4.599999904632568,2.538987159729004,14420000
2005-04-12T03:00:00Z,4.599999904632568,4.599999904632568,4.550000190734863,4.574999809265137,2.5251874923706055,23622000
2005-04-18T03:00:00Z,4.550000190734863,4.574999809265137,4.474999904632568,4.474999904632568,2.469992160797119,28043000
2005-04-19T03:00:00Z,4.474999904632568,4.5,4.449999809265137,4.5,2.4837913513183594,8342000
2005-04-20T03:00:00Z,4.5,4.525000095367432,4.474999904632568,4.5,2.4837913513183594,10621000
2005-04-21T03:00:00Z,4.474999904632568,4.474999904632568,4.400000095367432,4.425000190734863,2.4423952102661133,14426000
2005-04-22T03:00:00Z,4.449999809265137,4.449999809265137,4.400000095367432,4.400000095367432,2.428595781326294,8409000
2005-04-25T03:00:00Z,4.425000190734863,4.425000190734863,4.300000190734863,4.300000190734863,2.373401165008545,9974000
2005-04-26T03:00:00Z,4.300000190734863,4.300000190734863,4.074999809265137,4.125,2.276808500289917,59793000
2005-04-27T03:00:00Z,4.175000190734863,4.275000095367432,4.150000095367432,4.275000095367432,2.3596014976501465,18214000
2005-04-28T03:00:00Z,4.300000190734863,4.324999809265137,4.25,4.275000095367432,2.3596014976501465,10730000
2005-04-29T03:00:00Z,4.275000095367432,4.275000095367432,4.175000190734863,4.224999904632568,2.3320038318634033,10062000
2005-05-03T03:00:00Z,4.25,4.300000190734863,4.224999904632568,4.300000190734863,2.373401165008545,7529000
2005-05-04T03:00:00Z,4.300000190734863,4.300000190734863,4.275000095367432,4.275000095367432,2.3596014976501465,7531000
2005-05-06T03:00:00Z,4.275000095367432,4.324999809265137,4.275000095367432,4.300000190734863,2.373401165008545,15307000
2005-05-09T03:00:00Z,4.324999809265137,4.349999904632568,4.25,4.25,2.3458030223846436,17861000
2005-05-10T03:00:00Z,4.275000095367432,4.275000095367432,4.224999904632568,4.224999904632568,2.3320038318634033,8915000
2005-05-11T03:00:00Z,4.224999904632568,4.224999904632568,4.199999809265137,4.224999904632568,2.3320038318634033,5666000
2005-05-12T03:00:00Z,4.224999904632568,4.25,4.175000190734863,4.224999904632568,2.3320038318634033,11346000
2005-05-13T03:00:00Z,4.199999809265137,4.224999904632568,4.150000095367432,4.199999809265137,2.3182051181793213,14499000
2005-05-16T03:00:00Z,4.199999809265137,4.199999809265137,4.099999904632568,4.150000095367432,2.290607213973999,16618000
2005-05-17T03:00:00Z,4.199999809265137,4.300000190734863,4.175000190734863,4.25,2.3458030223846436,20945000
2005-05-18T03:00:00Z,4.300000190734863,4.375,4.275000095367432,4.375,2.41479754447937,18759000
2005-05-19T03:00:00Z,4.400000095367432,4.599999904632568,4.400000095367432,4.5,2.4837913513183594,36148000
2005-05-20T03:00:00Z,4.525000095367432,4.525000095367432,4.425000190734863,4.474999904632568,2.469992160797119,10097000
2005-05-24T03:00:00Z,4.474999904632568,4.474999904632568,4.400000095367432,4.400000095367432,2.428595781326294,20874000
2005-05-25T03:00:00Z,4.400000095367432,4.400000095367432,4.300000190734863,4.324999809265137,2.3871994018554688,12653000
2005-05-26T03:00:00Z,4.324999809265137,4.400000095367432,4.25,4.375,2.41479754447937,19041000
2005-05-27T03:00:00Z,4.375,4.5,4.375,4.474999904632568,2.469992160797119,15143000
2005-05-30T03:00:00Z,4.474999904632568,4.574999809265137,4.474999904632568,4.525000095367432,2.4975903034210205,18568000
2005-05-31T03:00:00Z,4.5,4.5,4.449999809265137,4.474999904632568,2.469992160797119,13895000
2005-06-01T03:00:00Z,4.5,4.550000190734863,4.474999904632568,4.5,2.4837913513183594,12524000
2005-06-02T03:00:00Z,4.5,4.525000095367432,4.474999904632568,4.5,2.4837913513183594,6746000
2005-06-03T03:00:00Z,4.5,4.550000190734863,4.474999904632568,4.5,2.4837913513183594,8769000
2005-06-06T03:00:00Z,4.5,4.5,4.5,4.5,2.4837913513183594,5189000
2005-06-07T03:00:00Z,4.525000095367432,4.525000095367432,4.474999904632568,4.5,2.4837913513183594,7814000
2005-06-08T03:00:00Z,4.5,4.550000190734863,4.5,4.5,2.4837913513183594,18867000
2005-06-09T03:00:00Z,4.525000095367432,4.550000190734863,4.5,4.5,2.4837913513183594,15864000
2005-06-10T03:00:00Z,4.525000095367432,4.525000095367432,4.449999809265137,4.5,2.4837913513183594,7896000
2005-06-13T03:00:00Z,4.5,4.5,4.449999809265137,4.449999809265137,2.456193208694458,4701000
2005-06-14T03:00:00Z,4.5,4.5,4.449999809265137,4.474999904632568,2.469992160797119,1711000
2005-06-15T03:00:00Z,4.5,4.5,4.449999809265137,4.474999904632568,2.469992160797119,1815000
2005-06-16T03:00:00Z,4.5,4.5,4.449999809265137,4.474999904632568,2.469992160797119,2736000
2005-06-17T03:00:00Z,4.449999809265137,4.5,4.449999809265137,4.5,2.4837913513183594,2488000
2005-06-20T03:00:00Z,4.474999904632568,4.5,4.474999904632568,4.5,2.4837913513183594,6202000
2005-06-21T03:00:00Z,4.5,4.550000190734863,4.5,4.550000190734863,2.5113890171051025,10718000
2005-06-22T03:00:00Z,4.525000095367432,4.550000190734863,4.5,4.550000190734863,2.5113890171051025,3653000
2005-06-23T03:00:00Z,4.525000095367432,4.574999809265137,4.525000095367432,4.574999809265137,2.5251874923706055,9917000
2005-06-24T03:00:00Z,4.550000190734863,4.599999904632568,4.550000190734863,4.550000190734863,2.5113890171051025,3493000
2005-06-27T03:00:00Z,4.550000190734863,4.625,4.550000190734863,4.625,2.5527851581573486,20401000
2005-06-28T03:00:00Z,4.599999904632568,4.625,4.550000190734863,4.550000190734863,2.5113890171051025,5604000
2005-06-29T03:00:00Z,4.550000190734863,4.574999809265137,4.525000095367432,4.525000095367432,2.4975903034210205,5010000
2005-06-30T03:00:00Z,4.525000095367432,4.550000190734863,4.5,4.5,2.4837913513183594,9533000
2005-07-04T03:00:00Z,4.5,4.5,4.375,4.5,2.4837913513183594,11047000
2005-07-05T03:00:00Z,4.449999809265137,4.449999809265137,4.349999904632568,4.400000095367432,2.428595781326294,7597000
2005-07-06T03:00:00Z,4.400000095367432,4.425000190734863,4.324999809265137,4.400000095367432,2.428595781326294,4787000
2005-07-07T03:00:00Z,4.375,4.375,4.300000190734863,4.300000190734863,2.373401165008545,9799000
2005-07-08T03:00:00Z,4.25,4.349999904632568,4.25,4.349999904632568,2.4009976387023926,5427000
2005-07-11T03:00:00Z,4.400000095367432,4.400000095367432,4.324999809265137,4.324999809265137,2.3871994018554688,5532000
2005-07-12T03:00:00Z,4.349999904632568,4.375,4.324999809265137,4.349999904632568,2.4009976387023926,8233000
2005-07-13T03:00:00Z,4.375,4.525000095367432,4.375,4.5,2.4837913513183594,17581000
2005-07-14T03:00:00Z,4.474999904632568,4.574999809265137,4.474999904632568,4.574999809265137,2.5251874923706055,14843000
2005-07-15T03:00:00Z,4.574999809265137,4.574999809265137,4.5,4.525000095367432,2.4975903034210205,7547000
2005-07-18T03:00:00Z,4.5,4.5,4.425000190734863,4.449999809265137,2.456193208694458,7996000
2005-07-19T03:00:00Z,4.449999809265137,4.525000095367432,4.449999809265137,4.5,2.4837913513183594,6303000
2005-07-20T03:00:00Z,4.525000095367432,4.525000095367432,4.5,4.525000095367432,2.4975903034210205,13173000
2005-07-21T03:00:00Z,4.525000095367432,4.525000095367432,4.5,4.5,2.4837913513183594,1290000
2005-07-25T03:00:00Z,4.5,4.574999809265137,4.5,4.574999809265137,2.5251874923706055,5335000
2005-07-26T03:00:00Z,4.574999809265137,4.574999809265137,4.525000095367432,4.525000095367432,2.4975903034210205,2527000
2005-07-27T03:00:00Z,4.525000095367432,4.574999809265137,4.525000095367432,4.574999809265137,2.5251874923706055,2669000
2005-07-28T03:00:00Z,4.574999809265137,4.574999809265137,4.525000095367432,4.525000095367432,2.4975903034210205,4583000
2005-07-29T03:00:00Z,4.525000095367432,4.525000095367432,4.5,4.525000095367432,2.4975903034210205,6482000
2005-08-01T03:00:00Z,4.525000095367432,4.599999904632568,4.5,4.574999809265137,2.5251874923706055,3040000
2005-08-02T03:00:00Z,4.550000190734863,4.574999809265137,4.550000190734863,4.550000190734863,2.5113890171051025,3597000
2005-08-03T03:00:00Z,4.599999904632568,4.625,4.574999809265137,4.599999904632568,2.538987159729004,15532000
2005-08-04T03:00:00Z,4.599999904632568,4.625,4.550000190734863,4.550000190734863,2.5113890171051025,11294000
2005-08-05T03:00:00Z,4.550000190734863,4.550000190734863,4.525000095367432,4.525000095367432,2.4975903034210205,6074000
2005-08-08T03:00:00Z,4.550000190734863,4.550000190734863,4.5,4.5,2.4837913513183594,3372000
2005-08-09T03:00:00Z,4.5,4.5,4.449999809265137,4.449999809265137,2.456193208694458,5839000
2005-08-10T03:00:00Z,4.5,4.550000190734863,4.5,4.525000095367432,2.4975903034210205,3638000
2005-08-11T03:00:00Z,4.525000095367432,4.525000095367432,4.5,4.5,2.4837913513183594,1011000
2005-08-15T03:00:00Z,4.5,4.5,4.474999904632568,4.5,2.4837913513183594,2092000
2005-08-16T03:00:00Z,4.5,4.5,4.449999809265137,4.449999809265137,2.456193208694458,2220000
2005-08-17T03:00:00Z,4.474999904632568,4.474999904632568,4.449999809265137,4.474999904632568,2.469992160797119,3013000
2005-08-18T03:00:00Z,4.5,4.599999904632568,4.5,4.599999904632568,2.538987159729004,22537000
2005-08-19T03:00:00Z,4.599999904632568,4.625,4.574999809265137,4.574999809265137,2.5251874923706055,11916000
2005-08-22T03:00:00Z,4.599999904632568,4.650000095367432,4.599999904632568,4.650000095367432,2.566584587097168,9884000
2005-08-23T03:00:00Z,4.650000095367432,4.699999809265137,4.599999904632568,4.650000095367432,2.566584587097168,13170000
2005-08-24T03:00:00Z,4.650000095367432,4.675000190734863,4.599999904632568,4.599999904632568,2.538987159729004,4007000
2005-08-25T03:00:00Z,4.625,4.650000095367432,4.599999904632568,4.625,2.5527851581573486,7805000
2005-08-26T03:00:00Z,4.625,4.650000095367432,4.599999904632568,4.625,2.5527851581573486,2649000
2005-08-29T03:00:00Z,4.625,4.625,4.599999904632568,4.625,2.5527851581573486,3953000
2005-08-30T03:00:00Z,4.625,4.650000095367432,4.599999904632568,4.650000095367432,2.566584587097168,1250000
2005-08-31T03:00:00Z,4.650000095367432,4.650000095367432,4.625,4.650000095367432,2.566584587097168,571000
2005-09-01T03:00:00Z,4.650000095367432,4.849999904632568,4.650000095367432,4.800000190734863,2.6493778228759766,25847000
2005-09-02T03:00:00Z,4.824999809265137,5,4.824999809265137,4.949999809265137,2.7321696281433105,91598000
2005-09-05T03:00:00Z,4.974999904632568,5,4.925000190734863,5,2.759767532348633,19868000
2005-09-06T03:00:00Z,5,5.050000190734863,4.925000190734863,4.974999904632568,2.74596905708313,20720000
2005-09-07T03:00:00Z,4.974999904632568,5.099999904632568,4.949999809265137,5.050000190734863,2.7873659133911133,42499000
2005-09-08T03:00:00Z,5.050000190734863,5.050000190734863,4.974999904632568,5,2.759767532348633,10922000
2005-09-09T03:00:00Z,5.050000190734863,5.050000190734863,5,5,2.759767532348633,10570000
2005-09-12T03:00:00Z,5,5.099999904632568,5,5.099999904632568,2.8149633407592773,12435000
2005-09-13T03:00:00Z,5.050000190734863,5.050000190734863,5,5.050000190734863,2.7873659133911133,11669000
2005-09-14T03:00:00Z,5.050000190734863,5.199999809265137,5,5.199999809265137,2.8701584339141846,51051000
2005-09-15T03:00:00Z,5.150000095367432,5.25,5.150000095367432,5.150000095367432,2.842561721801758,41503000
2005-09-16T03:00:00Z,5.150000095367432,5.150000095367432,5.099999904632568,5.150000095367432,2.842561721801758,28066000
2005-09-19T03:00:00Z,5.150000095367432,5.150000095367432,4.974999904632568,5,2.759767532348633,56279000
2005-09-20T03:00:00Z,5.050000190734863,5.150000095367432,5.050000190734863,5.099999904632568,2.8149633407592773,15169000
2005-09-21T03:00:00Z,5.099999904632568,5.25,5.099999904632568,5.199999809265137,2.8701584339141846,60929000
2005-09-22T03:00:00Z,5.199999809265137,5.25,5.150000095367432,5.25,2.897756814956665,16573000
2005-09-23T03:00:00Z,5.199999809265137,5.300000190734863,5.150000095367432,5.199999809265137,2.8701584339141846,32675000
2005-09-26T03:00:00Z,5.300000190734863,5.349999904632568,5.25,5.25,2.897756814956665,44399000
2005-09-27T03:00:00Z,5.300000190734863,5.349999904632568,5.199999809265137,5.199999809265137,2.8701584339141846,25957000
2005-09-28T03:00:00Z,5.25,5.300000190734863,5.150000095367432,5.199999809265137,2.8701584339141846,31877000
2005-09-29T03:00:00Z,5.199999809265137,5.199999809265137,5.050000190734863,5.099999904632568,2.8149633407592773,35281000
2005-09-30T03:00:00Z,5.099999904632568,5.099999904632568,5,5,2.759767532348633,22587000
2005-10-03T03:00:00Z,5,5,4.849999904632568,4.925000190734863,2.7183713912963867,41130000
2005-10-04T03:00:00Z,4.925000190734863,4.925000190734863,4.824999809265137,4.849999904632568,2.6769752502441406,18973000
2005-10-05T03:00:00Z,4.849999904632568,4.900000095367432,4.849999904632568,4.900000095367432,2.7045722007751465,10966000
2005-10-06T03:00:00Z,4.875,4.974999904632568,4.849999904632568,4.974999904632568,2.74596905708313,22662000
2005-10-07T03:00:00Z,4.949999809265137,5.150000095367432,4.949999809265137,5.099999904632568,2.8149633407592773,25634000
2005-10-10T03:00:00Z,5.099999904632568,5.150000095367432,5.050000190734863,5.050000190734863,2.7873659133911133,14420000
2005-10-11T03:00:00Z,5.050000190734863,5.050000190734863,5,5.050000190734863,2.7873659133911133,3739000
2005-10-12T03:00:00Z,5.050000190734863,5.150000095367432,5.050000190734863,5.099999904632568,2.8149633407592773,15389000
2005-10-13T03:00:00Z,5.099999904632568,5.099999904632568,5.050000190734863,5.050000190734863,2.7873659133911133,9680000
2005-10-14T03:00:00Z,5.050000190734863,5.099999904632568,5,5.050000190734863,2.7873659133911133,11205000
2005-10-17T03:00:00Z,5.050000190734863,5.099999904632568,5,5,2.759767532348633,2880000
2005-10-18T03:00:00Z,5.050000190734863,5.099999904632568,5,5.050000190734863,2.7873659133911133,17659000
2005-10-19T03:00:00Z,5,5,4.949999809265137,4.974999904632568,2.74596905708313,4116000
2005-10-20T03:00:00Z,5,5.050000190734863,4.949999809265137,4.974999904632568,2.74596905708313,14365000
2005-10-21T03:00:00Z,4.949999809265137,5.050000190734863,4.949999809265137,5,2.759767532348633,7300000
2005-10-25T03:00:00Z,5,5.099999904632568,5,5,2.759767532348633,23361000
2005-10-26T03:00:00Z,5,5,4.849999904632568,4.925000190734863,2.7183713912963867,28515000
2005-10-27T03:00:00Z,4.900000095367432,5,4.900000095367432,5,2.759767532348633,2342000
2005-10-28T03:00:00Z,5,5.050000190734863,4.949999809265137,5.050000190734863,2.7873659133911133,3861000
2005-10-31T03:00:00Z,5.050000190734863,5.050000190734863,4.974999904632568,5.050000190734863,2.7873659133911133,5742000
2005-11-01T03:00:00Z,5,5.099999904632568,5,5,2.759767532348633,11626000
2005-11-02T03:00:00Z,5.050000190734863,5.050000190734863,5,5.050000190734863,2.7873659133911133,4769000
2005-11-03T03:00:00Z,5,5.050000190734863,5,5.050000190734863,2.7873659133911133,8382000
2005-11-04T03:00:00Z,5.050000190734863,5.050000190734863,5,5,2.759767532348633,3664000
2005-11-07T03:00:00Z,5,5.099999904632568,4.974999904632568,5.099999904632568,2.8149633407592773,7528000
2005-11-08T03:00:00Z,5.099999904632568,5.099999904632568,5,5.050000190734863,2.7873659133911133,5352000
2005-11-09T03:00:00Z,5,5.050000190734863,5,5.050000190734863,2.7873659133911133,2306000
2005-11-10T03:00:00Z,5,5.050000190734863,5,5,2.759767532348633,7176000
2005-11-11T03:00:00Z,5,5,4.974999904632568,5,2.759767532348633,1930000
2005-11-14T03:00:00Z,5,5.050000190734863,5,5.050000190734863,2.7873659133911133,2138000
2005-11-15T03:00:00Z,5,5.050000190734863,4.949999809265137,5.050000190734863,2.7873659133911133,8889000
2005-11-16T03:00:00Z,5,5,4.925000190734863,4.925000190734863,2.7183713912963867,9921000
2005-11-17T03:00:00Z,5,5,4.900000095367432,4.974999904632568,2.74596905708313,4728000
2005-11-18T03:00:00Z,4.974999904632568,5.050000190734863,4.925000190734863,5,2.759767532348633,13521000
2005-11-21T03:00:00Z,5,5,4.949999809265137,5,2.759767532348633,8988000
2005-11-22T03:00:00Z,5,5,4.974999904632568,5,2.759767532348633,3516000
2005-11-23T03:00:00Z,4.974999904632568,4.974999904632568,4.900000095367432,4.900000095367432,2.7045722007751465,7059000
2005-11-24T03:00:00Z,4.925000190734863,4.925000190734863,4.875,4.875,2.6907737255096436,3503000
2005-11-25T03:00:00Z,4.900000095367432,4.925000190734863,4.875,4.925000190734863,2.7183713912963867,2526000
2005-11-28T03:00:00Z,4.925000190734863,4.925000190734863,4.900000095367432,4.925000190734863,2.7183713912963867,1744000
2005-11-29T03:00:00Z,4.925000190734863,4.949999809265137,4.925000190734863,4.949999809265137,2.7321696281433105,2474000
2005-11-30T03:00:00Z,4.974999904632568,5,4.949999809265137,4.974999904632568,2.74596905708313,5565000
2005-12-01T03:00:00Z,4.974999904632568,4.974999904632568,4.900000095367432,4.949999809265137,2.7321696281433105,21416000
2005-12-02T03:00:00Z,4.974999904632568,5,4.949999809265137,5,2.759767532348633,4109000
2005-12-06T03:00:00Z,4.974999904632568,5,4.974999904632568,5,2.759767532348633,21022000
2005-12-07T03:00:00Z,5,5.050000190734863,4.974999904632568,5,2.759767532348633,19080000
2005-12-08T03:00:00Z,5.050000190734863,5.050000190734863,5,5,2.759767532348633,4306000
2005-12-09T03:00:00Z,5,5.050000190734863,5,5.050000190734863,2.7873659133911133,6938000
2005-12-13T03:00:00Z,5.050000190734863,5.050000190734863,5,5,2.759767532348633,11233000
2005-12-14T03:00:00Z,5.050000190734863,5.050000190734863,5,5.050000190734863,2.7873659133911133,4373000
2005-12-15T03:00:00Z,5.050000190734863,5.050000190734863,5,5,2.759767532348633,7677000
2005-12-16T03:00:00Z,5,5,4.974999904632568,4.974999904632568,2.74596905708313,4590000
2005-12-19T03:00:00Z,4.974999904632568,5,4.974999904632568,5,2.759767532348633,2213000
2005-12-20T03:00:00Z,5.050000190734863,5.150000095367432,5,5.150000095367432,2.842561721801758,12737000
2005-12-21T03:00:00Z,5.150000095367432,5.150000095367432,5.099999904632568,5.099999904632568,2.8149633407592773,11223000
2005-12-22T03:00:00Z,5.050000190734863,5.099999904632568,5.050000190734863,5.099999904632568,2.8149633407592773,4911000
2005-12-23T03:00:00Z,5.099999904632568,5.099999904632568,5.050000190734863,5.050000190734863,2.7873659133911133,2338000
2005-12-26T03:00:00Z,5.099999904632568,5.099999904632568,5.050000190734863,5.050000190734863,2.7873659133911133,1828000
2005-12-27T03:00:00Z,5.050000190734863,5.150000095367432,5.050000190734863,5.099999904632568,2.8149633407592773,5345000
2005-12-28T03:00:00Z,5.099999904632568,5.150000095367432,5.099999904632568,5.150000095367432,2.842561721801758,7211000
2005-12-29T03:00:00Z,5.150000095367432,5.300000190734863,5.150000095367432,5.300000190734863,2.925354242324829,28529000
2005-12-30T03:00:00Z,5.300000190734863,5.349999904632568,5.25,5.25,2.897756814956665,39319000
2006-01-03T03:00:00Z,5.050000190734863,5.150000095367432,5.050000190734863,5.099999904632568,2.9091644287109375,18514000
2006-01-04T03:00:00Z,5.150000095367432,5.199999809265137,5.099999904632568,5.199999809265137,2.9662063121795654,37509000
2006-01-05T03:00:00Z,5.199999809265137,5.25,5.150000095367432,5.150000095367432,2.9376864433288574,30420000
2006-01-06T03:00:00Z,5.150000095367432,5.199999809265137,5.099999904632568,5.199999809265137,2.9662063121795654,28543000
2006-01-09T03:00:00Z,5.199999809265137,5.300000190734863,5.199999809265137,5.300000190734863,3.023249864578247,20753000
2006-01-10T03:00:00Z,5.300000190734863,5.300000190734863,5.25,5.25,2.9947290420532227,19070000
2006-01-11T03:00:00Z,5.199999809265137,5.199999809265137,5.150000095367432,5.150000095367432,2.9376864433288574,10847000
2006-01-12T03:00:00Z,5.150000095367432,5.199999809265137,5.150000095367432,5.199999809265137,2.9662063121795654,9977000
2006-01-13T03:00:00Z,5.199999809265137,5.25,5.150000095367432,5.150000095367432,2.9376864433288574,6485000
2006-01-16T03:00:00Z,5.150000095367432,5.199999809265137,5.099999904632568,5.199999809265137,2.9662063121795654,11076000
2006-01-17T03:00:00Z,5.25,5.25,5.199999809265137,5.25,2.9947290420532227,18102000
2006-01-18T03:00:00Z,5.199999809265137,5.199999809265137,5.050000190734863,5.099999904632568,2.9091644287109375,21089000
2006-01-19T03:00:00Z,5.050000190734863,5.150000095367432,5.050000190734863,5.099999904632568,2.9091644287109375,6013000
2006-01-20T03:00:00Z,5.099999904632568,5.150000095367432,5.050000190734863,5.050000190734863,2.8806443214416504,11068000
2006-01-23T03:00:00Z,5.050000190734863,5.099999904632568,5.050000190734863,5.099999904632568,2.9091644287109375,5380000
2006-01-24T03:00:00Z,5.099999904632568,5.099999904632568,5.050000190734863,5.050000190734863,2.8806443214416504,10919000
2006-01-25T03:00:00Z,5.099999904632568,5.150000095367432,5.099999904632568,5.150000095367432,2.9376864433288574,10286000
2006-01-26T03:00:00Z,5.150000095367432,5.150000095367432,5.099999904632568,5.150000095367432,2.9376864433288574,16041000
2006-01-27T03:00:00Z,5.150000095367432,5.150000095367432,5.050000190734863,5.099999904632568,2.9091644287109375,14913000
2006-01-30T03:00:00Z,5.099999904632568,5.099999904632568,5.050000190734863,5.050000190734863,2.8806443214416504,3229000
2006-01-31T03:00:00Z,5.099999904632568,5.150000095367432,5.050000190734863,5.150000095367432,2.9376864433288574,8999000
2006-02-01T03:00:00Z,5.150000095367432,5.150000095367432,5.099999904632568,5.099999904632568,2.9091644287109375,6789000
2006-02-02T03:00:00Z,5.099999904632568,5.150000095367432,5.050000190734863,5.099999904632568,2.9091644287109375,39453000
2006-02-03T03:00:00Z,5.099999904632568,5.150000095367432,5.050000190734863,5.099999904632568,2.9091644287109375,16038000
2006-02-06T03:00:00Z,5.150000095367432,5.150000095367432,5.050000190734863,5.150000095367432,2.9376864433288574,18705000
2006-02-07T03:00:00Z,5.099999904632568,5.150000095367432,5.099999904632568,5.150000095367432,2.9376864433288574,2554000
2006-02-08T03:00:00Z,5.099999904632568,5.150000095367432,5.099999904632568,5.150000095367432,2.9376864433288574,4553000
2006-02-09T03:00:00Z,5.099999904632568,5.099999904632568,5.050000190734863,5.099999904632568,2.9091644287109375,14813000
2006-02-10T03:00:00Z,5.099999904632568,5.099999904632568,5.050000190734863,5.050000190734863,2.8806443214416504,7744000
2006-02-13T03:00:00Z,5.050000190734863,5.050000190734863,5.050000190734863,5.050000190734863,2.8806443214416504,0
2006-02-14T03:00:00Z,5.099999904632568,5.099999904632568,5.050000190734863,5.099999904632568,2.9091644287109375,8882000
2006-02-15T03:00:00Z,5.099999904632568,5.099999904632568,5.050000190734863,5.050000190734863,2.8806443214416504,9514000
2006-02-16T03:00:00Z,5.050000190734863,5.099999904632568,5.050000190734863,5.050000190734863,2.8806443214416504,15418000
2006-02-17T03:00:00Z,5.099999904632568,5.099999904632568,5.050000190734863,5.099999904632568,2.9091644287109375,13194000
2006-02-20T03:00:00Z,5.099999904632568,5.099999904632568,5.050000190734863,5.050000190734863,2.8806443214416504,10428000
2006-02-21T03:00:00Z,5.099999904632568,5.150000095367432,5.050000190734863,5.050000190734863,2.8806443214416504,16403000
2006-02-22T03:00:00Z,5.050000190734863,5.099999904632568,5.050000190734863,5.050000190734863,2.8806443214416504,3238000
2006-02-23T03:00:00Z,5.050000190734863,5.099999904632568,5.050000190734863,5.050000190734863,2.8806443214416504,6872000
2006-02-24T03:00:00Z,5.050000190734863,5.099999904632568,5.050000190734863,5.050000190734863,2.8806443214416504,3351000
2006-02-27T03:00:00Z,5.099999904632568,5.199999809265137,5.050000190734863,5.150000095367432,2.9376864433288574,18535000
2006-02-28T03:00:00Z,5.099999904632568,5.150000095367432,5.099999904632568,5.150000095367432,2.9376864433288574,6089000
2006-03-01T03:00:00Z,5.099999904632568,5.199999809265137,5.099999904632568,5.199999809265137,2.9662063121795654,7902000
2006-03-02T03:00:00Z,5.199999809265137,5.199999809265137,5.150000095367432,5.150000095367432,2.9376864433288574,11095000
2006-03-03T03:00:00Z,5.199999809265137,5.199999809265137,5.150000095367432,5.150000095367432,2.9376864433288574,5241000
2006-03-06T03:00:00Z,5.150000095367432,5.199999809265137,5.150000095367432,5.150000095367432,2.9376864433288574,5993000
2006-03-07T03:00:00Z,5.150000095367432,5.150000095367432,5.099999904632568,5.099999904632568,2.9091644287109375,9267000
2006-03-08T03:00:00Z,5.099999904632568,5.099999904632568,5.050000190734863,5.050000190734863,2.8806443214416504,18233000
2006-03-09T03:00:00Z,5.050000190734863,5.099999904632568,5.050000190734863,5.099999904632568,2.9091644287109375,8500000
2006-03-10T03:00:00Z,5.099999904632568,5.150000095367432,5.099999904632568,5.099999904632568,2.9091644287109375,6113000
2006-03-13T03:00:00Z,5.050000190734863,5.150000095367432,5.050000190734863,5.150000095367432,2.9376864433288574,1407000
2006-03-14T03:00:00Z,5.099999904632568,5.150000095367432,5.099999904632568,5.099999904632568,2.9091644287109375,4024000
2006-03-15T03:00:00Z,5.150000095367432,5.300000190734863,5,5.050000190734863,2.8806443214416504,101579000
2006-03-16T03:00:00Z,5.099999904632568,5.099999904632568,4.974999904632568,5,2.8521220684051514,71296000
2006-03-17T03:00:00Z,5,5,4.875,4.925000190734863,2.809340476989746,55688000
2006-03-20T03:00:00Z,4.925000190734863,4.949999809265137,4.900000095367432,4.925000190734863,2.809340476989746,38758000
2006-03-21T03:00:00Z,4.925000190734863,4.949999809265137,4.925000190734863,4.949999809265137,2.8236007690429688,14162000
2006-03-22T03:00:00Z,4.949999809265137,5,4.949999809265137,4.949999809265137,2.8236007690429688,14131000
2006-03-23T03:00:00Z,4.949999809265137,4.949999809265137,4.925000190734863,4.949999809265137,2.8236007690429688,14233000
2006-03-24T03:00:00Z,4.925000190734863,4.949999809265137,4.925000190734863,4.925000190734863,2.809340476989746,5786000
2006-03-27T03:00:00Z,4.925000190734863,4.949999809265137,4.925000190734863,4.949999809265137,2.8236007690429688,4285000
2006-03-28T03:00:00Z,4.949999809265137,4.949999809265137,4.900000095367432,4.900000095367432,2.7950799465179443,11332000
2006-03-29T03:00:00Z,4.900000095367432,4.900000095367432,4.75,4.75,2.7095165252685547,34754000
2006-03-30T03:00:00Z,4.800000190734863,4.824999809265137,4.75,4.800000190734863,2.7380385398864746,14366000
2006-03-31T03:00:00Z,4.800000190734863,4.824999809265137,4.800000190734863,4.824999809265137,2.75229811668396,11359000
2006-04-03T03:00:00Z,4.824999809265137,4.925000190734863,4.824999809265137,4.925000190734863,2.809340476989746,11334000
2006-04-04T03:00:00Z,4.925000190734863,5,4.875,4.974999904632568,2.8378615379333496,25861000
2006-04-05T03:00:00Z,5.099999904632568,5.150000095367432,5.050000190734863,5.050000190734863,2.8806443214416504,64719000
2006-04-06T03:00:00Z,5.050000190734863,5.050000190734863,5.050000190734863,5.050000190734863,2.8806443214416504,0
2006-04-07T03:00:00Z,5.150000095367432,5.150000095367432,5.050000190734863,5.099999904632568,2.9091644287109375,25173000
2006-04-10T03:00:00Z,5.050000190734863,5.099999904632568,5,5.099999904632568,2.9091644287109375,12116000
2006-04-11T03:00:00Z,5.050000190734863,5.050000190734863,5,5.050000190734863,2.8806443214416504,8235000
2006-04-12T03:00:00Z,5.050000190734863,5.050000190734863,5,5,2.8521220684051514,10228000
2006-04-13T03:00:00Z,5,5,5,5,2.8521220684051514,0
2006-04-14T03:00:00Z,5,5,5,5,2.8521220684051514,0
2006-04-17T03:00:00Z,5.050000190734863,5.099999904632568,5,5.099999904632568,2.9091644287109375,7590000
2006-04-18T03:00:00Z,5.099999904632568,5.150000095367432,5.050000190734863,5.099999904632568,2.9091644287109375,13376000
2006-04-19T03:00:00Z,5.099999904632568,5.099999904632568,5.099999904632568,5.099999904632568,2.9091644287109375,0
2006-04-20T03:00:00Z,5.150000095367432,5.150000095367432,5.099999904632568,5.150000095367432,2.9376864433288574,14377000
2006-04-21T03:00:00Z,5.099999904632568,5.150000095367432,5.050000190734863,5.150000095367432,2.9376864433288574,8016000
2006-04-24T03:00:00Z,5.099999904632568,5.199999809265137,5.099999904632568,5.150000095367432,2.9376864433288574,31857000
2006-04-25T03:00:00Z,5.150000095367432,5.199999809265137,5.099999904632568,5.150000095367432,2.9376864433288574,21130000
2006-04-26T03:00:00Z,5.199999809265137,5.650000095367432,5.199999809265137,5.550000190734863,3.1658551692962646,172720000
2006-04-27T03:00:00Z,5.599999904632568,5.900000095367432,5.599999904632568,5.75,3.2799408435821533,117246000
2006-04-28T03:00:00Z,5.800000190734863,5.900000095367432,5.599999904632568,5.849999904632568,3.3369832038879395,80313000
2006-05-01T03:00:00Z,5.849999904632568,5.849999904632568,5.849999904632568,5.849999904632568,3.3369832038879395,0
2006-05-02T03:00:00Z,5.800000190734863,5.849999904632568,5.75,5.75,3.2799408435821533,33638000
2006-05-03T03:00:00Z,5.800000190734863,5.900000095367432,5.75,5.75,3.2799408435821533,36572000
2006-05-04T03:00:00Z,5.75,5.800000190734863,5.650000095367432,5.800000190734863,3.308462381362915,20775000
2006-05-05T03:00:00Z,5.800000190734863,5.800000190734863,5.800000190734863,5.800000190734863,3.308462381362915,0
2006-05-08T03:00:00Z,5.849999904632568,5.900000095367432,5.800000190734863,5.900000095367432,3.3655052185058594,20701000
2006-05-09T03:00:00Z,5.900000095367432,5.949999809265137,5.800000190734863,5.949999809265137,3.3940255641937256,29144000
2006-05-10T03:00:00Z,5.949999809265137,6.25,5.949999809265137,6.199999809265137,3.536630630493164,86772000
2006-05-11T03:00:00Z,6.199999809265137,6.25,6.099999904632568,6.199999809265137,3.536630630493164,55912000
2006-05-12T03:00:00Z,6.199999809265137,6.199999809265137,6.199999809265137,6.199999809265137,3.536630630493164,0
2006-05-15T03:00:00Z,6.099999904632568,6.449999809265137,6.050000190734863,6.400000095367432,3.650716781616211,104140000
2006-05-16T03:00:00Z,6.400000095367432,6.400000095367432,6.050000190734863,6.150000095367432,3.508110284805298,94755000
2006-05-17T03:00:00Z,6.199999809265137,6.400000095367432,6.099999904632568,6.400000095367432,3.650716781616211,31248000
2006-05-18T03:00:00Z,6.199999809265137,6.300000190734863,6.199999809265137,6.25,3.5651533603668213,25343000
2006-05-19T03:00:00Z,6.199999809265137,6.349999904632568,6.150000095367432,6.150000095367432,3.508110284805298,31818000
2006-05-22T03:00:00Z,6.150000095367432,6.199999809265137,5.900000095367432,5.900000095367432,3.3655052185058594,36486000
2006-05-23T03:00:00Z,5.800000190734863,5.900000095367432,5.699999809265137,5.849999904632568,3.3369832038879395,48265000
2006-05-24T03:00:00Z,5.900000095367432,5.900000095367432,5.599999904632568,5.650000095367432,3.222898483276367,40098000
2006-05-25T03:00:00Z,5.650000095367432,5.650000095367432,5.449999809265137,5.5,3.1373345851898193,75974000
2006-05-26T03:00:00Z,5.650000095367432,5.699999809265137,5.449999809265137,5.699999809265137,3.2514193058013916,29108000
2006-05-29T03:00:00Z,5.699999809265137,5.75,5.599999904632568,5.699999809265137,3.2514193058013916,7840000
2006-05-30T03:00:00Z,5.699999809265137,5.699999809265137,5.550000190734863,5.550000190734863,3.1658551692962646,5536000
2006-05-31T03:00:00Z,5.5,5.699999809265137,5.5,5.699999809265137,3.2514193058013916,16544000
2006-06-01T03:00:00Z,5.75,5.800000190734863,5.699999809265137,5.699999809265137,3.2514193058013916,11842000
2006-06-02T03:00:00Z,5.699999809265137,5.800000190734863,5.650000095367432,5.699999809265137,3.2514193058013916,18693000
2006-06-05T03:00:00Z,5.75,5.75,5.550000190734863,5.550000190734863,3.1658551692962646,5993000
2006-06-06T03:00:00Z,5.5,5.550000190734863,5.449999809265137,5.550000190734863,3.1658551692962646,8701000
2006-06-07T03:00:00Z,5.550000190734863,5.550000190734863,5.349999904632568,5.349999904632568,3.051771640777588,24424000
2006-06-08T03:00:00Z,5.25,5.349999904632568,5.099999904632568,5.199999809265137,2.9662063121795654,42509000
2006-06-09T03:00:00Z,5.199999809265137,5.349999904632568,5.150000095367432,5.25,2.9947290420532227,27668000
2006-06-12T03:00:00Z,5.25,5.25,5.25,5.25,2.9947290420532227,0
2006-06-13T03:00:00Z,5.25,5.25,5.25,5.25,2.9947290420532227,0
2006-06-14T03:00:00Z,5.150000095367432,5.400000095367432,5,5.400000095367432,3.0802929401397705,68396000
2006-06-15T03:00:00Z,5.449999809265137,5.449999809265137,5.199999809265137,5.400000095367432,3.0802929401397705,28257000
2006-06-16T03:00:00Z,5.5,5.550000190734863,5.449999809265137,5.5,3.1373345851898193,21053000
2006-06-19T03:00:00Z,5.449999809265137,5.550000190734863,5.349999904632568,5.550000190734863,3.1658551692962646,17974000
2006-06-20T03:00:00Z,5.5,5.5,5.449999809265137,5.449999809265137,3.108813524246216,9526000
2006-06-21T03:00:00Z,5.449999809265137,5.5,5.400000095367432,5.5,3.1373345851898193,8020000
2006-06-22T03:00:00Z,5.599999904632568,5.650000095367432,5.550000190734863,5.599999904632568,3.1943767070770264,12038000
2006-06-23T03:00:00Z,5.550000190734863,5.599999904632568,5.5,5.550000190734863,3.1658551692962646,7454000
2006-06-26T03:00:00Z,5.5,5.5,5.449999809265137,5.449999809265137,3.108813524246216,9547000
2006-06-27T03:00:00Z,5.449999809265137,5.599999904632568,5.449999809265137,5.5,3.1373345851898193,14627000
2006-06-28T03:00:00Z,5.5,5.550000190734863,5.449999809265137,5.5,3.1373345851898193,7180000
2006-06-29T03:00:00Z,5.5,5.599999904632568,5.5,5.550000190734863,3.1658551692962646,14214000
2006-06-30T03:00:00Z,5.650000095367432,5.650000095367432,5.599999904632568,5.599999904632568,3.1943767070770264,11885000
2006-07-03T03:00:00Z,5.599999904632568,5.650000095367432,5.550000190734863,5.550000190734863,3.1658551692962646,7298000
2006-07-04T03:00:00Z,5.599999904632568,5.75,5.599999904632568,5.650000095367432,3.222898483276367,15607000
2006-07-05T03:00:00Z,5.599999904632568,5.650000095367432,5.449999809265137,5.5,3.1373345851898193,14786000
2006-07-06T03:00:00Z,5.5,5.599999904632568,5.5,5.599999904632568,3.1943767070770264,15753000
2006-07-07T03:00:00Z,5.650000095367432,5.650000095367432,5.5,5.550000190734863,3.1658551692962646,11852000
2006-07-10T03:00:00Z,5.5,5.650000095367432,5.5,5.650000095367432,3.222898483276367,7715000
2006-07-11T03:00:00Z,5.650000095367432,5.650000095367432,5.650000095367432,5.650000095367432,3.222898483276367,0
2006-07-12T03:00:00Z,5.599999904632568,5.949999809265137,5.599999904632568,5.800000190734863,3.308462381362915,54360000
2006-07-13T03:00:00Z,5.900000095367432,5.900000095367432,5.599999904632568,5.599999904632568,3.1943767070770264,45647000
2006-07-14T03:00:00Z,5.550000190734863,5.650000095367432,5.550000190734863,5.650000095367432,3.222898483276367,19318000
2006-07-17T03:00:00Z,5.550000190734863,5.599999904632568,5.449999809265137,5.5,3.1373345851898193,20351000
2006-07-18T03:00:00Z,5.550000190734863,5.599999904632568,5.550000190734863,5.550000190734863,3.1658551692962646,15613000
2006-07-19T03:00:00Z,5.599999904632568,5.800000190734863,5.599999904632568,5.650000095367432,3.222898483276367,35224000
2006-07-20T03:00:00Z,5.75,5.900000095367432,5.699999809265137,5.800000190734863,3.308462381362915,48012000
2006-07-21T03:00:00Z,5.800000190734863,5.900000095367432,5.699999809265137,5.900000095367432,3.3655052185058594,48232000
2006-07-24T03:00:00Z,5.900000095367432,6.050000190734863,5.900000095367432,6,3.4225473403930664,68546000
2006-07-25T03:00:00Z,6.050000190734863,6.050000190734863,5.900000095367432,5.949999809265137,3.3940255641937256,81001000
2006-07-26T03:00:00Z,6,6.050000190734863,5.949999809265137,5.949999809265137,3.3940255641937256,51253000
2006-07-27T03:00:00Z,6,6,5.900000095367432,5.949999809265137,3.3940255641937256,42843000
2006-07-28T03:00:00Z,5.949999809265137,6.050000190734863,5.900000095367432,5.949999809265137,3.3940255641937256,63801000
2006-07-31T03:00:00Z,6,6.099999904632568,5.849999904632568,5.849999904632568,3.3369832038879395,47011000
2006-08-01T03:00:00Z,5.849999904632568,5.849999904632568,5.800000190734863,5.800000190734863,3.308462381362915,17534000
2006-08-02T03:00:00Z,5.800000190734863,5.800000190734863,5.650000095367432,5.75,3.2799408435821533,35860000
2006-08-03T03:00:00Z,5.800000190734863,5.900000095367432,5.75,5.800000190734863,3.308462381362915,46986000
2006-08-04T03:00:00Z,5.849999904632568,5.949999809265137,5.849999904632568,5.849999904632568,3.3369832038879395,45198000
2006-08-07T03:00:00Z,5.849999904632568,5.949999809265137,5.849999904632568,5.900000095367432,3.3655052185058594,10446000
2006-08-08T03:00:00Z,5.949999809265137,6,5.900000095367432,5.900000095367432,3.3655052185058594,10205000
2006-08-09T03:00:00Z,5.900000095367432,6,5.900000095367432,5.949999809265137,3.3940255641937256,26721000
2006-08-10T03:00:00Z,5.900000095367432,5.949999809265137,5.849999904632568,5.849999904632568,3.3369832038879395,22289000
2006-08-11T03:00:00Z,5.900000095367432,5.900000095367432,5.849999904632568,5.849999904632568,3.3369832038879395,4363000
2006-08-14T03:00:00Z,5.849999904632568,5.849999904632568,5.849999904632568,5.849999904632568,3.3369832038879395,0
2006-08-15T03:00:00Z,5.900000095367432,5.900000095367432,5.849999904632568,5.900000095367432,3.3655052185058594,5349000
2006-08-16T03:00:00Z,5.949999809265137,5.949999809265137,5.900000095367432,5.900000095367432,3.3655052185058594,3246000
2006-08-17T03:00:00Z,6,6,5.900000095367432,5.900000095367432,3.3655052185058594,8809000
2006-08-18T03:00:00Z,5.949999809265137,5.949999809265137,5.900000095367432,5.900000095367432,3.3655052185058594,5623000
2006-08-21T03:00:00Z,5.900000095367432,5.949999809265137,5.849999904632568,5.900000095367432,3.3655052185058594,9882000
2006-08-22T03:00:00Z,5.900000095367432,5.949999809265137,5.849999904632568,5.900000095367432,3.3655052185058594,25810000
2006-08-23T03:00:00Z,5.900000095367432,5.900000095367432,5.849999904632568,5.849999904632568,3.3369832038879395,5828000
2006-08-24T03:00:00Z,5.849999904632568,5.849999904632568,5.650000095367432,5.699999809265137,3.2514193058013916,23116000
2006-08-25T03:00:00Z,5.699999809265137,5.75,5.699999809265137,5.75,3.2799408435821533,11240000
2006-08-28T03:00:00Z,5.75,5.75,5.550000190734863,5.550000190734863,3.1658551692962646,22119000
2006-08-29T03:00:00Z,5.599999904632568,5.650000095367432,5.550000190734863,5.599999904632568,3.1943767070770264,26230000
2006-08-30T03:00:00Z,5.599999904632568,5.599999904632568,5.5,5.599999904632568,3.1943767070770264,10991000
2006-08-31T03:00:00Z,5.599999904632568,5.650000095367432,5.550000190734863,5.599999904632568,3.1943767070770264,19147000
2006-09-01T03:00:00Z,5.599999904632568,5.75,5.599999904632568,5.699999809265137,3.2514193058013916,18533000
2006-09-04T03:00:00Z,5.75,5.800000190734863,5.75,5.800000190734863,3.308462381362915,14900000
2006-09-05T03:00:00Z,5.800000190734863,6,5.800000190734863,5.800000190734863,3.308462381362915,54828000
2006-09-06T03:00:00Z,5.800000190734863,5.900000095367432,5.800000190734863,5.849999904632568,3.3369832038879395,24462000
2006-09-07T03:00:00Z,5.800000190734863,5.849999904632568,5.75,5.800000190734863,3.308462381362915,18936000
2006-09-08T03:00:00Z,5.800000190734863,5.849999904632568,5.800000190734863,5.800000190734863,3.308462381362915,7305000
2006-09-11T03:00:00Z,5.800000190734863,5.849999904632568,5.75,5.75,3.2799408435821533,9456000
2006-09-12T03:00:00Z,5.800000190734863,5.849999904632568,5.699999809265137,5.75,3.2799408435821533,11743000
2006-09-13T03:00:00Z,5.849999904632568,5.900000095367432,5.800000190734863,5.900000095367432,3.3655052185058594,34668000
2006-09-14T03:00:00Z,5.949999809265137,5.949999809265137,5.900000095367432,5.900000095367432,3.3655052185058594,17865000
2006-09-15T03:00:00Z,5.900000095367432,5.949999809265137,5.849999904632568,5.849999904632568,3.3369832038879395,48129000
2006-09-18T03:00:00Z,5.800000190734863,5.900000095367432,5.800000190734863,5.900000095367432,3.3655052185058594,13295000
2006-09-19T03:00:00Z,5.900000095367432,5.949999809265137,5.849999904632568,5.849999904632568,3.3369832038879395,33862000
2006-09-20T03:00:00Z,5.849999904632568,5.849999904632568,5.849999904632568,5.849999904632568,3.3369832038879395,0
2006-09-21T03:00:00Z,5.699999809265137,5.900000095367432,5.599999904632568,5.849999904632568,3.3369832038879395,83669000
2006-09-22T03:00:00Z,5.849999904632568,5.849999904632568,5.599999904632568,5.650000095367432,3.222898483276367,50871000
2006-09-25T03:00:00Z,5.699999809265137,5.900000095367432,5.699999809265137,5.900000095367432,3.3655052185058594,46248000
2006-09-26T03:00:00Z,5.849999904632568,5.849999904632568,5.75,5.800000190734863,3.362605571746826,23259000
2006-09-27T03:00:00Z,5.900000095367432,5.900000095367432,5.800000190734863,5.849999904632568,3.3915929794311523,21984000
2006-09-28T03:00:00Z,5.900000095367432,5.900000095367432,5.75,5.75,3.333617925643921,19693000
2006-09-29T03:00:00Z,5.75,5.800000190734863,5.75,5.800000190734863,3.362605571746826,15597000
2006-10-02T03:00:00Z,5.800000190734863,5.800000190734863,5.75,5.75,3.333617925643921,7435000
2006-10-03T03:00:00Z,5.75,5.849999904632568,5.75,5.75,3.333617925643921,24295000
2006-10-04T03:00:00Z,5.800000190734863,5.800000190734863,5.699999809265137,5.800000190734863,3.362605571746826,11659000
2006-10-05T03:00:00Z,5.849999904632568,5.849999904632568,5.75,5.800000190734863,3.362605571746826,4948000
2006-10-06T03:00:00Z,5.800000190734863,5.800000190734863,5.75,5.75,3.333617925643921,5981000
2006-10-09T03:00:00Z,5.800000190734863,5.800000190734863,5.699999809265137,5.75,3.333617925643921,6938000
2006-10-10T03:00:00Z,5.75,5.800000190734863,5.75,5.800000190734863,3.362605571746826,3433000
2006-10-11T03:00:00Z,5.800000190734863,5.800000190734863,5.699999809265137,5.699999809265137,3.3046295642852783,4167000
2006-10-12T03:00:00Z,5.75,5.800000190734863,5.699999809265137,5.800000190734863,3.362605571746826,22262000
2006-10-13T03:00:00Z,5.849999904632568,6.25,5.849999904632568,6.199999809265137,3.5945091247558594,139063000
2006-10-16T03:00:00Z,6.199999809265137,6.199999809265137,6.099999904632568,6.099999904632568,3.5365333557128906,15471000
2006-10-17T03:00:00Z,6.150000095367432,6.150000095367432,6.050000190734863,6.099999904632568,3.5365333557128906,38776000
2006-10-18T03:00:00Z,6.050000190734863,6.199999809265137,6.050000190734863,6.199999809265137,3.5945091247558594,35842000
2006-10-19T03:00:00Z,6.25,6.25,6.099999904632568,6.099999904632568,3.5365333557128906,42676000
2006-10-20T03:00:00Z,6.150000095367432,6.349999904632568,6.099999904632568,6.25,3.6234984397888184,45063000
2006-10-23T03:00:00Z,6.25,6.25,6.25,6.25,3.6234984397888184,0
2006-10-24T03:00:00Z,6.300000190734863,6.449999809265137,6.25,6.449999809265137,3.7394495010375977,55442000
2006-10-25T03:00:00Z,6.400000095367432,6.400000095367432,6.349999904632568,6.349999904632568,3.6814732551574707,23506000
2006-10-26T03:00:00Z,6.349999904632568,6.449999809265137,6.349999904632568,6.400000095367432,3.7104616165161133,11904000
2006-10-27T03:00:00Z,6.349999904632568,6.449999809265137,6.300000190734863,6.400000095367432,3.7104616165161133,18845000
2006-10-30T03:00:00Z,6.400000095367432,6.449999809265137,6.349999904632568,6.400000095367432,3.7104616165161133,13381000
2006-10-31T03:00:00Z,6.400000095367432,6.650000095367432,6.400000095367432,6.599999904632568,3.82641339302063,73341000
2006-11-01T03:00:00Z,6.650000095367432,6.800000190734863,6.550000190734863,6.699999809265137,3.8843889236450195,37568000
2006-11-02T03:00:00Z,6.699999809265137,6.699999809265137,6.550000190734863,6.599999904632568,3.82641339302063,10838000
2006-11-03T03:00:00Z,6.550000190734863,6.699999809265137,6.550000190734863,6.599999904632568,3.82641339302063,16615000
2006-11-06T03:00:00Z,6.599999904632568,6.650000095367432,6.449999809265137,6.5,3.768437147140503,23534000
2006-11-07T03:00:00Z,6.550000190734863,6.599999904632568,6.5,6.5,3.768437147140503,8889000
2006-11-08T03:00:00Z,6.5,6.599999904632568,6.5,6.550000190734863,3.7974257469177246,7996000
2006-11-09T03:00:00Z,6.550000190734863,6.800000190734863,6.550000190734863,6.699999809265137,3.8843889236450195,21890000
2006-11-10T03:00:00Z,6.699999809265137,6.949999809265137,6.650000095367432,6.900000095367432,4.000341415405273,34466000
2006-11-13T03:00:00Z,6.800000190734863,6.949999809265137,6.800000190734863,6.849999904632568,3.9713525772094727,8095000
2006-11-14T03:00:00Z,6.900000095367432,7.050000190734863,6.900000095367432,6.949999809265137,4.0293288230896,34111000
2006-11-15T03:00:00Z,6.949999809265137,7,6.849999904632568,7,4.058316707611084,21733000
2006-11-16T03:00:00Z,6.949999809265137,7,6.949999809265137,7,4.058316707611084,25782000
2006-11-17T03:00:00Z,7,7.300000190734863,6.900000095367432,7.25,4.2032575607299805,53142000
2006-11-20T03:00:00Z,7.300000190734863,7.400000095367432,7.199999809265137,7.349999904632568,4.261232376098633,25370
2006-11-21T03:00:00Z,7.349999904632568,7.349999904632568,7.099999904632568,7.150000095367432,4.1452813148498535,31600
2006-11-22T03:00:00Z,7,7,6.800000190734863,6.900000095367432,4.000341415405273,52070
2006-11-23T03:00:00Z,6.900000095367432,7.050000190734863,6.849999904632568,6.900000095367432,4.000341415405273,11918000
2006-11-24T03:00:00Z,6.900000095367432,6.949999809265137,6.849999904632568,6.849999904632568,3.9713525772094727,17820
2006-11-27T03:00:00Z,6.849999904632568,6.849999904632568,6.699999809265137,6.75,3.9133777618408203,41040
2006-11-28T03:00:00Z,6.699999809265137,6.699999809265137,6.650000095367432,6.650000095367432,3.8554019927978516,9600
2006-11-29T03:00:00Z,6.699999809265137,6.75,6.650000095367432,6.75,3.9133777618408203,29050
2006-11-30T03:00:00Z,6.800000190734863,6.800000190734863,6.449999809265137,6.5,3.768437147140503,56160
2006-12-01T03:00:00Z,6.5,6.5,6.349999904632568,6.349999904632568,3.6814732551574707,27420
2006-12-04T03:00:00Z,6.349999904632568,6.449999809265137,6.300000190734863,6.300000190734863,3.6524851322174072,13660
2006-12-05T03:00:00Z,6.300000190734863,6.300000190734863,6.300000190734863,6.300000190734863,3.6524851322174072,0
2006-12-06T03:00:00Z,6.300000190734863,6.400000095367432,6.300000190734863,6.400000095367432,3.7104616165161133,13220
2006-12-07T03:00:00Z,6.400000095367432,6.550000190734863,6.400000095367432,6.449999809265137,3.7394495010375977,27270
2006-12-08T03:00:00Z,6.449999809265137,6.5,6.400000095367432,6.449999809265137,3.7394495010375977,7526000
2006-12-11T03:00:00Z,6.449999809265137,6.449999809265137,6.449999809265137,6.449999809265137,3.7394495010375977,0
2006-12-12T03:00:00Z,6.5,6.5,6.449999809265137,6.449999809265137,3.7394495010375977,7400
2006-12-13T03:00:00Z,6.449999809265137,6.5,6.400000095367432,6.5,3.768437147140503,6842000
2006-12-14T03:00:00Z,6.449999809265137,6.5,6.349999904632568,6.5,3.768437147140503,6360
2006-12-15T03:00:00Z,6.5,6.5,6.400000095367432,6.449999809265137,3.7394495010375977,3396000
2006-12-18T03:00:00Z,6.449999809265137,6.449999809265137,6.400000095367432,6.449999809265137,3.7394495010375977,4200000
2006-12-19T03:00:00Z,5.900000095367432,6.050000190734863,5,5.550000190734863,3.217665910720825,103990
2006-12-20T03:00:00Z,6,6.099999904632568,5.900000095367432,6,3.478557825088501,117973000
2006-12-21T03:00:00Z,5.949999809265137,6.199999809265137,5.849999904632568,6.050000190734863,3.507546901702881,38620
2006-12-22T03:00:00Z,6.099999904632568,6.150000095367432,5.949999809265137,6.099999904632568,3.5365333557128906,21019000
2006-12-25T03:00:00Z,6.050000190734863,6.050000190734863,5.949999809265137,6.050000190734863,3.507546901702881,7774000
2006-12-26T03:00:00Z,6.050000190734863,6.099999904632568,6.050000190734863,6.099999904632568,3.5365333557128906,7570
2006-12-27T03:00:00Z,6.099999904632568,6.099999904632568,6.050000190734863,6.050000190734863,3.507546901702881,3973000
2006-12-28T03:00:00Z,6.099999904632568,6.150000095367432,5.949999809265137,5.949999809265137,3.4495699405670166,13000
2006-12-29T03:00:00Z,5.900000095367432,5.900000095367432,5.75,5.849999904632568,3.49739670753479,12330
2007-01-03T03:00:00Z,5.599999904632568,5.699999809265137,5.449999809265137,5.550000190734863,3.3180437088012695,28578000
2007-01-04T03:00:00Z,5.650000095367432,5.650000095367432,5.5,5.550000190734863,3.3180437088012695,7799000
2007-01-05T03:00:00Z,5.5,5.5,5.300000190734863,5.349999904632568,3.1984751224517822,20850000
2007-01-08T03:00:00Z,5.349999904632568,5.449999809265137,5.300000190734863,5.400000095367432,3.2283668518066406,25306000
2007-01-09T03:00:00Z,5.400000095367432,5.400000095367432,5.300000190734863,5.349999904632568,3.1984751224517822,16544000
2007-01-10T03:00:00Z,5.300000190734863,5.449999809265137,5.25,5.449999809265137,3.258258581161499,13739000
2007-01-11T03:00:00Z,5.5,5.650000095367432,5.5,5.599999904632568,3.347935914993286,37685000
2007-01-12T03:00:00Z,5.650000095367432,5.699999809265137,5.550000190734863,5.650000095367432,3.37782883644104,34547000
2007-01-15T03:00:00Z,5.650000095367432,5.75,5.550000190734863,5.699999809265137,3.4077210426330566,14154000
2007-01-16T03:00:00Z,5.699999809265137,5.75,5.550000190734863,5.650000095367432,3.37782883644104,7462000
2007-01-17T03:00:00Z,5.650000095367432,5.699999809265137,5.5,5.550000190734863,3.3180437088012695,8171000
2007-01-18T03:00:00Z,5.550000190734863,5.550000190734863,5.5,5.550000190734863,3.3180437088012695,2710000
2007-01-19T03:00:00Z,5.550000190734863,5.650000095367432,5.449999809265137,5.449999809265137,3.258258581161499,8912000
2007-01-22T03:00:00Z,5.5,5.5,5.300000190734863,5.349999904632568,3.1984751224517822,27563000
2007-01-23T03:00:00Z,5.300000190734863,5.300000190734863,5.050000190734863,5.25,3.1386897563934326,36967000
2007-01-24T03:00:00Z,5.300000190734863,5.300000190734863,5.099999904632568,5.150000095367432,3.0789058208465576,22641000
2007-01-25T03:00:00Z,5.199999809265137,5.25,5.099999904632568,5.25,3.1386897563934326,24966000
2007-01-26T03:00:00Z,5.199999809265137,5.199999809265137,5,5,2.9892289638519287,42878000
2007-01-29T03:00:00Z,5.050000190734863,5.050000190734863,4.699999809265137,4.775000095367432,2.8547134399414062,74707000
2007-01-30T03:00:00Z,4.800000190734863,4.949999809265137,4.775000095367432,4.949999809265137,2.9593358039855957,40035000
2007-01-31T03:00:00Z,4.974999904632568,5.050000190734863,4.925000190734863,5.050000190734863,3.0191211700439453,34113000
2007-02-01T03:00:00Z,5.099999904632568,5.349999904632568,5.099999904632568,5.300000190734863,3.1685824394226074,85153000
2007-02-02T03:00:00Z,5.349999904632568,5.349999904632568,5.199999809265137,5.25,3.1386897563934326,54103000
2007-02-05T03:00:00Z,5.300000190734863,5.349999904632568,5.199999809265137,5.25,3.1386897563934326,21119000
2007-02-06T03:00:00Z,5.300000190734863,5.400000095367432,5.25,5.400000095367432,3.2283668518066406,15484000
2007-02-07T03:00:00Z,5.449999809265137,5.550000190734863,5.449999809265137,5.449999809265137,3.258258581161499,38447000
2007-02-08T03:00:00Z,5.5,5.599999904632568,5.449999809265137,5.550000190734863,3.3180437088012695,40466000
2007-02-09T03:00:00Z,5.599999904632568,5.650000095367432,5.400000095367432,5.5,3.288151979446411,17304000
2007-02-12T03:00:00Z,5.5,5.599999904632568,5.400000095367432,5.599999904632568,3.347935914993286,30712000
2007-02-13T03:00:00Z,5.650000095367432,5.699999809265137,5.5,5.599999904632568,3.347935914993286,21401000
2007-02-14T03:00:00Z,5.650000095367432,5.650000095367432,5.550000190734863,5.550000190734863,3.3180437088012695,6612000
2007-02-15T03:00:00Z,5.5,5.699999809265137,5.449999809265137,5.650000095367432,3.37782883644104,22841000
2007-02-16T03:00:00Z,5.650000095367432,5.900000095367432,5.650000095367432,5.849999904632568,3.49739670753479,48711000
2007-02-19T03:00:00Z,5.800000190734863,5.949999809265137,5.800000190734863,5.900000095367432,3.527289628982544,8823000
2007-02-20T03:00:00Z,5.949999809265137,6.150000095367432,5.900000095367432,6.099999904632568,3.6468584537506104,16066000
2007-02-21T03:00:00Z,6.150000095367432,6.400000095367432,6.150000095367432,6.300000190734863,3.7664284706115723,44502000
2007-02-22T03:00:00Z,6.300000190734863,6.349999904632568,6.050000190734863,6.050000190734863,3.61696720123291,18166000
2007-02-23T03:00:00Z,6.050000190734863,6.150000095367432,5.949999809265137,5.949999809265137,3.5571820735931396,6403000
2007-02-26T03:00:00Z,6,6.050000190734863,5.949999809265137,6,3.5870747566223145,9489000
2007-02-27T03:00:00Z,5.949999809265137,6.150000095367432,5.949999809265137,6.150000095367432,3.676750898361206,17323000
2007-02-28T03:00:00Z,5.949999809265137,6.050000190734863,5.900000095367432,6.050000190734863,3.61696720123291,16610000
2007-03-01T03:00:00Z,6,6.099999904632568,6,6.050000190734863,3.61696720123291,11923000
2007-03-02T03:00:00Z,6.050000190734863,6.099999904632568,5.900000095367432,5.900000095367432,3.527289628982544,6761000
2007-03-06T03:00:00Z,5.900000095367432,5.900000095367432,5.800000190734863,5.849999904632568,3.49739670753479,10174000
2007-03-07T03:00:00Z,5.900000095367432,5.900000095367432,5.75,5.800000190734863,3.4675049781799316,12044000
2007-03-08T03:00:00Z,5.800000190734863,6.050000190734863,5.800000190734863,6,3.5870747566223145,15494000
2007-03-09T03:00:00Z,6,6.099999904632568,6,6,3.5870747566223145,5829000
2007-03-12T03:00:00Z,6.050000190734863,6.25,6.050000190734863,6.199999809265137,3.7066433429718018,22457000
2007-03-13T03:00:00Z,6.25,6.300000190734863,6.150000095367432,6.199999809265137,3.7066433429718018,8407000
2007-03-14T03:00:00Z,6.099999904632568,6.099999904632568,6.050000190734863,6.050000190734863,3.61696720123291,28981000
2007-03-15T03:00:00Z,6.150000095367432,6.150000095367432,6,6.050000190734863,3.61696720123291,4837000
2007-03-16T03:00:00Z,6.050000190734863,6.050000190734863,5.949999809265137,6,3.5870747566223145,2440000
2007-03-19T03:00:00Z,6,6,5.900000095367432,6,3.5870747566223145,6852000
2007-03-20T03:00:00Z,6,6.099999904632568,6,6,3.5870747566223145,11070000
2007-03-21T03:00:00Z,6.050000190734863,6.050000190734863,6.050000190734863,6.050000190734863,3.61696720123291,2921000
2007-03-22T03:00:00Z,6.050000190734863,6.199999809265137,6.050000190734863,6.199999809265137,3.7066433429718018,16867000
2007-03-23T03:00:00Z,6.199999809265137,6.199999809265137,6.150000095367432,6.199999809265137,3.7066433429718018,16498000
2007-03-26T03:00:00Z,6.099999904632568,6.150000095367432,6,6.150000095367432,3.676750898361206,18500000
2007-03-27T03:00:00Z,6.099999904632568,6.099999904632568,5.849999904632568,5.949999809265137,3.5571820735931396,31231000
2007-03-28T03:00:00Z,5.900000095367432,5.949999809265137,5.699999809265137,5.75,3.4376132488250732,23228000
2007-03-29T03:00:00Z,5.699999809265137,5.849999904632568,5.699999809265137,5.800000190734863,3.4675049781799316,15130000
2007-03-30T03:00:00Z,5.800000190734863,5.900000095367432,5.800000190734863,5.800000190734863,3.4675049781799316,5254000
2007-04-02T03:00:00Z,5.800000190734863,5.900000095367432,5.75,5.800000190734863,3.4675049781799316,9290000
2007-04-03T03:00:00Z,5.849999904632568,5.900000095367432,5.800000190734863,5.800000190734863,3.4675049781799316,9006000
2007-04-04T03:00:00Z,5.849999904632568,6.050000190734863,5.849999904632568,5.949999809265137,3.5571820735931396,43483000
2007-04-05T03:00:00Z,6,6,5.949999809265137,6,3.5870747566223145,8435000
2007-04-09T03:00:00Z,6,6,5.900000095367432,5.949999809265137,3.5571820735931396,3422000
2007-04-10T03:00:00Z,5.949999809265137,6,5.949999809265137,6,3.5870747566223145,3763000
2007-04-11T03:00:00Z,6,6.050000190734863,5.900000095367432,6,3.5870747566223145,16069000
2007-04-12T03:00:00Z,6,6,5.800000190734863,5.800000190734863,3.4675049781799316,12048000
2007-04-17T03:00:00Z,5.849999904632568,5.949999809265137,5.849999904632568,5.849999904632568,3.49739670753479,14173000
2007-04-18T03:00:00Z,5.900000095367432,5.900000095367432,5.849999904632568,5.900000095367432,3.527289628982544,3303000
2007-04-19T03:00:00Z,5.849999904632568,5.949999809265137,5.849999904632568,5.900000095367432,3.527289628982544,2116000
2007-04-20T03:00:00Z,5.900000095367432,5.949999809265137,5.900000095367432,5.900000095367432,3.527289628982544,2260000
2007-04-23T03:00:00Z,5.900000095367432,5.900000095367432,5.849999904632568,5.900000095367432,3.527289628982544,1821000
2007-04-24T03:00:00Z,5.900000095367432,5.900000095367432,5.849999904632568,5.849999904632568,3.49739670753479,2501000
2007-04-25T03:00:00Z,5.849999904632568,5.949999809265137,5.849999904632568,5.900000095367432,3.527289628982544,3642000
2007-04-26T03:00:00Z,5.900000095367432,6,5.900000095367432,5.949999809265137,3.5571820735931396,15175000
2007-04-27T03:00:00Z,5.900000095367432,5.949999809265137,5.900000095367432,5.949999809265137,3.5571820735931396,3555000
2007-04-30T03:00:00Z,5.949999809265137,6.050000190734863,5.900000095367432,5.949999809265137,3.5571820735931396,7214000
2007-05-02T03:00:00Z,5.949999809265137,6,5.900000095367432,5.949999809265137,3.5571820735931396,8713000
2007-05-03T03:00:00Z,5.900000095367432,6.150000095367432,5.900000095367432,6.099999904632568,3.6468584537506104,21977000
2007-05-04T03:00:00Z,6.150000095367432,6.150000095367432,5.949999809265137,6,3.5870747566223145,16329000
2007-05-08T03:00:00Z,6,6.050000190734863,5.900000095367432,5.949999809265137,3.5571820735931396,14729000
2007-05-09T03:00:00Z,6,6,5.900000095367432,5.949999809265137,3.5571820735931396,13990000
2007-05-10T03:00:00Z,5.949999809265137,5.949999809265137,5.849999904632568,5.900000095367432,3.527289628982544,10603000
2007-05-11T03:00:00Z,5.849999904632568,5.900000095367432,5.800000190734863,5.900000095367432,3.527289628982544,11910000
2007-05-14T03:00:00Z,5.900000095367432,5.900000095367432,5.800000190734863,5.800000190734863,3.4675049781799316,13554000
2007-05-15T03:00:00Z,5.75,5.75,5.650000095367432,5.650000095367432,3.37782883644104,15798000
2007-05-16T03:00:00Z,5.650000095367432,5.849999904632568,5.650000095367432,5.75,3.4376132488250732,13215000
2007-05-17T03:00:00Z,5.75,5.849999904632568,5.75,5.800000190734863,3.4675049781799316,16163000
2007-05-18T03:00:00Z,5.800000190734863,5.900000095367432,5.800000190734863,5.800000190734863,3.4675049781799316,9244000
2007-05-21T03:00:00Z,5.849999904632568,5.849999904632568,5.699999809265137,5.75,3.4376132488250732,7585000
2007-05-22T03:00:00Z,5.800000190734863,5.949999809265137,5.800000190734863,5.900000095367432,3.527289628982544,16415000
2007-05-23T03:00:00Z,5.900000095367432,5.900000095367432,5.800000190734863,5.800000190734863,3.4675049781799316,17503000
2007-05-24T03:00:00Z,5.800000190734863,5.800000190734863,5.650000095367432,5.699999809265137,3.4077210426330566,17091000
2007-05-25T03:00:00Z,5.650000095367432,5.699999809265137,5.599999904632568,5.599999904632568,3.347935914993286,7929000
2007-05-28T03:00:00Z,5.650000095367432,5.849999904632568,5.599999904632568,5.849999904632568,3.49739670753479,8546000
2007-05-29T03:00:00Z,5.800000190734863,5.849999904632568,5.550000190734863,5.650000095367432,3.37782883644104,20558000
2007-05-30T03:00:00Z,5.650000095367432,5.800000190734863,5.599999904632568,5.699999809265137,3.4077210426330566,28198000
2007-06-01T03:00:00Z,5.800000190734863,5.900000095367432,5.75,5.849999904632568,3.49739670753479,20039000
2007-06-04T03:00:00Z,5.849999904632568,6,5.849999904632568,5.949999809265137,3.5571820735931396,26074000
2007-06-05T03:00:00Z,5.849999904632568,5.849999904632568,5.699999809265137,5.849999904632568,3.49739670753479,39086000
2007-06-06T03:00:00Z,5.800000190734863,5.800000190734863,5.699999809265137,5.75,3.4376132488250732,10306000
2007-06-07T03:00:00Z,5.75,5.800000190734863,5.699999809265137,5.75,3.4376132488250732,6716000
2007-06-08T03:00:00Z,5.75,5.800000190734863,5.699999809265137,5.75,3.4376132488250732,5123000
2007-06-11T03:00:00Z,5.699999809265137,5.849999904632568,5.699999809265137,5.849999904632568,3.49739670753479,13735000
2007-06-12T03:00:00Z,5.800000190734863,5.849999904632568,5.75,5.800000190734863,3.4675049781799316,28676000
2007-06-13T03:00:00Z,5.75,5.800000190734863,5.699999809265137,5.699999809265137,3.4077210426330566,13730000
2007-06-14T03:00:00Z,5.75,5.800000190734863,5.75,5.75,3.4376132488250732,4526000
2007-06-15T03:00:00Z,5.75,5.849999904632568,5.699999809265137,5.849999904632568,3.49739670753479,35623000
2007-06-18T03:00:00Z,5.900000095367432,5.900000095367432,5.800000190734863,5.849999904632568,3.49739670753479,15751000
2007-06-19T03:00:00Z,5.849999904632568,6.050000190734863,5.849999904632568,5.949999809265137,3.5571820735931396,40583000
2007-06-20T03:00:00Z,6,6,5.900000095367432,5.949999809265137,3.5571820735931396,13778000
2007-06-21T03:00:00Z,6,6.099999904632568,6,6.050000190734863,3.61696720123291,23095000
2007-06-22T03:00:00Z,6,6,5.900000095367432,5.900000095367432,3.527289628982544,44245000
2007-06-25T03:00:00Z,6,6,5.849999904632568,5.849999904632568,3.49739670753479,3621000
2007-06-26T03:00:00Z,5.900000095367432,6,5.900000095367432,5.949999809265137,3.5571820735931396,12899000
2007-06-27T03:00:00Z,5.949999809265137,5.949999809265137,5.900000095367432,5.900000095367432,3.527289628982544,1801000
2007-06-28T03:00:00Z,6,6,5.900000095367432,5.900000095367432,3.527289628982544,30887000
2007-06-29T03:00:00Z,5.949999809265137,6,5.900000095367432,5.900000095367432,3.527289628982544,16443000
2007-07-02T03:00:00Z,5.949999809265137,6.050000190734863,5.900000095367432,6,3.5870747566223145,12742000
2007-07-03T03:00:00Z,6.099999904632568,6.25,6.050000190734863,6.099999904632568,3.6468584537506104,35457000
2007-07-04T03:00:00Z,6.199999809265137,6.300000190734863,6.099999904632568,6.300000190734863,3.7664284706115723,17479000
2007-07-05T03:00:00Z,6.349999904632568,6.400000095367432,6.25,6.400000095367432,3.8262126445770264,16821000
2007-07-06T03:00:00Z,6.400000095367432,6.449999809265137,6.300000190734863,6.449999809265137,3.856104850769043,6382000
2007-07-09T03:00:00Z,6.5,6.5,6.400000095367432,6.5,3.8859965801239014,9731000
2007-07-10T03:00:00Z,6.449999809265137,6.449999809265137,6.25,6.400000095367432,3.8262126445770264,22242000
2007-07-11T03:00:00Z,6.400000095367432,6.400000095367432,6.300000190734863,6.349999904632568,3.796320676803589,10837000
2007-07-12T03:00:00Z,6.400000095367432,6.449999809265137,6.349999904632568,6.400000095367432,3.8262126445770264,4702000
2007-07-13T03:00:00Z,6.5,6.599999904632568,6.449999809265137,6.599999904632568,3.945781707763672,12853000
2007-07-16T03:00:00Z,6.650000095367432,6.800000190734863,6.5,6.550000190734863,3.915889263153076,38394000
2007-07-17T03:00:00Z,6.550000190734863,6.550000190734863,6.25,6.300000190734863,3.7664284706115723,15257000
2007-07-18T03:00:00Z,6.300000190734863,6.300000190734863,6.150000095367432,6.199999809265137,3.7066433429718018,7360000
2007-07-19T03:00:00Z,6.199999809265137,6.199999809265137,6.099999904632568,6.199999809265137,3.7066433429718018,4467000
2007-07-20T03:00:00Z,6.199999809265137,6.300000190734863,6.150000095367432,6.25,3.7365357875823975,3652000
2007-07-23T03:00:00Z,6.199999809265137,6.25,6.150000095367432,6.25,3.7365357875823975,5596000
2007-07-24T03:00:00Z,6.300000190734863,6.400000095367432,6.300000190734863,6.400000095367432,3.8262126445770264,6666000
2007-07-25T03:00:00Z,6.300000190734863,6.400000095367432,6.300000190734863,6.349999904632568,3.796320676803589,7044000
2007-07-26T03:00:00Z,6.449999809265137,6.449999809265137,6.25,6.400000095367432,3.8262126445770264,12139000
2007-07-27T03:00:00Z,6.300000190734863,6.349999904632568,6.199999809265137,6.25,3.7365357875823975,12278000
2007-07-31T03:00:00Z,6.349999904632568,6.550000190734863,6.349999904632568,6.449999809265137,3.856104850769043,31233000
2007-08-01T03:00:00Z,6.449999809265137,6.449999809265137,6.25,6.25,3.7365357875823975,16032000
2007-08-02T03:00:00Z,6.5,6.5,6.349999904632568,6.5,3.8859965801239014,16356000
2007-08-03T03:00:00Z,6.550000190734863,6.550000190734863,6.349999904632568,6.400000095367432,3.8262126445770264,13073000
2007-08-06T03:00:00Z,6.349999904632568,6.349999904632568,6.199999809265137,6.25,3.7365357875823975,9472000
2007-08-07T03:00:00Z,6.300000190734863,6.349999904632568,6.150000095367432,6.199999809265137,3.7066433429718018,6163000
2007-08-08T03:00:00Z,6.199999809265137,6.349999904632568,6.199999809265137,6.300000190734863,3.7664284706115723,21575000
2007-08-09T03:00:00Z,6.349999904632568,6.400000095367432,6.25,6.25,3.7365357875823975,12779000
2007-08-10T03:00:00Z,6.150000095367432,6.199999809265137,6.050000190734863,6.150000095367432,3.676750898361206,20270000
2007-08-14T03:00:00Z,6.150000095367432,6.150000095367432,6,6.050000190734863,3.61696720123291,21784000
2007-08-15T03:00:00Z,6,6,5.900000095367432,5.900000095367432,3.527289628982544,6718000
2007-08-16T03:00:00Z,5.75,5.849999904632568,5.650000095367432,5.699999809265137,3.4077210426330566,12993000
2007-08-17T03:00:00Z,5.699999809265137,5.75,5.5,5.699999809265137,3.4077210426330566,10520000
2007-08-20T03:00:00Z,5.849999904632568,5.849999904632568,5.75,5.800000190734863,3.4675049781799316,12035000
2007-08-21T03:00:00Z,5.900000095367432,5.900000095367432,5.5,5.550000190734863,3.3180437088012695,18025000
2007-08-22T03:00:00Z,5.599999904632568,5.800000190734863,5.599999904632568,5.800000190734863,3.4675049781799316,8134000
2007-08-23T03:00:00Z,5.900000095367432,5.900000095367432,5.800000190734863,5.849999904632568,3.49739670753479,11326000
2007-08-24T03:00:00Z,5.800000190734863,5.800000190734863,5.699999809265137,5.699999809265137,3.4077210426330566,4549000
2007-08-27T03:00:00Z,5.75,5.75,5.599999904632568,5.650000095367432,3.37782883644104,5923000
2007-08-28T03:00:00Z,5.650000095367432,5.650000095367432,5.5,5.550000190734863,3.3180437088012695,10312000
2007-08-29T03:00:00Z,5.5,5.699999809265137,5.5,5.650000095367432,3.37782883644104,8134000
2007-08-30T03:00:00Z,5.699999809265137,5.699999809265137,5.599999904632568,5.599999904632568,3.347935914993286,12266000
2007-08-31T03:00:00Z,5.650000095367432,5.849999904632568,5.599999904632568,5.800000190734863,3.4675049781799316,13058000
2007-09-03T03:00:00Z,5.800000190734863,5.900000095367432,5.75,5.900000095367432,3.527289628982544,2218000
2007-09-04T03:00:00Z,5.849999904632568,5.900000095367432,5.800000190734863,5.900000095367432,3.527289628982544,3197000
2007-09-05T03:00:00Z,5.900000095367432,5.900000095367432,5.800000190734863,5.800000190734863,3.4675049781799316,1912000
2007-09-06T03:00:00Z,5.699999809265137,5.800000190734863,5.699999809265137,5.75,3.4376132488250732,1447000
2007-09-07T03:00:00Z,5.800000190734863,5.800000190734863,5.650000095367432,5.699999809265137,3.4077210426330566,3860000
2007-09-10T03:00:00Z,5.650000095367432,5.650000095367432,5.550000190734863,5.599999904632568,3.347935914993286,2952000
2007-09-11T03:00:00Z,5.599999904632568,5.650000095367432,5.550000190734863,5.550000190734863,3.3180437088012695,3841000
2007-09-12T03:00:00Z,5.599999904632568,5.699999809265137,5.550000190734863,5.699999809265137,3.4077210426330566,4979000
2007-09-13T03:00:00Z,5.650000095367432,5.699999809265137,5.650000095367432,5.650000095367432,3.37782883644104,3414000
2007-09-14T03:00:00Z,5.699999809265137,5.849999904632568,5.699999809265137,5.800000190734863,3.4675049781799316,10061000
2007-09-17T03:00:00Z,5.800000190734863,5.900000095367432,5.800000190734863,5.849999904632568,3.49739670753479,9011000
2007-09-18T03:00:00Z,5.800000190734863,5.849999904632568,5.800000190734863,5.800000190734863,3.4675049781799316,4299000
2007-09-19T03:00:00Z,5.849999904632568,5.900000095367432,5.849999904632568,5.900000095367432,3.527289628982544,7343000
2007-09-20T03:00:00Z,5.900000095367432,5.949999809265137,5.800000190734863,5.800000190734863,3.4675049781799316,5458000
2007-09-21T03:00:00Z,5.800000190734863,5.949999809265137,5.800000190734863,5.900000095367432,3.527289628982544,11073000
2007-09-24T03:00:00Z,5.900000095367432,6.099999904632568,5.900000095367432,6,3.5870747566223145,11378000
2007-09-25T03:00:00Z,6,6,5.849999904632568,5.900000095367432,3.527289628982544,7740000
2007-09-26T03:00:00Z,5.949999809265137,6.099999904632568,5.949999809265137,6.050000190734863,3.61696720123291,6289000
2007-09-27T03:00:00Z,6.099999904632568,6.199999809265137,6.050000190734863,6.099999904632568,3.6468584537506104,11016000
2007-09-28T03:00:00Z,6.099999904632568,6.300000190734863,6.099999904632568,6.199999809265137,3.7066433429718018,12433000
2007-10-01T03:00:00Z,6.25,6.349999904632568,6.25,6.349999904632568,3.796320676803589,7068000
2007-10-02T03:00:00Z,6.400000095367432,6.449999809265137,6.300000190734863,6.449999809265137,3.856104850769043,11375000
2007-10-03T03:00:00Z,6.449999809265137,6.449999809265137,6.25,6.400000095367432,3.8262126445770264,12027000
2007-10-04T03:00:00Z,6.5,6.5,6.349999904632568,6.400000095367432,3.8262126445770264,3708000
2007-10-05T03:00:00Z,6.400000095367432,6.400000095367432,6.349999904632568,6.400000095367432,3.8262126445770264,3785000
2007-10-08T03:00:00Z,6.400000095367432,6.550000190734863,6.400000095367432,6.449999809265137,3.856104850769043,10071000
2007-10-09T03:00:00Z,6.449999809265137,6.5,6.349999904632568,6.5,3.8859965801239014,5438000
2007-10-10T03:00:00Z,6.550000190734863,6.550000190734863,6.25,6.25,3.7365357875823975,13011000
2007-10-11T03:00:00Z,6.300000190734863,6.349999904632568,6.199999809265137,6.25,3.7365357875823975,14721000
2007-10-12T03:00:00Z,6.25,6.300000190734863,6.199999809265137,6.199999809265137,3.7066433429718018,9931000
2007-10-15T03:00:00Z,6.199999809265137,6.25,6.150000095367432,6.199999809265137,3.7066433429718018,2325000
2007-10-16T03:00:00Z,6.199999809265137,6.25,6.099999904632568,6.150000095367432,3.676750898361206,18121000
2007-10-17T03:00:00Z,6.150000095367432,6.199999809265137,6.099999904632568,6.150000095367432,3.676750898361206,1823000
2007-10-18T03:00:00Z,6.199999809265137,6.25,6.199999809265137,6.25,3.7365357875823975,10369000
2007-10-19T03:00:00Z,6.25,6.25,6.199999809265137,6.199999809265137,3.7066433429718018,8808000
2007-10-22T03:00:00Z,6.199999809265137,6.199999809265137,6.050000190734863,6.199999809265137,3.7066433429718018,6718000
2007-10-24T03:00:00Z,6.25,6.300000190734863,6.150000095367432,6.199999809265137,3.7066433429718018,5113000
2007-10-25T03:00:00Z,6.199999809265137,6.300000190734863,6.150000095367432,6.300000190734863,3.7664284706115723,4300000
2007-10-26T03:00:00Z,6.300000190734863,6.300000190734863,6.099999904632568,6.099999904632568,3.6468584537506104,7377000
2007-10-29T03:00:00Z,6.25,6.300000190734863,6.150000095367432,6.150000095367432,3.676750898361206,4774000
2007-10-30T03:00:00Z,6.25,6.300000190734863,6.150000095367432,6.199999809265137,3.7066433429718018,6462000
2007-10-31T03:00:00Z,6.199999809265137,6.25,6.099999904632568,6.099999904632568,3.6468584537506104,11390000
2007-11-01T03:00:00Z,6.199999809265137,6.25,6.150000095367432,6.25,3.7365357875823975,2588000
2007-11-02T03:00:00Z,6.25,6.300000190734863,6.199999809265137,6.300000190734863,3.7664284706115723,2375000
2007-11-05T03:00:00Z,6.300000190734863,6.349999904632568,6.150000095367432,6.150000095367432,3.676750898361206,6211000
2007-11-06T03:00:00Z,6.25,6.25,6.150000095367432,6.25,3.7365357875823975,712000
2007-11-07T03:00:00Z,6.300000190734863,6.300000190734863,6.199999809265137,6.199999809265137,3.7066433429718018,2640000
2007-11-08T03:00:00Z,6.199999809265137,6.25,6.099999904632568,6.25,3.7365357875823975,6636000
2007-11-09T03:00:00Z,6.25,6.300000190734863,6.25,6.25,3.7365357875823975,7939000
2007-11-12T03:00:00Z,6.150000095367432,6.199999809265137,6.099999904632568,6.199999809265137,3.7066433429718018,7235000
2007-11-13T03:00:00Z,6.099999904632568,6.199999809265137,6.050000190734863,6.199999809265137,3.7066433429718018,13222000
2007-11-14T03:00:00Z,6.199999809265137,6.449999809265137,6.150000095367432,6.400000095367432,3.8262126445770264,14319000
2007-11-15T03:00:00Z,6.400000095367432,6.5,6.349999904632568,6.400000095367432,3.8262126445770264,6340000
2007-11-16T03:00:00Z,6.349999904632568,6.449999809265137,6.300000190734863,6.449999809265137,3.856104850769043,4566000
2007-11-19T03:00:00Z,6.300000190734863,6.349999904632568,6.199999809265137,6.300000190734863,3.7664284706115723,7098000
2007-11-20T03:00:00Z,6.150000095367432,6.25,6.099999904632568,6.199999809265137,3.7066433429718018,7279000
2007-11-21T03:00:00Z,6.199999809265137,6.199999809265137,5.900000095367432,6,3.5870747566223145,13327000
2007-11-22T03:00:00Z,6,6,5.849999904632568,5.849999904632568,3.49739670753479,4533000
2007-11-23T03:00:00Z,5.949999809265137,6,5.849999904632568,6,3.5870747566223145,3244000
2007-11-26T03:00:00Z,6.050000190734863,6.099999904632568,5.949999809265137,6.050000190734863,3.61696720123291,5445000
2007-11-27T03:00:00Z,5.900000095367432,5.949999809265137,5.800000190734863,5.900000095367432,3.527289628982544,11102000
2007-11-28T03:00:00Z,5.900000095367432,5.900000095367432,5.800000190734863,5.800000190734863,3.4675049781799316,6224000
2007-11-29T03:00:00Z,5.949999809265137,5.949999809265137,5.650000095367432,5.75,3.4376132488250732,17308000
2007-11-30T03:00:00Z,5.75,5.800000190734863,5.650000095367432,5.699999809265137,3.4077210426330566,10861000
2007-12-03T03:00:00Z,5.699999809265137,5.900000095367432,5.699999809265137,5.800000190734863,3.4675049781799316,22707000
2007-12-04T03:00:00Z,5.75,5.849999904632568,5.75,5.849999904632568,3.49739670753479,3759000
2007-12-06T03:00:00Z,5.900000095367432,5.900000095367432,5.75,5.75,3.4376132488250732,8406000
2007-12-07T03:00:00Z,5.800000190734863,5.800000190734863,5.699999809265137,5.75,3.4376132488250732,23091000
2007-12-11T03:00:00Z,5.75,5.75,5.599999904632568,5.650000095367432,3.37782883644104,21391000
2007-12-12T03:00:00Z,5.650000095367432,5.699999809265137,5.449999809265137,5.550000190734863,3.3180437088012695,23692000
2007-12-13T03:00:00Z,5.550000190734863,5.550000190734863,5.400000095367432,5.5,3.288151979446411,12201000
2007-12-14T03:00:00Z,5.5,5.599999904632568,5.449999809265137,5.550000190734863,3.3180437088012695,29601000
2007-12-17T03:00:00Z,5.550000190734863,5.550000190734863,5.449999809265137,5.5,3.288151979446411,10606000
2007-12-18T03:00:00Z,5.5,5.650000095367432,5.5,5.650000095367432,3.37782883644104,7781000
2007-12-19T03:00:00Z,5.650000095367432,5.650000095367432,5.550000190734863,5.650000095367432,3.37782883644104,3348000
2007-12-20T03:00:00Z,5.699999809265137,5.699999809265137,5.599999904632568,5.650000095367432,3.37782883644104,14922000
2007-12-21T03:00:00Z,5.650000095367432,5.800000190734863,5.650000095367432,5.800000190734863,3.4675049781799316,5776000
2007-12-24T03:00:00Z,5.800000190734863,5.800000190734863,5.800000190734863,5.800000190734863,3.4675049781799316,0
2007-12-25T03:00:00Z,5.800000190734863,5.849999904632568,5.800000190734863,5.849999904632568,3.49739670753479,2884000
2007-12-26T03:00:00Z,5.849999904632568,5.849999904632568,5.800000190734863,5.800000190734863,3.4675049781799316,1230000
2007-12-27T03:00:00Z,5.800000190734863,5.800000190734863,5.650000095367432,5.699999809265137,3.4077210426330566,3396000
2007-12-28T03:00:00Z,5.699999809265137,5.900000095367432,5.699999809265137,5.75,3.461907386779785,6129000
2008-01-02T03:00:00Z,5.75,5.75,5.650000095367432,5.650000095367432,3.401700496673584,1780000
2008-01-03T03:00:00Z,5.650000095367432,5.699999809265137,5.599999904632568,5.650000095367432,3.401700496673584,1872000
2008-01-04T03:00:00Z,5.650000095367432,5.699999809265137,5.550000190734863,5.550000190734863,3.3414926528930664,1652000
2008-01-07T03:00:00Z,5.550000190734863,5.599999904632568,5.5,5.550000190734863,3.3414926528930664,1511000
2008-01-08T03:00:00Z,5.599999904632568,5.699999809265137,5.599999904632568,5.599999904632568,3.371596336364746,2138000
2008-01-09T03:00:00Z,5.650000095367432,5.800000190734863,5.599999904632568,5.650000095367432,3.401700496673584,2319000
2008-01-10T03:00:00Z,5.650000095367432,5.650000095367432,5.5,5.550000190734863,3.3414926528930664,4602000
2008-01-11T03:00:00Z,5.550000190734863,5.550000190734863,5.5,5.5,3.311389923095703,4103000
2008-01-14T03:00:00Z,5.5,5.550000190734863,5.349999904632568,5.400000095367432,3.2511820793151855,3191000
2008-01-15T03:00:00Z,5.550000190734863,5.550000190734863,5.300000190734863,5.300000190734863,3.1909754276275635,3932000
2008-01-16T03:00:00Z,5.300000190734863,5.349999904632568,5.150000095367432,5.25,3.1608712673187256,6936000
2008-01-17T03:00:00Z,5.199999809265137,5.349999904632568,5.199999809265137,5.349999904632568,3.2210793495178223,3890000
2008-01-18T03:00:00Z,5.25,5.300000190734863,5.150000095367432,5.199999809265137,3.130767822265625,5485000
2008-01-21T03:00:00Z,5.199999809265137,5.349999904632568,5.099999904632568,5.099999904632568,3.070560932159424,9068000
2008-01-22T03:00:00Z,5,5.099999904632568,4.849999904632568,5,3.0103542804718018,6147000
2008-01-23T03:00:00Z,5.099999904632568,5.099999904632568,4.974999904632568,5,3.0103542804718018,12455000
2008-01-24T03:00:00Z,5,5.150000095367432,5,5,3.0103542804718018,4523000
2008-01-25T03:00:00Z,5.050000190734863,5.199999809265137,4.974999904632568,5.099999904632568,3.070560932159424,13315000
2008-01-28T03:00:00Z,5.099999904632568,5.099999904632568,4.974999904632568,5,3.0103542804718018,11861000
2008-01-29T03:00:00Z,5.050000190734863,5.199999809265137,5.050000190734863,5.150000095367432,3.1006648540496826,2837000
2008-01-30T03:00:00Z,5.25,5.25,5.150000095367432,5.25,3.1608712673187256,9033000
2008-01-31T03:00:00Z,5.25,5.550000190734863,5.199999809265137,5.400000095367432,3.2511820793151855,15205000
2008-02-01T03:00:00Z,5.550000190734863,5.900000095367432,5.550000190734863,5.75,3.461907386779785,14787000
2008-02-04T03:00:00Z,5.75,5.75,5.5,5.599999904632568,3.371596336364746,14229000
2008-02-05T03:00:00Z,5.550000190734863,5.800000190734863,5.5,5.699999809265137,3.4318041801452637,7012000
2008-02-06T03:00:00Z,5.550000190734863,5.75,5.550000190734863,5.699999809265137,3.4318041801452637,7494000
2008-02-07T03:00:00Z,5.699999809265137,5.75,5.599999904632568,5.650000095367432,3.401700496673584,3255000
2008-02-08T03:00:00Z,5.650000095367432,5.849999904632568,5.650000095367432,5.75,3.461907386779785,10779000
2008-02-11T03:00:00Z,5.75,5.75,5.550000190734863,5.550000190734863,3.3414926528930664,6973000
2008-02-12T03:00:00Z,5.599999904632568,5.699999809265137,5.599999904632568,5.650000095367432,3.401700496673584,8022000
2008-02-13T03:00:00Z,5.650000095367432,5.650000095367432,5.550000190734863,5.599999904632568,3.371596336364746,14447000
2008-02-14T03:00:00Z,5.650000095367432,5.699999809265137,5.5,5.550000190734863,3.3414926528930664,18542000
2008-02-15T03:00:00Z,5.550000190734863,5.699999809265137,5.5,5.599999904632568,3.371596336364746,22341000
2008-02-18T03:00:00Z,5.699999809265137,6,5.699999809265137,5.900000095367432,3.552217483520508,34376000
2008-02-19T03:00:00Z,5.949999809265137,6,5.849999904632568,5.849999904632568,3.52211332321167,16752000
2008-02-20T03:00:00Z,5.800000190734863,5.849999904632568,5.599999904632568,5.650000095367432,3.401700496673584,11953000
2008-02-22T03:00:00Z,5.650000095367432,5.75,5.599999904632568,5.75,3.461907386779785,22216000
2008-02-25T03:00:00Z,5.800000190734863,5.800000190734863,5.599999904632568,5.650000095367432,3.401700496673584,17233000
2008-02-26T03:00:00Z,5.699999809265137,5.800000190734863,5.599999904632568,5.650000095367432,3.401700496673584,15393000
2008-02-27T03:00:00Z,5.699999809265137,5.699999809265137,5.650000095367432,5.650000095367432,3.401700496673584,3082000
2008-02-28T03:00:00Z,5.699999809265137,5.800000190734863,5.699999809265137,5.75,3.461907386779785,32862000
2008-02-29T03:00:00Z,5.75,5.75,5.699999809265137,5.699999809265137,3.4318041801452637,7493000
2008-03-03T03:00:00Z,5.699999809265137,5.849999904632568,5.699999809265137,5.849999904632568,3.52211332321167,28608000
2008-03-04T03:00:00Z,5.849999904632568,5.900000095367432,5.800000190734863,5.800000190734863,3.4920103549957275,10996000
2008-03-05T03:00:00Z,5.800000190734863,5.849999904632568,5.699999809265137,5.699999809265137,3.4318041801452637,7195000
2008-03-06T03:00:00Z,5.75,5.800000190734863,5.650000095367432,5.699999809265137,3.4318041801452637,22241000
2008-03-07T03:00:00Z,5.650000095367432,5.75,5.599999904632568,5.650000095367432,3.401700496673584,10213000
2008-03-10T03:00:00Z,5.650000095367432,5.699999809265137,5.599999904632568,5.699999809265137,3.4318041801452637,6807000
2008-03-11T03:00:00Z,5.699999809265137,5.699999809265137,5.599999904632568,5.650000095367432,3.401700496673584,19999000
2008-03-12T03:00:00Z,5.75,5.800000190734863,5.699999809265137,5.75,3.461907386779785,14793000
2008-03-13T03:00:00Z,5.699999809265137,5.75,5.650000095367432,5.650000095367432,3.401700496673584,2254000
2008-03-14T03:00:00Z,5.699999809265137,5.699999809265137,5.650000095367432,5.650000095367432,3.401700496673584,2843000
2008-03-17T03:00:00Z,5.550000190734863,5.650000095367432,5.5,5.550000190734863,3.3414926528930664,9196000
2008-03-18T03:00:00Z,5.5,5.650000095367432,5.5,5.650000095367432,3.401700496673584,5877000
2008-03-19T03:00:00Z,5.699999809265137,5.699999809265137,5.650000095367432,5.699999809265137,3.4318041801452637,7010000
2008-03-20T03:00:00Z,5.599999904632568,5.699999809265137,5.599999904632568,5.599999904632568,3.371596336364746,1656000
2008-03-21T03:00:00Z,5.599999904632568,5.699999809265137,5.550000190734863,5.699999809265137,3.4318041801452637,4764000
2008-03-24T03:00:00Z,5.699999809265137,5.699999809265137,5.599999904632568,5.699999809265137,3.4318041801452637,850000
2008-03-25T03:00:00Z,5.699999809265137,5.75,5.599999904632568,5.699999809265137,3.4318041801452637,10945000
2008-03-26T03:00:00Z,5.699999809265137,5.699999809265137,5.650000095367432,5.650000095367432,3.401700496673584,7832000
2008-03-27T03:00:00Z,5.650000095367432,5.699999809265137,5.650000095367432,5.699999809265137,3.4318041801452637,2972000
2008-03-28T03:00:00Z,5.699999809265137,5.75,5.650000095367432,5.75,3.461907386779785,2802000
2008-03-31T03:00:00Z,5.699999809265137,5.699999809265137,5.599999904632568,5.699999809265137,3.4318041801452637,8500000
2008-04-01T03:00:00Z,5.699999809265137,5.699999809265137,5.650000095367432,5.650000095367432,3.401700496673584,9718000
2008-04-02T03:00:00Z,5.650000095367432,5.699999809265137,5.599999904632568,5.650000095367432,3.401700496673584,12536000
2008-04-03T03:00:00Z,5.599999904632568,5.650000095367432,5.599999904632568,5.650000095367432,3.401700496673584,3948000
2008-04-04T03:00:00Z,5.650000095367432,5.650000095367432,5.599999904632568,5.650000095367432,3.401700496673584,4586000
2008-04-08T03:00:00Z,5.650000095367432,5.650000095367432,5.599999904632568,5.650000095367432,3.401700496673584,4311000
2008-04-09T03:00:00Z,5.650000095367432,5.650000095367432,5.599999904632568,5.599999904632568,3.371596336364746,3597000
2008-04-10T03:00:00Z,5.599999904632568,5.599999904632568,5.550000190734863,5.550000190734863,3.3414926528930664,4652000
2008-04-11T03:00:00Z,5.550000190734863,5.699999809265137,5.550000190734863,5.650000095367432,3.401700496673584,6514000
2008-04-16T03:00:00Z,5.650000095367432,5.650000095367432,5.599999904632568,5.599999904632568,3.371596336364746,7525000
2008-04-17T03:00:00Z,5.599999904632568,5.650000095367432,5.449999809265137,5.449999809265137,3.281285524368286,26940000
2008-04-18T03:00:00Z,5.449999809265137,5.5,5.449999809265137,5.449999809265137,3.281285524368286,7552000
2008-04-21T03:00:00Z,5.5,5.550000190734863,5.449999809265137,5.449999809265137,3.281285524368286,5629000
2008-04-22T03:00:00Z,5.449999809265137,5.5,5.449999809265137,5.5,3.311389923095703,1791000
2008-04-23T03:00:00Z,5.5,5.5,5.400000095367432,5.400000095367432,3.2511820793151855,3118000
2008-04-24T03:00:00Z,5.449999809265137,5.449999809265137,5.25,5.349999904632568,3.2210793495178223,12535000
2008-04-25T03:00:00Z,5.349999904632568,5.400000095367432,5.25,5.300000190734863,3.1909754276275635,10411000
2008-04-28T03:00:00Z,5.449999809265137,5.449999809265137,5.349999904632568,5.400000095367432,3.2511820793151855,5293000
2008-04-29T03:00:00Z,5.449999809265137,5.599999904632568,5.400000095367432,5.5,3.311389923095703,10934000
2008-04-30T03:00:00Z,5.5,5.5,5.449999809265137,5.5,3.311389923095703,4964000
2008-05-02T03:00:00Z,5.5,5.550000190734863,5.5,5.5,3.311389923095703,13132000
2008-05-06T03:00:00Z,5.599999904632568,5.599999904632568,5.550000190734863,5.550000190734863,3.3414926528930664,7665000
2008-05-07T03:00:00Z,5.550000190734863,5.550000190734863,5.5,5.550000190734863,3.3414926528930664,6372000
2008-05-08T03:00:00Z,5.5,5.599999904632568,5.449999809265137,5.5,3.311389923095703,19483000
2008-05-09T03:00:00Z,5.5,5.550000190734863,5.449999809265137,5.550000190734863,3.3414926528930664,6153000
2008-05-12T03:00:00Z,5.5,5.5,5.449999809265137,5.5,3.311389923095703,1753000
2008-05-13T03:00:00Z,5.5,5.550000190734863,5.5,5.550000190734863,3.3414926528930664,6713000
2008-05-14T03:00:00Z,5.550000190734863,5.550000190734863,5.5,5.5,3.311389923095703,4297000
2008-05-15T03:00:00Z,5.550000190734863,5.650000095367432,5.550000190734863,5.550000190734863,3.3414926528930664,8067000
2008-05-16T03:00:00Z,5.599999904632568,5.650000095367432,5.550000190734863,5.599999904632568,3.371596336364746,9956000
2008-05-20T03:00:00Z,5.650000095367432,5.650000095367432,5.550000190734863,5.599999904632568,3.371596336364746,7866000
2008-05-21T03:00:00Z,5.599999904632568,5.599999904632568,5.5,5.599999904632568,3.371596336364746,5347000
2008-05-22T03:00:00Z,5.599999904632568,5.599999904632568,5.5,5.550000190734863,3.3414926528930664,9290000
2008-05-23T03:00:00Z,5.550000190734863,5.800000190734863,5.550000190734863,5.599999904632568,3.371596336364746,37082000
2008-05-26T03:00:00Z,5.550000190734863,5.599999904632568,5.5,5.599999904632568,3.371596336364746,8433000
2008-05-27T03:00:00Z,5.599999904632568,5.599999904632568,5.550000190734863,5.550000190734863,3.3414926528930664,7746000
2008-05-28T03:00:00Z,5.550000190734863,5.650000095367432,5.5,5.599999904632568,3.371596336364746,13315000
2008-05-29T03:00:00Z,5.599999904632568,5.599999904632568,5.550000190734863,5.599999904632568,3.371596336364746,6722000
2008-05-30T03:00:00Z,5.550000190734863,5.550000190734863,5.349999904632568,5.349999904632568,3.2210793495178223,26331000
2008-06-02T03:00:00Z,5.349999904632568,5.449999809265137,5.25,5.400000095367432,3.2511820793151855,12419000
2008-06-03T03:00:00Z,5.400000095367432,5.449999809265137,5.300000190734863,5.400000095367432,3.2511820793151855,7368000
2008-06-04T03:00:00Z,5.400000095367432,5.599999904632568,5.400000095367432,5.599999904632568,3.371596336364746,13388000
2008-06-05T03:00:00Z,5.550000190734863,5.599999904632568,5.300000190734863,5.349999904632568,3.2210793495178223,20208000
2008-06-06T03:00:00Z,5.349999904632568,5.400000095367432,5.199999809265137,5.300000190734863,3.1909754276275635,25846000
2008-06-09T03:00:00Z,5.199999809265137,5.300000190734863,5.199999809265137,5.25,3.1608712673187256,6542000
2008-06-10T03:00:00Z,5.199999809265137,5.25,5.150000095367432,5.199999809265137,3.130767822265625,7630000
2008-06-11T03:00:00Z,5.199999809265137,5.25,5.150000095367432,5.25,3.1608712673187256,2989000
2008-06-12T03:00:00Z,5.199999809265137,5.199999809265137,5,5.099999904632568,3.070560932159424,10020000
2008-06-13T03:00:00Z,5.099999904632568,5.199999809265137,5.050000190734863,5.150000095367432,3.1006648540496826,5232000
2008-06-16T03:00:00Z,5.199999809265137,5.199999809265137,5.150000095367432,5.199999809265137,3.130767822265625,7087000
2008-06-17T03:00:00Z,5.150000095367432,5.199999809265137,5,5.050000190734863,3.0404577255249023,7494000
2008-06-18T03:00:00Z,5.050000190734863,5.050000190734863,4.974999904632568,5,3.0103542804718018,10274000
2008-06-19T03:00:00Z,4.974999904632568,4.974999904632568,4.824999809265137,4.875,2.9350955486297607,7398000
2008-06-20T03:00:00Z,4.875,4.875,4.775000095367432,4.824999809265137,2.904991388320923,18518000
2008-06-23T03:00:00Z,4.775000095367432,4.925000190734863,4.775000095367432,4.849999904632568,2.9200432300567627,13189000
2008-06-24T03:00:00Z,4.800000190734863,4.849999904632568,4.775000095367432,4.775000095367432,2.8748881816864014,20243000
2008-06-25T03:00:00Z,4.75,4.900000095367432,4.724999904632568,4.875,2.9350955486297607,16802000
2008-06-26T03:00:00Z,4.875,4.925000190734863,4.800000190734863,4.875,2.9350955486297607,4625000
2008-06-27T03:00:00Z,4.775000095367432,4.925000190734863,4.775000095367432,4.875,2.9350955486297607,9638000
2008-06-30T03:00:00Z,4.875,4.875,4.75,4.875,2.9350955486297607,5835000
2008-07-02T03:00:00Z,4.875,4.875,4.675000190734863,4.699999809265137,2.829732656478882,11081000
2008-07-03T03:00:00Z,4.574999809265137,4.599999904632568,4.224999904632568,4.224999904632568,2.5437490940093994,20828000
2008-07-04T03:00:00Z,4.25,4.425000190734863,4.199999809265137,4.400000095367432,2.649111032485962,12271000
2008-07-07T03:00:00Z,4.349999904632568,4.425000190734863,4.300000190734863,4.375,2.6340599060058594,14725000
2008-07-08T03:00:00Z,4.400000095367432,4.400000095367432,4.275000095367432,4.300000190734863,2.5889041423797607,11768000
2008-07-09T03:00:00Z,4.400000095367432,4.425000190734863,4.324999809265137,4.375,2.6340599060058594,11241000
2008-07-10T03:00:00Z,4.375,4.599999904632568,4.324999809265137,4.449999809265137,2.6792149543762207,8927000
2008-07-11T03:00:00Z,4.474999904632568,4.599999904632568,4.449999809265137,4.599999904632568,2.7695252895355225,2345000
2008-07-14T03:00:00Z,4.599999904632568,4.599999904632568,4.550000190734863,4.599999904632568,2.7695252895355225,5088000
2008-07-15T03:00:00Z,4.550000190734863,4.550000190734863,4.300000190734863,4.349999904632568,2.6190080642700195,7769000
2008-07-16T03:00:00Z,4.5,4.5,4.375,4.400000095367432,2.649111032485962,5563000
2008-07-18T03:00:00Z,4.400000095367432,4.425000190734863,4.150000095367432,4.199999809265137,2.5286972522735596,12612000
2008-07-21T03:00:00Z,4.224999904632568,4.224999904632568,4.074999809265137,4.099999904632568,2.4684898853302,15418000
2008-07-22T03:00:00Z,4.125,4.175000190734863,4.050000190734863,4.099999904632568,2.4684898853302,8327000
2008-07-23T03:00:00Z,4.150000095367432,4.224999904632568,4.099999904632568,4.150000095367432,2.498593330383301,13317000
2008-07-24T03:00:00Z,4.150000095367432,4.199999809265137,4.125,4.150000095367432,2.498593330383301,8701000
2008-07-25T03:00:00Z,4.125,4.125,4.050000190734863,4.074999809265137,2.4534382820129395,4154000
2008-07-28T03:00:00Z,4.074999809265137,4.099999904632568,4.050000190734863,4.050000190734863,2.4383866786956787,1568000
2008-07-29T03:00:00Z,4.099999904632568,4.099999904632568,3.9749999046325684,4,2.408283233642578,3704000
2008-07-30T03:00:00Z,4.025000095367432,4.025000095367432,3.9000000953674316,3.9000000953674316,2.348076105117798,5414000
2008-07-31T03:00:00Z,3.9000000953674316,3.924999952316284,3.799999952316284,3.825000047683716,2.302920341491699,7520000
2008-08-01T03:00:00Z,3.799999952316284,3.825000047683716,3.75,3.825000047683716,2.302920341491699,3457000
2008-08-04T03:00:00Z,3.8499999046325684,3.8499999046325684,3.7750000953674316,3.7750000953674316,2.2728171348571777,3397000
2008-08-05T03:00:00Z,3.7750000953674316,3.7750000953674316,3.700000047683716,3.7750000953674316,2.2728171348571777,4629000
2008-08-06T03:00:00Z,3.799999952316284,3.875,3.7750000953674316,3.825000047683716,2.302920341491699,12809000
2008-08-07T03:00:00Z,3.825000047683716,3.9749999046325684,3.799999952316284,3.9749999046325684,2.3932316303253174,32797000
2008-08-08T03:00:00Z,3.924999952316284,3.950000047683716,3.8499999046325684,3.875,2.333024263381958,8777000
2008-08-11T03:00:00Z,3.9749999046325684,4.025000095367432,3.875,3.950000047683716,2.3781793117523193,31491000
2008-08-13T03:00:00Z,3.9000000953674316,4,3.9000000953674316,3.9749999046325684,2.3932316303253174,27339000
2008-08-14T03:00:00Z,4,4.025000095367432,3.950000047683716,4,2.408283233642578,28824000
2008-08-15T03:00:00Z,4,4.025000095367432,3.950000047683716,4,2.408283233642578,7397000
2008-08-18T03:00:00Z,4,4,3.924999952316284,3.924999952316284,2.3631277084350586,3713000
2008-08-19T03:00:00Z,3.9000000953674316,3.924999952316284,3.8499999046325684,3.875,2.333024263381958,7179000
2008-08-20T03:00:00Z,3.875,3.924999952316284,3.8499999046325684,3.875,2.333024263381958,2882000
2008-08-21T03:00:00Z,3.9000000953674316,3.9000000953674316,3.799999952316284,3.799999952316284,2.2878692150115967,2612000
2008-08-22T03:00:00Z,3.799999952316284,3.9000000953674316,3.799999952316284,3.8499999046325684,2.317972183227539,7316000
2008-08-25T03:00:00Z,3.8499999046325684,3.875,3.8499999046325684,3.8499999046325684,2.317972183227539,1427000
2008-08-26T03:00:00Z,3.799999952316284,3.9000000953674316,3.799999952316284,3.9000000953674316,2.348076105117798,5421000
2008-08-27T03:00:00Z,3.9000000953674316,3.9000000953674316,3.875,3.9000000953674316,2.348076105117798,2216000
2008-08-28T03:00:00Z,3.9000000953674316,3.924999952316284,3.8499999046325684,3.875,2.333024263381958,5606000
2008-08-29T03:00:00Z,3.875,3.875,3.799999952316284,3.799999952316284,2.2878692150115967,5762000
2008-09-01T03:00:00Z,3.799999952316284,3.9000000953674316,3.75,3.75,2.257765293121338,4418000
2008-09-02T03:00:00Z,3.700000047683716,3.7750000953674316,3.700000047683716,3.700000047683716,2.2276620864868164,5287000
2008-09-03T03:00:00Z,3.700000047683716,3.7249999046325684,3.674999952316284,3.700000047683716,2.2276620864868164,5124000
2008-09-04T03:00:00Z,3.6500000953674316,3.674999952316284,3.5999999046325684,3.625,2.1825063228607178,4864000
2008-09-05T03:00:00Z,3.5999999046325684,3.700000047683716,3.5999999046325684,3.700000047683716,2.2276620864868164,2390000
2008-09-08T03:00:00Z,3.700000047683716,3.75,3.700000047683716,3.75,2.257765293121338,4078000
2008-09-09T03:00:00Z,3.700000047683716,3.7249999046325684,3.6500000953674316,3.674999952316284,2.2126097679138184,2724000
2008-09-10T03:00:00Z,3.674999952316284,3.7750000953674316,3.674999952316284,3.75,2.257765293121338,4069000
2008-09-11T03:00:00Z,3.7750000953674316,3.7750000953674316,3.6500000953674316,3.6500000953674316,2.197558879852295,3789000
2008-09-12T03:00:00Z,3.674999952316284,3.674999952316284,3.6500000953674316,3.674999952316284,2.2126097679138184,1877000
2008-09-15T03:00:00Z,3.7249999046325684,3.75,3.6500000953674316,3.75,2.257765293121338,2466000
2008-09-16T03:00:00Z,3.625,3.7249999046325684,3.5999999046325684,3.674999952316284,2.2126097679138184,4775000
2008-09-17T03:00:00Z,3.674999952316284,3.7249999046325684,3.674999952316284,3.700000047683716,2.2276620864868164,7167000
2008-09-18T03:00:00Z,3.625,3.700000047683716,3.549999952316284,3.674999952316284,2.2126097679138184,6636000
2008-09-19T03:00:00Z,3.700000047683716,3.75,3.6500000953674316,3.6500000953674316,2.197558879852295,5862000
2008-09-22T03:00:00Z,3.6500000953674316,3.6500000953674316,3.5,3.5250000953674316,2.1222996711730957,4619000
2008-09-23T03:00:00Z,3.5,3.5,3.4000000953674316,3.4000000953674316,2.0470407009124756,4709000
2008-09-24T03:00:00Z,3.375,3.450000047683716,3.375,3.4000000953674316,2.0470407009124756,2634000
2008-09-25T03:00:00Z,3.4000000953674316,3.4000000953674316,3.299999952316284,3.325000047683716,2.001885414123535,5016000
2008-09-26T03:00:00Z,3.325000047683716,3.325000047683716,3.25,3.325000047683716,2.001885414123535,3140000
2008-09-29T03:00:00Z,3.3499999046325684,3.3499999046325684,3.125,3.125,1.8814712762832642,3701000
2008-09-30T03:00:00Z,2.875,3.1500000953674316,2.875,3.0999999046325684,1.8664193153381348,10274000
2008-10-01T03:00:00Z,3.1500000953674316,3.174999952316284,3.049999952316284,3.0999999046325684,1.8664193153381348,4746000
2008-10-02T03:00:00Z,3.0999999046325684,3.1500000953674316,3.0999999046325684,3.0999999046325684,1.8664193153381348,5342000
2008-10-03T03:00:00Z,3.0999999046325684,3.0999999046325684,2.950000047683716,2.9749999046325684,1.7911605834960938,6821000
2008-10-06T03:00:00Z,2.924999952316284,2.924999952316284,2.700000047683716,2.700000047683716,1.6255910396575928,6968000
2008-10-07T03:00:00Z,2.5250000953674316,2.625,2.4600000381469727,2.4600000381469727,1.4810937643051147,10151000
2008-10-08T03:00:00Z,2.4200000762939453,2.4200000762939453,2.1500000953674316,2.1500000953674316,1.2944520711898804,13470000
2008-10-09T03:00:00Z,2.1700000762939453,2.180000066757202,2,2,1.204141616821289,16354000
2008-10-10T03:00:00Z,1.8899999856948853,1.909999966621399,1.850000023841858,1.850000023841858,1.1138310432434082,15188000
2008-10-13T03:00:00Z,1.8700000047683716,2.009999990463257,1.8700000047683716,1.9900000095367432,1.1981208324432373,10484000
2008-10-14T03:00:00Z,2.0999999046325684,2.25,2.0799999237060547,2.1700000762939453,1.3064937591552734,16418000
2008-10-15T03:00:00Z,2.1700000762939453,2.2699999809265137,2.1600000858306885,2.1600000858306885,1.3004730939865112,12950000
2008-10-16T03:00:00Z,2.0799999237060547,2.130000114440918,2.009999990463257,2.0799999237060547,1.2523070573806763,15676000
2008-10-17T03:00:00Z,2.0899999141693115,2.240000009536743,2.0799999237060547,2.0999999046325684,1.2643486261367798,14808000
2008-10-20T03:00:00Z,2.119999885559082,2.1600000858306885,2.109999895095825,2.119999885559082,1.2763898372650146,4272000
2008-10-21T03:00:00Z,2.140000104904175,2.1500000953674316,2.0899999141693115,2.109999895095825,1.2703691720962524,5731000
2008-10-22T03:00:00Z,2.109999895095825,2.109999895095825,1.9800000190734863,2.009999990463257,1.2101621627807617,21017000
2008-10-24T03:00:00Z,1.9500000476837158,1.9600000381469727,1.7899999618530273,1.8600000143051147,1.1198515892028809,33169000
2008-10-27T03:00:00Z,1.7999999523162842,1.8200000524520874,1.5800000429153442,1.5800000429153442,0.9512718915939331,13742000
2008-10-28T03:00:00Z,1.5800000429153442,1.6100000143051147,1.5399999618530273,1.600000023841858,0.9633132815361023,30609000
2008-10-29T03:00:00Z,1.600000023841858,1.659999966621399,1.590000033378601,1.6100000143051147,0.9693338871002197,28107000
2008-10-30T03:00:00Z,1.649999976158142,1.8799999952316284,1.6399999856948853,1.8700000047683716,1.125872254371643,25451000
2008-10-31T03:00:00Z,1.840000033378601,1.9199999570846558,1.809999942779541,1.8899999856948853,1.1379138231277466,10983000
2008-11-03T03:00:00Z,1.9199999570846558,1.940000057220459,1.8799999952316284,1.940000057220459,1.1680173873901367,27868000
2008-11-04T03:00:00Z,1.9199999570846558,2.0299999713897705,1.909999966621399,1.9900000095367432,1.1981208324432373,26855000
2008-11-05T03:00:00Z,2.049999952316284,2.059999942779541,1.899999976158142,1.940000057220459,1.1680173873901367,14231000
2008-11-06T03:00:00Z,1.940000057220459,2.0299999713897705,1.899999976158142,2.0299999713897705,1.2222034931182861,7914000
2008-11-07T03:00:00Z,2.0399999618530273,2.0399999618530273,1.9700000286102295,2,1.204141616821289,10577000
2008-11-10T03:00:00Z,2.0399999618530273,2.0399999618530273,1.899999976158142,1.899999976158142,1.1439346075057983,9375000
2008-11-11T03:00:00Z,1.899999976158142,1.9500000476837158,1.899999976158142,1.9199999570846558,1.1559756994247437,3783000
2008-11-12T03:00:00Z,1.9199999570846558,1.9600000381469727,1.8899999856948853,1.8899999856948853,1.1379138231277466,6955000
2008-11-13T03:00:00Z,1.8799999952316284,1.8899999856948853,1.840000033378601,1.8899999856948853,1.1379138231277466,4335000
2008-11-14T03:00:00Z,1.899999976158142,1.899999976158142,1.8799999952316284,1.8799999952316284,1.1318931579589844,6859000
2008-11-17T03:00:00Z,1.8600000143051147,1.909999966621399,1.8600000143051147,1.909999966621399,1.149955153465271,7710000
2008-11-18T03:00:00Z,1.899999976158142,1.9199999570846558,1.8700000047683716,1.8799999952316284,1.1318931579589844,7582000
2008-11-19T03:00:00Z,1.8799999952316284,1.909999966621399,1.809999942779541,1.850000023841858,1.1138310432434082,11115000
2008-11-20T03:00:00Z,1.809999942779541,1.809999942779541,1.7799999713897705,1.7899999618530273,1.0777065753936768,3237000
2008-11-21T03:00:00Z,1.7899999618530273,1.7999999523162842,1.7699999809265137,1.7899999618530273,1.0777065753936768,4722000
2008-11-24T03:00:00Z,1.7799999713897705,1.7899999618530273,1.6699999570846558,1.6799999475479126,1.0114786624908447,11802000
2008-11-25T03:00:00Z,1.6799999475479126,1.7799999713897705,1.6799999475479126,1.7799999713897705,1.0716861486434937,12986000
2008-11-26T03:00:00Z,1.649999976158142,1.7899999618530273,1.649999976158142,1.7899999618530273,1.0777065753936768,14605000
2008-11-27T03:00:00Z,1.7100000381469727,1.7799999713897705,1.7000000476837158,1.7300000190734863,1.041582465171814,11663000
2008-11-28T03:00:00Z,1.7100000381469727,1.8300000429153442,1.7100000381469727,1.7799999713897705,1.0716861486434937,14299000
2008-12-01T03:00:00Z,1.7999999523162842,1.7999999523162842,1.7200000286102295,1.7200000286102295,1.0355616807937622,7863000
2008-12-02T03:00:00Z,1.7000000476837158,1.7400000095367432,1.659999966621399,1.659999966621399,0.9994373917579651,18462000
2008-12-03T03:00:00Z,1.7999999523162842,1.7999999523162842,1.6799999475479126,1.7000000476837158,1.0235203504562378,29994000
2008-12-04T03:00:00Z,1.7200000286102295,1.7899999618530273,1.7100000381469727,1.7599999904632568,1.0596445798873901,10652000
2008-12-08T03:00:00Z,1.809999942779541,1.850000023841858,1.7999999523162842,1.850000023841858,1.1138310432434082,24683000
2008-12-09T03:00:00Z,1.8700000047683716,1.8899999856948853,1.840000033378601,1.8600000143051147,1.1198515892028809,25731000
2008-12-11T03:00:00Z,1.8600000143051147,1.8799999952316284,1.840000033378601,1.8799999952316284,1.1318931579589844,16367000
2008-12-12T03:00:00Z,2,2.009999990463257,1.940000057220459,1.9900000095367432,1.1981208324432373,36525000
2008-12-15T03:00:00Z,2.0399999618530273,2.0399999618530273,1.9800000190734863,1.9900000095367432,1.1981208324432373,39420000
2008-12-16T03:00:00Z,2.009999990463257,2.0799999237060547,2,2.0299999713897705,1.2222034931182861,50259000
2008-12-17T03:00:00Z,2.069999933242798,2.069999933242798,1.9900000095367432,2,1.204141616821289,50503000
2008-12-18T03:00:00Z,2.0199999809265137,2.0399999618530273,1.9900000095367432,2.0199999809265137,1.2161831855773926,34111000
2008-12-19T03:00:00Z,2.0199999809265137,2.049999952316284,2,2.0299999713897705,1.2222034931182861,53356000
2008-12-22T03:00:00Z,2.0399999618530273,2.0399999618530273,2,2.0199999809265137,1.2161831855773926,27846000
2008-12-23T03:00:00Z,2.0199999809265137,2.0299999713897705,2,2.0199999809265137,1.2161831855773926,28872000
2008-12-24T03:00:00Z,2.0199999809265137,2.0299999713897705,2,2.009999990463257,1.2101621627807617,35387000
2008-12-25T03:00:00Z,2.0199999809265137,2.049999952316284,2.009999990463257,2.049999952316284,1.2342449426651,26985000
2008-12-26T03:00:00Z,2.059999942779541,2.069999933242798,2.0399999618530273,2.059999942779541,1.2402657270431519,37411000
2008-12-29T03:00:00Z,1.7799999713897705,1.8200000524520874,1.7799999713897705,1.7999999523162842,1.238889217376709,34607000
2008-12-30T03:00:00Z,1.7999999523162842,1.8200000524520874,1.7999999523162842,1.809999942779541,1.4542086124420166,23900000
2009-01-02T03:00:00Z,1.809999942779541,1.809999942779541,1.809999942779541,1.809999942779541,1.4542086124420166,0
2009-01-05T03:00:00Z,1.850000023841858,1.9600000381469727,1.840000033378601,1.9500000476837158,1.5666890144348145,31267000
2009-01-06T03:00:00Z,1.9500000476837158,1.9600000381469727,1.8700000047683716,1.8799999952316284,1.5104485750198364,32471000
2009-01-07T03:00:00Z,1.899999976158142,1.899999976158142,1.8300000429153442,1.8300000429153442,1.470277190208435,21245000
2009-01-08T03:00:00Z,1.8200000524520874,1.8700000047683716,1.7999999523162842,1.8600000143051147,1.4943798780441284,9489000
2009-01-09T03:00:00Z,1.8600000143051147,1.899999976158142,1.850000023841858,1.8899999856948853,1.5184828042984009,17953000
2009-01-12T03:00:00Z,1.9199999570846558,1.9199999570846558,1.8700000047683716,1.8799999952316284,1.5104485750198364,9606000
2009-01-13T03:00:00Z,1.8799999952316284,1.8799999952316284,1.8300000429153442,1.850000023841858,1.486345648765564,10148000
2009-01-14T03:00:00Z,1.8700000047683716,1.8700000047683716,1.8300000429153442,1.8600000143051147,1.4943798780441284,6010000
2009-01-15T03:00:00Z,1.8200000524520874,1.840000033378601,1.7999999523162842,1.840000033378601,1.4783116579055786,8448000
2009-01-16T03:00:00Z,1.840000033378601,1.840000033378601,1.809999942779541,1.8200000524520874,1.4622427225112915,10548000
2009-01-19T03:00:00Z,1.8300000429153442,1.8300000429153442,1.7899999618530273,1.7999999523162842,1.446174144744873,9068000
2009-01-20T03:00:00Z,1.7999999523162842,1.7999999523162842,1.7799999713897705,1.7899999618530273,1.438139796257019,6809000
2009-01-21T03:00:00Z,1.7799999713897705,1.7999999523162842,1.7699999809265137,1.7999999523162842,1.446174144744873,6682000
2009-01-22T03:00:00Z,1.809999942779541,1.809999942779541,1.7899999618530273,1.7899999618530273,1.438139796257019,9888000
2009-01-23T03:00:00Z,1.7899999618530273,1.809999942779541,1.7899999618530273,1.809999942779541,1.4542086124420166,3361000
2009-01-26T03:00:00Z,1.809999942779541,1.850000023841858,1.809999942779541,1.850000023841858,1.486345648765564,7271000
2009-01-27T03:00:00Z,1.850000023841858,1.850000023841858,1.8200000524520874,1.8300000429153442,1.470277190208435,2355000
2009-01-28T03:00:00Z,1.8300000429153442,1.850000023841858,1.8200000524520874,1.850000023841858,1.486345648765564,8836000
2009-01-29T03:00:00Z,1.850000023841858,1.8600000143051147,1.809999942779541,1.8200000524520874,1.4622427225112915,5305000
2009-01-30T03:00:00Z,1.809999942779541,1.8300000429153442,1.7999999523162842,1.8300000429153442,1.470277190208435,2472000
2009-02-02T03:00:00Z,1.809999942779541,1.8200000524520874,1.7899999618530273,1.7999999523162842,1.446174144744873,7363000
2009-02-03T03:00:00Z,1.7999999523162842,1.840000033378601,1.7999999523162842,1.840000033378601,1.4783116579055786,7008000
2009-02-04T03:00:00Z,1.840000033378601,1.840000033378601,1.7999999523162842,1.7999999523162842,1.446174144744873,6337000
2009-02-05T03:00:00Z,1.8200000524520874,1.8200000524520874,1.7899999618530273,1.7899999618530273,1.438139796257019,19994000
2009-02-06T03:00:00Z,1.809999942779541,1.850000023841858,1.7899999618530273,1.809999942779541,1.4542086124420166,40597000
2009-02-10T03:00:00Z,1.809999942779541,1.8300000429153442,1.809999942779541,1.809999942779541,1.4542086124420166,11127000
2009-02-11T03:00:00Z,1.8200000524520874,1.8300000429153442,1.7999999523162842,1.8300000429153442,1.470277190208435,17591000
2009-02-12T03:00:00Z,1.8300000429153442,1.8300000429153442,1.7999999523162842,1.809999942779541,1.4542086124420166,10137000
2009-02-13T03:00:00Z,1.809999942779541,1.8300000429153442,1.7999999523162842,1.809999942779541,1.4542086124420166,21753000
2009-02-16T03:00:00Z,1.809999942779541,1.809999942779541,1.7899999618530273,1.7899999618530273,1.438139796257019,13999000
2009-02-17T03:00:00Z,1.7799999713897705,1.7899999618530273,1.7599999904632568,1.7599999904632568,1.4140369892120361,11534000
2009-02-18T03:00:00Z,1.75,1.7599999904632568,1.7400000095367432,1.75,1.4060026407241821,8516000
2009-02-19T03:00:00Z,1.7599999904632568,1.7599999904632568,1.75,1.75,1.4060026407241821,11311000
2009-02-20T03:00:00Z,1.7400000095367432,1.75,1.7200000286102295,1.7300000190734863,1.3899340629577637,12219000
2009-02-23T03:00:00Z,1.7200000286102295,1.7200000286102295,1.6399999856948853,1.649999976158142,1.3256597518920898,33202000
2009-02-24T03:00:00Z,1.6299999952316284,1.6299999952316284,1.590000033378601,1.600000023841858,1.2854883670806885,25829000
2009-02-25T03:00:00Z,1.6200000047683716,1.6200000047683716,1.5700000524520874,1.5800000429153442,1.2694193124771118,24651000
2009-02-26T03:00:00Z,1.5800000429153442,1.6299999952316284,1.5800000429153442,1.6100000143051147,1.293522596359253,20800000
2009-02-27T03:00:00Z,1.6200000047683716,1.6200000047683716,1.600000023841858,1.6100000143051147,1.293522596359253,12988000
2009-03-02T03:00:00Z,1.600000023841858,1.600000023841858,1.5099999904632568,1.5099999904632568,1.2131792306900024,15161000
2009-03-03T03:00:00Z,1.4800000190734863,1.5,1.4800000190734863,1.5,1.205145239830017,18490000
2009-03-04T03:00:00Z,1.5,1.5399999618530273,1.5,1.5299999713897705,1.2292481660842896,6162000
2009-03-05T03:00:00Z,1.5399999618530273,1.590000033378601,1.5399999618530273,1.559999942779541,1.2533504962921143,9378000
2009-03-06T03:00:00Z,1.5700000524520874,1.5700000524520874,1.5499999523162842,1.5499999523162842,1.2453166246414185,1901000
2009-03-09T03:00:00Z,1.5499999523162842,1.5499999523162842,1.5,1.5,1.205145239830017,4219000
2009-03-10T03:00:00Z,1.5,1.5299999713897705,1.5,1.5199999809265137,1.221213698387146,2704000
2009-03-11T03:00:00Z,1.5399999618530273,1.559999942779541,1.5299999713897705,1.5399999618530273,1.2372820377349854,5517000
2009-03-12T03:00:00Z,1.5499999523162842,1.590000033378601,1.5499999523162842,1.590000033378601,1.277453899383545,8495000
2009-03-13T03:00:00Z,1.600000023841858,1.6200000047683716,1.600000023841858,1.600000023841858,1.2854883670806885,4604000
2009-03-16T03:00:00Z,1.6100000143051147,1.6299999952316284,1.5700000524520874,1.590000033378601,1.277453899383545,5758000
2009-03-17T03:00:00Z,1.5700000524520874,1.590000033378601,1.559999942779541,1.5700000524520874,1.261385202407837,7589000
2009-03-18T03:00:00Z,1.590000033378601,1.590000033378601,1.5700000524520874,1.590000033378601,1.277453899383545,4864000
2009-03-19T03:00:00Z,1.590000033378601,1.590000033378601,1.5700000524520874,1.590000033378601,1.277453899383545,7135000
2009-03-20T03:00:00Z,1.590000033378601,1.590000033378601,1.5700000524520874,1.5700000524520874,1.261385202407837,14229000
2009-03-23T03:00:00Z,1.5700000524520874,1.6200000047683716,1.5700000524520874,1.600000023841858,1.2854883670806885,22327000
2009-03-24T03:00:00Z,1.6100000143051147,1.6200000047683716,1.5700000524520874,1.5800000429153442,1.2694193124771118,22152000
2009-03-25T03:00:00Z,1.5800000429153442,1.5800000429153442,1.5399999618530273,1.5499999523162842,1.2453166246414185,18339000
2009-03-26T03:00:00Z,1.559999942779541,1.6200000047683716,1.5499999523162842,1.590000033378601,1.277453899383545,56485000
2009-03-27T03:00:00Z,1.600000023841858,1.6100000143051147,1.559999942779541,1.5800000429153442,1.2694193124771118,18972000
2009-03-30T03:00:00Z,1.5700000524520874,1.5800000429153442,1.5399999618530273,1.5700000524520874,1.261385202407837,15082000
2009-03-31T03:00:00Z,1.559999942779541,1.6399999856948853,1.5499999523162842,1.600000023841858,1.2854883670806885,55071000
2009-04-01T03:00:00Z,1.590000033378601,1.7400000095367432,1.590000033378601,1.7000000476837158,1.3658312559127808,163765000
2009-04-02T03:00:00Z,1.7300000190734863,1.809999942779541,1.690000057220459,1.7999999523162842,1.446174144744873,110344000
2009-04-03T03:00:00Z,1.7999999523162842,1.8200000524520874,1.7599999904632568,1.7799999713897705,1.4301055669784546,59676000
2009-04-07T03:00:00Z,1.7799999713897705,1.7799999713897705,1.7000000476837158,1.7000000476837158,1.3658312559127808,46484000
2009-04-08T03:00:00Z,1.690000057220459,1.7400000095367432,1.6799999475479126,1.7400000095367432,1.3979686498641968,13356000
2009-04-09T03:00:00Z,1.7400000095367432,1.7799999713897705,1.6799999475479126,1.6799999475479126,1.3497623205184937,53606000
2009-04-10T03:00:00Z,1.7100000381469727,1.75,1.690000057220459,1.7400000095367432,1.3979686498641968,25162000
2009-04-16T03:00:00Z,1.7100000381469727,1.7799999713897705,1.7000000476837158,1.7400000095367432,1.3979686498641968,34167000
2009-04-17T03:00:00Z,1.7599999904632568,1.7699999809265137,1.7400000095367432,1.7599999904632568,1.4140369892120361,18275000
2009-04-20T03:00:00Z,1.7599999904632568,1.8799999952316284,1.7599999904632568,1.8600000143051147,1.4943798780441284,68204000
2009-04-21T03:00:00Z,1.8300000429153442,1.899999976158142,1.8200000524520874,1.8600000143051147,1.4943798780441284,59911000
2009-04-22T03:00:00Z,1.8799999952316284,1.909999966621399,1.8300000429153442,1.850000023841858,1.486345648765564,62952000
2009-04-23T03:00:00Z,1.850000023841858,1.8700000047683716,1.840000033378601,1.8600000143051147,1.4943798780441284,19087000
2009-04-24T03:00:00Z,1.8600000143051147,1.940000057220459,1.8600000143051147,1.899999976158142,1.5265172719955444,64592000
2009-04-27T03:00:00Z,1.8899999856948853,1.909999966621399,1.8600000143051147,1.8600000143051147,1.4943798780441284,58473000
2009-04-28T03:00:00Z,1.850000023841858,1.850000023841858,1.7899999618530273,1.809999942779541,1.4542086124420166,34032000
2009-04-29T03:00:00Z,1.8200000524520874,1.850000023841858,1.809999942779541,1.850000023841858,1.486345648765564,16783000
2009-04-30T03:00:00Z,1.8799999952316284,1.8899999856948853,1.8600000143051147,1.8700000047683716,1.502414345741272,22370000
2009-05-04T03:00:00Z,1.8799999952316284,1.9500000476837158,1.8799999952316284,1.940000057220459,1.5586543083190918,44723000
2009-05-06T03:00:00Z,1.9600000381469727,2.1500000953674316,1.940000057220459,2.1500000953674316,1.72737455368042,78929000
2009-05-07T03:00:00Z,2.25,2.5250000953674316,2.1600000858306885,2.490000009536743,2.0005409717559814,161565000
2009-05-11T03:00:00Z,2.450000047683716,2.490000009536743,2.380000114440918,2.4000000953674316,1.928232192993164,70729000
2009-05-12T03:00:00Z,2.4000000953674316,2.5,2.4000000953674316,2.4600000381469727,1.9764375686645508,55671000
2009-05-13T03:00:00Z,2.4800000190734863,2.75,2.4800000190734863,2.6500000953674316,2.1290900707244873,110477000
2009-05-14T03:00:00Z,2.549999952316284,2.625,2.299999952316284,2.299999952316284,1.8478893041610718,125687000
2009-05-15T03:00:00Z,2.369999885559082,2.4000000953674316,2.259999990463257,2.4000000953674316,1.928232192993164,46349000
2009-05-18T03:00:00Z,2.3399999141693115,2.4200000762939453,2.309999942779541,2.4100000858306885,1.9362668991088867,26648000
2009-05-19T03:00:00Z,2.5,2.575000047683716,2.4600000381469727,2.490000009536743,2.0005409717559814,63610000
2009-05-20T03:00:00Z,2.5,2.5250000953674316,2.4600000381469727,2.4600000381469727,1.9764375686645508,24797000
2009-05-21T03:00:00Z,2.4600000381469727,2.5,2.380000114440918,2.380000114440918,1.9121637344360352,30936000
2009-05-22T03:00:00Z,2.4000000953674316,2.4200000762939453,2.309999942779541,2.380000114440918,1.9121637344360352,23270000
2009-05-25T03:00:00Z,2.380000114440918,2.4000000953674316,2.3299999237060547,2.3299999237060547,1.8719923496246338,18202000
2009-05-26T03:00:00Z,2.3399999141693115,2.3499999046325684,2.2799999713897705,2.2899999618530273,1.8398545980453491,17201000
2009-05-27T03:00:00Z,2.3299999237060547,2.4100000858306885,2.309999942779541,2.359999895095825,1.8960950374603271,29062000
2009-05-28T03:00:00Z,2.3399999141693115,2.3499999046325684,2.299999952316284,2.309999942779541,1.8559237718582153,22997000
2009-05-29T03:00:00Z,2.3299999237060547,2.359999895095825,2.200000047683716,2.200000047683716,1.7675461769104004,173284000
2009-06-01T03:00:00Z,2.2300000190734863,2.25,2.200000047683716,2.240000009536743,1.799683690071106,36565000
2009-06-02T03:00:00Z,2.25,2.259999990463257,2.2200000286102295,2.240000009536743,1.799683690071106,36540000
2009-06-03T03:00:00Z,2.25,2.2899999618530273,2.25,2.259999990463257,1.8157516717910767,35909000
2009-06-04T03:00:00Z,2.2699999809265137,2.319999933242798,2.25,2.319999933242798,1.863957405090332,68458000
2009-06-05T03:00:00Z,2.359999895095825,2.674999952316284,2.359999895095825,2.625,2.109003782272339,232566000
2009-06-08T03:00:00Z,2.5999999046325684,2.825000047683716,2.575000047683716,2.674999952316284,2.1491761207580566,140467000
2009-06-09T03:00:00Z,2.700000047683716,2.7249999046325684,2.5999999046325684,2.7249999046325684,2.1893465518951416,50620000
2009-06-10T03:00:00Z,2.7750000953674316,2.799999952316284,2.700000047683716,2.7750000953674316,2.2295186519622803,54456000
2009-06-11T03:00:00Z,2.7750000953674316,2.9749999046325684,2.7249999046325684,2.799999952316284,2.2496039867401123,88968000
2009-06-12T03:00:00Z,2.875,2.875,2.7249999046325684,2.7249999046325684,2.1893465518951416,56498000
2009-06-15T03:00:00Z,2.674999952316284,2.75,2.549999952316284,2.6500000953674316,2.1290900707244873,32075000
2009-06-16T03:00:00Z,2.549999952316284,2.5999999046325684,2.490000009536743,2.549999952316284,2.0487465858459473,31706000
2009-06-17T03:00:00Z,2.5,2.5999999046325684,2.490000009536743,2.5,2.008575916290283,25698000
2009-06-18T03:00:00Z,2.5250000953674316,2.5250000953674316,2.390000104904175,2.4100000858306885,1.9362668991088867,28522000
2009-06-19T03:00:00Z,2.450000047683716,2.5999999046325684,2.430000066757202,2.5999999046325684,2.0889174938201904,27366000
2009-06-22T03:00:00Z,2.5999999046325684,2.7750000953674316,2.5250000953674316,2.6500000953674316,2.1290900707244873,57471000
2009-06-23T03:00:00Z,2.549999952316284,2.6500000953674316,2.5,2.6500000953674316,2.1290900707244873,36533000
2009-06-24T03:00:00Z,2.625,2.700000047683716,2.5999999046325684,2.5999999046325684,2.0889174938201904,26902000
2009-06-25T03:00:00Z,2.625,2.7249999046325684,2.625,2.625,2.109003782272339,33896000
2009-06-26T03:00:00Z,2.674999952316284,2.924999952316284,2.674999952316284,2.825000047683716,2.2696900367736816,91479000
2009-06-29T03:00:00Z,2.8499999046325684,2.875,2.75,2.75,2.20943284034729,37652000
2009-06-30T03:00:00Z,2.799999952316284,2.799999952316284,2.6500000953674316,2.674999952316284,2.1491761207580566,30183000
2009-07-02T03:00:00Z,2.7249999046325684,2.75,2.5999999046325684,2.625,2.109003782272339,19873000
2009-07-03T03:00:00Z,2.5999999046325684,2.674999952316284,2.575000047683716,2.674999952316284,2.1491761207580566,7128000
2009-07-06T03:00:00Z,2.674999952316284,2.674999952316284,2.674999952316284,2.674999952316284,2.1491761207580566,0
2009-07-08T03:00:00Z,2.6500000953674316,2.75,2.5999999046325684,2.7249999046325684,2.1893465518951416,20695000
2009-07-09T03:00:00Z,2.7249999046325684,2.825000047683716,2.7249999046325684,2.75,2.20943284034729,31494000
2009-07-10T03:00:00Z,2.75,2.75,2.625,2.6500000953674316,2.1290900707244873,11593000
2009-07-13T03:00:00Z,2.6500000953674316,2.6500000953674316,2.575000047683716,2.625,2.109003782272339,14470000
2009-07-14T03:00:00Z,2.6500000953674316,2.7249999046325684,2.625,2.674999952316284,2.1491761207580566,22773000
2009-07-15T03:00:00Z,2.700000047683716,2.75,2.6500000953674316,2.700000047683716,2.1692612171173096,12675000
2009-07-16T03:00:00Z,2.7249999046325684,2.7750000953674316,2.6500000953674316,2.674999952316284,2.1491761207580566,24719000
2009-07-17T03:00:00Z,2.674999952316284,2.7750000953674316,2.674999952316284,2.7249999046325684,2.1893465518951416,14614000
2009-07-20T03:00:00Z,2.7750000953674316,2.8499999046325684,2.75,2.825000047683716,2.2696900367736816,32081000
2009-07-21T03:00:00Z,2.825000047683716,2.950000047683716,2.825000047683716,2.875,2.309861421585083,49501000
2009-07-22T03:00:00Z,2.9000000953674316,2.9000000953674316,2.7249999046325684,2.7249999046325684,2.1893465518951416,26800000
2009-07-23T03:00:00Z,2.7750000953674316,2.825000047683716,2.75,2.799999952316284,2.2496039867401123,5214000
2009-07-24T03:00:00Z,2.8499999046325684,3.049999952316284,2.825000047683716,3.0250000953674316,2.4303762912750244,52726000
2009-07-27T03:00:00Z,3.049999952316284,3.125,3,3,2.410290479660034,35785000
2009-07-28T03:00:00Z,3,3.200000047683716,2.9749999046325684,3.1500000953674316,2.5308048725128174,31786000
2009-07-29T03:00:00Z,3.1500000953674316,3.325000047683716,3.0999999046325684,3.2750000953674316,2.6312336921691895,42675000
2009-07-30T03:00:00Z,3.299999952316284,3.4000000953674316,3.200000047683716,3.299999952316284,2.6513195037841797,39639000
2009-07-31T03:00:00Z,3.375,3.375,3.200000047683716,3.200000047683716,2.570976734161377,18134000
2009-08-03T03:00:00Z,3.200000047683716,3.299999952316284,3.174999952316284,3.25,2.611147403717041,22274000
2009-08-04T03:00:00Z,3.325000047683716,3.3499999046325684,3.2249999046325684,3.2249999046325684,2.59106183052063,14830000
2009-08-05T03:00:00Z,3.2750000953674316,3.299999952316284,3.200000047683716,3.2750000953674316,2.6312336921691895,5737000
2009-08-06T03:00:00Z,3.2750000953674316,3.549999952316284,3.25,3.5,2.8120052814483643,42492000
2009-08-07T03:00:00Z,3.5250000953674316,3.799999952316284,3.5250000953674316,3.700000047683716,2.972691297531128,87307000
2009-08-10T03:00:00Z,3.799999952316284,3.9000000953674316,3.6500000953674316,3.7750000953674316,3.0329489707946777,41225000
2009-08-11T03:00:00Z,3.7750000953674316,3.9749999046325684,3.7249999046325684,3.7750000953674316,3.0329489707946777,96126000
2009-08-13T03:00:00Z,3.8499999046325684,3.875,3.75,3.8499999046325684,3.093205451965332,31619000
2009-08-14T03:00:00Z,3.825000047683716,3.9000000953674316,3.7750000953674316,3.8499999046325684,3.093205451965332,53833000
2009-08-17T03:00:00Z,3.7750000953674316,3.799999952316284,3.6500000953674316,3.674999952316284,2.9526054859161377,51147000
2009-08-18T03:00:00Z,3.674999952316284,3.674999952316284,3.5,3.5999999046325684,2.892348289489746,44569000
2009-08-19T03:00:00Z,3.625,3.6500000953674316,3.4000000953674316,3.4000000953674316,2.7316625118255615,32624000
2009-08-20T03:00:00Z,3.4749999046325684,3.5250000953674316,3.4000000953674316,3.4000000953674316,2.7316625118255615,29512000
2009-08-21T03:00:00Z,3.4000000953674316,3.575000047683716,3.4000000953674316,3.549999952316284,2.852177143096924,43394000
2009-08-24T03:00:00Z,3.700000047683716,3.825000047683716,3.674999952316284,3.7249999046325684,2.992776870727539,45575000
2009-08-25T03:00:00Z,3.674999952316284,3.875,3.674999952316284,3.799999952316284,3.053034543991089,38654000
2009-08-26T03:00:00Z,3.875,4.025000095367432,3.8499999046325684,3.875,3.1132917404174805,78504000
2009-08-27T03:00:00Z,3.9000000953674316,3.924999952316284,3.75,3.7750000953674316,3.0329489707946777,74158000
2009-08-28T03:00:00Z,3.75,3.825000047683716,3.7249999046325684,3.75,3.0128626823425293,23144000
2009-08-31T03:00:00Z,3.75,3.75,3.6500000953674316,3.6500000953674316,2.9325201511383057,13624000
2009-09-01T03:00:00Z,3.700000047683716,3.7750000953674316,3.5999999046325684,3.6500000953674316,2.9325201511383057,21320000
2009-09-02T03:00:00Z,3.5999999046325684,3.674999952316284,3.5999999046325684,3.6500000953674316,2.9325201511383057,19715000
2009-09-03T03:00:00Z,3.700000047683716,3.799999952316284,3.674999952316284,3.799999952316284,3.053034543991089,35662000
2009-09-04T03:00:00Z,3.825000047683716,3.825000047683716,3.700000047683716,3.7249999046325684,2.992776870727539,27024000
2009-09-07T03:00:00Z,3.7750000953674316,3.7750000953674316,3.700000047683716,3.7750000953674316,3.0329489707946777,28306000
2009-09-08T03:00:00Z,3.825000047683716,3.950000047683716,3.799999952316284,3.9000000953674316,3.133378028869629,80996000
2009-09-09T03:00:00Z,3.9749999046325684,4.099999904632568,3.924999952316284,3.950000047683716,3.173548698425293,85962000
2009-09-10T03:00:00Z,4,4.099999904632568,3.9749999046325684,4.025000095367432,3.2338061332702637,77794000
2009-09-11T03:00:00Z,4.050000190734863,4.449999809265137,4.050000190734863,4.400000095367432,3.535092353820801,99544000
2009-09-14T03:00:00Z,4.324999809265137,4.324999809265137,4.199999809265137,4.275000095367432,3.4346635341644287,45631000
2009-09-15T03:00:00Z,4.324999809265137,4.349999904632568,4.125,4.224999904632568,3.3944921493530273,30563000
2009-09-16T03:00:00Z,4.275000095367432,4.324999809265137,4.275000095367432,4.275000095367432,3.4346635341644287,30744000
2009-09-17T03:00:00Z,4.300000190734863,4.349999904632568,4.275000095367432,4.300000190734863,3.45474910736084,29716000
2009-09-18T03:00:00Z,4.324999809265137,4.349999904632568,4.25,4.275000095367432,3.4346635341644287,19610000
2009-09-21T03:00:00Z,4.275000095367432,4.375,4.275000095367432,4.275000095367432,3.4346635341644287,14028000
2009-09-22T03:00:00Z,4.324999809265137,4.425000190734863,4.300000190734863,4.375,3.5150070190429688,23371000
2009-09-23T03:00:00Z,4.425000190734863,4.5,4.349999904632568,4.449999809265137,3.575263500213623,37020000
2009-09-24T03:00:00Z,4.400000095367432,4.449999809265137,4.275000095367432,4.349999904632568,3.4949214458465576,47525000
2009-09-25T03:00:00Z,4.349999904632568,4.349999904632568,4.275000095367432,4.275000095367432,3.4346635341644287,27458000
2009-09-28T03:00:00Z,4.300000190734863,4.300000190734863,4.125,4.175000190734863,3.354320764541626,20664000
2009-09-29T03:00:00Z,4.224999904632568,4.275000095367432,4.175000190734863,4.224999904632568,3.3944921493530273,32649000
2009-09-30T03:00:00Z,4.175000190734863,4.224999904632568,4.175000190734863,4.224999904632568,3.3944921493530273,16598000
2009-10-01T03:00:00Z,4.224999904632568,4.324999809265137,4.199999809265137,4.25,3.4145777225494385,22001000
2009-10-02T03:00:00Z,4.199999809265137,4.300000190734863,4.199999809265137,4.275000095367432,3.4346635341644287,8161000
2009-10-05T03:00:00Z,4.275000095367432,4.275000095367432,4.224999904632568,4.25,3.4145777225494385,13623000
2009-10-06T03:00:00Z,4.275000095367432,4.324999809265137,4.25,4.300000190734863,3.45474910736084,18360000
2009-10-07T03:00:00Z,4.375,4.375,4.324999809265137,4.349999904632568,3.4949214458465576,18976000
2009-10-08T03:00:00Z,4.375,4.550000190734863,4.324999809265137,4.525000095367432,3.6355206966400146,69903000
2009-10-09T03:00:00Z,4.574999809265137,4.599999904632568,4.449999809265137,4.474999904632568,3.5953495502471924,34605000
2009-10-12T03:00:00Z,4.5,4.5,4.375,4.400000095367432,3.535092353820801,18306000
2009-10-13T03:00:00Z,4.425000190734863,4.425000190734863,4.324999809265137,4.400000095367432,3.535092353820801,13161000
2009-10-14T03:00:00Z,4.400000095367432,4.400000095367432,3.9749999046325684,4.199999809265137,3.374406576156616,53806000
2009-10-15T03:00:00Z,4.199999809265137,4.224999904632568,3.7249999046325684,3.7750000953674316,3.0329489707946777,124724000
2009-10-16T03:00:00Z,3.7750000953674316,4.050000190734863,3.7750000953674316,4.050000190734863,3.253892183303833,64130000
2009-10-19T03:00:00Z,4.099999904632568,4.199999809265137,4.025000095367432,4.199999809265137,3.374406576156616,72197000
2009-10-20T03:00:00Z,4.199999809265137,4.300000190734863,4.099999904632568,4.125,3.3141489028930664,70836000
2009-10-21T03:00:00Z,4.099999904632568,4.175000190734863,4.074999809265137,4.099999904632568,3.294062852859497,17704000
2009-10-22T03:00:00Z,4.074999809265137,4.074999809265137,3.9000000953674316,4,3.2137200832366943,22051000
2009-10-26T03:00:00Z,4.099999904632568,4.099999904632568,3.924999952316284,3.950000047683716,3.173548698425293,17087000
2009-10-27T03:00:00Z,3.9000000953674316,4.050000190734863,3.9000000953674316,4.050000190734863,3.253892183303833,6824000
2009-10-28T03:00:00Z,4,4,3.875,3.9000000953674316,3.133378028869629,21488000
2009-10-29T03:00:00Z,3.825000047683716,3.8499999046325684,3.7750000953674316,3.799999952316284,3.053034543991089,23297000
2009-10-30T03:00:00Z,3.924999952316284,3.950000047683716,3.799999952316284,3.8499999046325684,3.093205451965332,25436000
2009-11-02T03:00:00Z,3.7750000953674316,3.9000000953674316,3.75,3.9000000953674316,3.133378028869629,11526000
2009-11-03T03:00:00Z,3.8499999046325684,3.9000000953674316,3.7750000953674316,3.799999952316284,3.053034543991089,11067000
2009-11-04T03:00:00Z,3.8499999046325684,3.875,3.799999952316284,3.875,3.1132917404174805,16341000
2009-11-05T03:00:00Z,3.8499999046325684,3.9000000953674316,3.799999952316284,3.799999952316284,3.053034543991089,29861000
2009-11-06T03:00:00Z,3.875,3.9000000953674316,3.8499999046325684,3.9000000953674316,3.133378028869629,14747000
2009-11-09T03:00:00Z,3.924999952316284,4,3.9000000953674316,4,3.2137200832366943,22468000
2009-11-10T03:00:00Z,4,4,3.9000000953674316,3.950000047683716,3.173548698425293,18848000
2009-11-11T03:00:00Z,3.924999952316284,3.9749999046325684,3.924999952316284,3.9749999046325684,3.1936349868774414,10373000
2009-11-12T03:00:00Z,4,4,3.799999952316284,3.825000047683716,3.073119878768921,21900000
2009-11-13T03:00:00Z,3.825000047683716,3.9000000953674316,3.799999952316284,3.875,3.1132917404174805,9764000
2009-11-16T03:00:00Z,3.8499999046325684,3.9000000953674316,3.7750000953674316,3.8499999046325684,3.093205451965332,18321000
2009-11-17T03:00:00Z,3.8499999046325684,3.875,3.799999952316284,3.825000047683716,3.073119878768921,7018000
2009-11-18T03:00:00Z,3.875,3.9000000953674316,3.799999952316284,3.825000047683716,3.073119878768921,6409000
2009-11-19T03:00:00Z,3.825000047683716,3.825000047683716,3.75,3.75,3.0128626823425293,12715000
2009-11-20T03:00:00Z,3.75,3.825000047683716,3.75,3.799999952316284,3.053034543991089,6136000
2009-11-23T03:00:00Z,3.799999952316284,3.8499999046325684,3.700000047683716,3.825000047683716,3.073119878768921,11380000
2009-11-24T03:00:00Z,3.799999952316284,3.825000047683716,3.6500000953674316,3.6500000953674316,2.9325201511383057,10891000
2009-11-25T03:00:00Z,3.674999952316284,3.799999952316284,3.5999999046325684,3.7750000953674316,3.0329489707946777,14466000
2009-11-26T03:00:00Z,3.75,3.75,3.6500000953674316,3.674999952316284,2.9526054859161377,9041000
2009-11-27T03:00:00Z,3.625,3.674999952316284,3.575000047683716,3.674999952316284,2.9526054859161377,12249000
2009-11-30T03:00:00Z,3.700000047683716,3.7750000953674316,3.700000047683716,3.7249999046325684,2.992776870727539,15839000
2009-12-01T03:00:00Z,3.700000047683716,3.7750000953674316,3.700000047683716,3.7750000953674316,3.0329489707946777,19441000
2009-12-02T03:00:00Z,3.799999952316284,3.9000000953674316,3.7750000953674316,3.799999952316284,3.053034543991089,33576000
2009-12-03T03:00:00Z,3.8499999046325684,3.9000000953674316,3.8499999046325684,3.875,3.1132917404174805,9668000
2009-12-04T03:00:00Z,3.8499999046325684,3.950000047683716,3.8499999046325684,3.924999952316284,3.153463125228882,10241000
2009-12-08T03:00:00Z,3.9000000953674316,3.924999952316284,3.799999952316284,3.8499999046325684,3.093205451965332,11547000
2009-12-09T03:00:00Z,3.8499999046325684,3.875,3.825000047683716,3.825000047683716,3.073119878768921,6947000
2009-12-11T03:00:00Z,3.8499999046325684,3.9000000953674316,3.8499999046325684,3.9000000953674316,3.133378028869629,12977000
2009-12-14T03:00:00Z,3.9000000953674316,4.025000095367432,3.875,3.950000047683716,3.173548698425293,39939000
2009-12-15T03:00:00Z,3.9749999046325684,4.025000095367432,3.950000047683716,3.950000047683716,3.173548698425293,9874000
2009-12-16T03:00:00Z,3.9749999046325684,4,3.950000047683716,4,3.2137200832366943,23901000
2009-12-17T03:00:00Z,4,4,3.950000047683716,3.950000047683716,3.173548698425293,10118000
2009-12-18T03:00:00Z,3.9000000953674316,3.950000047683716,3.9000000953674316,3.924999952316284,3.18735408782959,8992000
2009-12-21T03:00:00Z,3.924999952316284,3.924999952316284,3.875,3.875,3.1467506885528564,16072000
2009-12-22T03:00:00Z,3.9000000953674316,3.9000000953674316,3.825000047683716,3.8499999046325684,3.1264493465423584,26260000
2009-12-23T03:00:00Z,3.8499999046325684,3.9000000953674316,3.8499999046325684,3.875,3.1467506885528564,13098000
2009-12-24T03:00:00Z,3.875,3.950000047683716,3.875,3.950000047683716,3.207655668258667,13936000
2009-12-25T03:00:00Z,3.9749999046325684,4,3.924999952316284,4,3.2482588291168213,7784000
2009-12-28T03:00:00Z,4,4,3.950000047683716,4,3.2482588291168213,9232000
2009-12-29T03:00:00Z,4,4,3.950000047683716,3.9749999046325684,3.2279577255249023,13501000
2009-12-30T03:00:00Z,3.950000047683716,3.9749999046325684,3.9000000953674316,3.9000000953674316,3.1670525074005127,4743000
2010-01-04T03:00:00Z,3.9749999046325684,3.9749999046325684,3.8499999046325684,3.875,3.1467506885528564,8696000
2010-01-05T03:00:00Z,3.9000000953674316,3.9749999046325684,3.875,3.9000000953674316,3.1670525074005127,13227000
2010-01-06T03:00:00Z,3.9000000953674316,3.950000047683716,3.9000000953674316,3.950000047683716,3.207655668258667,8872000
2010-01-07T03:00:00Z,3.9749999046325684,4.074999809265137,3.924999952316284,4,3.2482588291168213,37878000
2010-01-08T03:00:00Z,4.025000095367432,4.025000095367432,3.950000047683716,4,3.2482588291168213,9978000
2010-01-11T03:00:00Z,4,4.125,4,4.025000095367432,3.2685604095458984,51534000
2010-01-12T03:00:00Z,4.025000095367432,4.050000190734863,3.9749999046325684,3.9749999046325684,3.2279577255249023,18917000
2010-01-13T03:00:00Z,3.9749999046325684,4.050000190734863,3.9749999046325684,4.050000190734863,3.2888622283935547,23372000
2010-01-14T03:00:00Z,4.074999809265137,4.175000190734863,4.074999809265137,4.125,3.3497672080993652,44829000
2010-01-15T03:00:00Z,4.199999809265137,4.300000190734863,4.199999809265137,4.199999809265137,3.4106719493865967,98972000
2010-01-18T03:00:00Z,4.199999809265137,4.400000095367432,4.199999809265137,4.375,3.5527827739715576,53169000
2010-01-19T03:00:00Z,4.349999904632568,4.375,4.099999904632568,4.099999904632568,3.329464912414551,78475000
2010-01-20T03:00:00Z,4.150000095367432,4.199999809265137,4.050000190734863,4.199999809265137,3.4106719493865967,62862000
2010-01-21T03:00:00Z,4.175000190734863,4.175000190734863,4.099999904632568,4.099999904632568,3.329464912414551,18339000
2010-01-22T03:00:00Z,4.025000095367432,4.099999904632568,3.950000047683716,4.074999809265137,3.309163808822632,32386000
2010-01-25T03:00:00Z,4,4.099999904632568,4,4.099999904632568,3.329464912414551,15530000
2010-01-26T03:00:00Z,4.099999904632568,4.099999904632568,3.9749999046325684,3.9749999046325684,3.2279577255249023,9339000
2010-01-27T03:00:00Z,3.9749999046325684,4,3.9000000953674316,3.9749999046325684,3.2279577255249023,17610000
2010-01-28T03:00:00Z,4,4,3.7750000953674316,3.799999952316284,3.0858452320098877,18555000
2010-01-29T03:00:00Z,3.799999952316284,3.9000000953674316,3.799999952316284,3.9000000953674316,3.1670525074005127,13998000
2010-02-01T03:00:00Z,3.8499999046325684,3.9000000953674316,3.799999952316284,3.9000000953674316,3.1670525074005127,6695000
2010-02-02T03:00:00Z,3.9749999046325684,3.9749999046325684,3.8499999046325684,3.8499999046325684,3.1264493465423584,6398000
2010-02-03T03:00:00Z,3.875,3.950000047683716,3.875,3.924999952316284,3.18735408782959,10640000
2010-02-04T03:00:00Z,3.924999952316284,3.950000047683716,3.8499999046325684,3.875,3.1467506885528564,13211000
2010-02-05T03:00:00Z,3.799999952316284,3.825000047683716,3.7750000953674316,3.825000047683716,3.106147527694702,11885000
2010-02-08T03:00:00Z,3.825000047683716,3.8499999046325684,3.7750000953674316,3.825000047683716,3.106147527694702,4293000
2010-02-09T03:00:00Z,3.799999952316284,3.8499999046325684,3.7750000953674316,3.8499999046325684,3.1264493465423584,6130000
2010-02-10T03:00:00Z,3.875,3.875,3.825000047683716,3.8499999046325684,3.1264493465423584,11777000
2010-02-11T03:00:00Z,3.875,3.950000047683716,3.875,3.950000047683716,3.207655668258667,13815000
2010-02-12T03:00:00Z,3.9749999046325684,4.025000095367432,3.9749999046325684,4,3.2482588291168213,16090000
2010-02-15T03:00:00Z,3.950000047683716,4,3.875,3.924999952316284,3.18735408782959,13280000
2010-02-16T03:00:00Z,3.924999952316284,3.924999952316284,3.875,3.875,3.1467506885528564,8909000
2010-02-17T03:00:00Z,3.9000000953674316,3.924999952316284,3.875,3.875,3.1467506885528564,5053000
2010-02-18T03:00:00Z,3.875,3.924999952316284,3.875,3.875,3.1467506885528564,10825000
2010-02-19T03:00:00Z,3.8499999046325684,3.924999952316284,3.8499999046325684,3.924999952316284,3.18735408782959,14545000
2010-02-22T03:00:00Z,3.950000047683716,3.9749999046325684,3.9000000953674316,3.9749999046325684,3.2279577255249023,16869000
2010-02-23T03:00:00Z,3.9749999046325684,4.125,3.9749999046325684,4.050000190734863,3.2888622283935547,32143000
2010-02-24T03:00:00Z,4.025000095367432,4.074999809265137,4.025000095367432,4.025000095367432,3.2685604095458984,11926000
2010-02-25T03:00:00Z,4.050000190734863,4.050000190734863,3.950000047683716,3.9749999046325684,3.2279577255249023,13001000
2010-02-26T03:00:00Z,4,4,3.825000047683716,3.875,3.1467506885528564,74483000
2010-03-02T03:00:00Z,3.875,3.924999952316284,3.875,3.9000000953674316,3.1670525074005127,19435000
2010-03-03T03:00:00Z,3.924999952316284,3.924999952316284,3.825000047683716,3.8499999046325684,3.1264493465423584,32181000
2010-03-04T03:00:00Z,3.825000047683716,3.875,3.825000047683716,3.825000047683716,3.106147527694702,15148000
2010-03-05T03:00:00Z,3.8499999046325684,3.875,3.7750000953674316,3.7750000953674316,3.065545082092285,28950000
2010-03-08T03:00:00Z,3.799999952316284,3.799999952316284,3.700000047683716,3.700000047683716,3.0046398639678955,18107000
2010-03-09T03:00:00Z,3.7249999046325684,3.7249999046325684,3.674999952316284,3.700000047683716,3.0046398639678955,10417000
2010-03-10T03:00:00Z,3.674999952316284,3.7249999046325684,3.6500000953674316,3.6500000953674316,2.964036464691162,21481000
2010-03-11T03:00:00Z,3.674999952316284,3.7750000953674316,3.6500000953674316,3.75,3.04524302482605,31616000
2010-03-12T03:00:00Z,3.75,3.7750000953674316,3.700000047683716,3.7750000953674316,3.065545082092285,13597000
2010-03-15T03:00:00Z,3.7249999046325684,3.7750000953674316,3.7249999046325684,3.75,3.04524302482605,5446000
2010-03-16T03:00:00Z,3.7750000953674316,3.875,3.75,3.8499999046325684,3.1264493465423584,53057000
2010-03-17T03:00:00Z,3.924999952316284,3.9749999046325684,3.9000000953674316,3.924999952316284,3.18735408782959,66933000
2010-03-18T03:00:00Z,3.924999952316284,3.950000047683716,3.8499999046325684,3.8499999046325684,3.1264493465423584,39126000
2010-03-19T03:00:00Z,3.875,3.924999952316284,3.8499999046325684,3.924999952316284,3.18735408782959,43780000
2010-03-22T03:00:00Z,3.875,3.9749999046325684,3.8499999046325684,3.875,3.1467506885528564,71424000
2010-03-23T03:00:00Z,3.924999952316284,4.050000190734863,3.875,3.875,3.1467506885528564,245293000
2010-03-24T03:00:00Z,3.950000047683716,3.950000047683716,3.875,3.875,3.1467506885528564,56136000
2010-03-25T03:00:00Z,3.875,3.9000000953674316,3.8499999046325684,3.875,3.1467506885528564,20399000
2010-03-26T03:00:00Z,3.875,3.9000000953674316,3.8499999046325684,3.8499999046325684,3.1264493465423584,12432000
2010-03-29T03:00:00Z,3.8499999046325684,3.875,3.7750000953674316,3.7750000953674316,3.065545082092285,24077000
2010-03-30T03:00:00Z,3.7750000953674316,3.9000000953674316,3.7750000953674316,3.9000000953674316,3.1670525074005127,16265000
2010-03-31T03:00:00Z,3.9000000953674316,3.924999952316284,3.799999952316284,3.825000047683716,3.106147527694702,22096000
2010-04-01T03:00:00Z,3.875,3.9000000953674316,3.825000047683716,3.8499999046325684,3.1264493465423584,25199000
2010-04-02T03:00:00Z,3.9000000953674316,3.9000000953674316,3.825000047683716,3.825000047683716,3.106147527694702,8299000
2010-04-05T03:00:00Z,3.7750000953674316,3.825000047683716,3.75,3.825000047683716,3.106147527694702,11278000
2010-04-07T03:00:00Z,3.825000047683716,3.8499999046325684,3.75,3.7750000953674316,3.065545082092285,30918000
2010-04-08T03:00:00Z,3.75,3.7750000953674316,3.5999999046325684,3.5999999046325684,2.9234328269958496,51828000
2010-04-09T03:00:00Z,3.549999952316284,3.700000047683716,3.549999952316284,3.700000047683716,3.0046398639678955,25975000
2010-04-12T03:00:00Z,3.450000047683716,3.575000047683716,3.450000047683716,3.549999952316284,2.8828299045562744,25222000
2010-04-16T03:00:00Z,3.5250000953674316,3.5250000953674316,3.3499999046325684,3.375,2.740718364715576,26154000
2010-04-19T03:00:00Z,3.2750000953674316,3.2750000953674316,3.125,3.125,2.5377020835876465,30796000
2010-04-20T03:00:00Z,3.200000047683716,3.4749999046325684,3.200000047683716,3.4749999046325684,2.8219246864318848,40270000
2010-04-21T03:00:00Z,3.450000047683716,3.4749999046325684,3.3499999046325684,3.4000000953674316,2.7610201835632324,23424000
2010-04-22T03:00:00Z,3.4000000953674316,3.4749999046325684,3.375,3.424999952316284,2.7813220024108887,13426000
2010-04-23T03:00:00Z,3.325000047683716,3.424999952316284,3.325000047683716,3.424999952316284,2.7813220024108887,6808000
2010-04-26T03:00:00Z,3.424999952316284,3.5250000953674316,3.424999952316284,3.4749999046325684,2.8219246864318848,13468000
2010-04-27T03:00:00Z,3.4749999046325684,3.4749999046325684,3.4000000953674316,3.4000000953674316,2.7610201835632324,5995000
2010-04-28T03:00:00Z,3.375,3.4000000953674316,3.3499999046325684,3.375,2.740718364715576,9729000
2010-04-29T03:00:00Z,3.3499999046325684,3.424999952316284,3.3499999046325684,3.375,2.740718364715576,4760000
2010-04-30T03:00:00Z,3.424999952316284,3.424999952316284,3.375,3.424999952316284,2.7813220024108887,2854000
2010-05-04T03:00:00Z,3.625,3.7249999046325684,3.5999999046325684,3.700000047683716,3.0046398639678955,33065000
2010-05-06T03:00:00Z,3.625,3.7249999046325684,3.625,3.7249999046325684,3.0249409675598145,16704000
2010-05-07T03:00:00Z,3.625,3.625,3.5250000953674316,3.575000047683716,2.9031312465667725,26669000
2010-05-10T03:00:00Z,3.5999999046325684,3.625,3.575000047683716,3.575000047683716,2.9031312465667725,7006000
2010-05-11T03:00:00Z,3.625,3.6500000953674316,3.575000047683716,3.575000047683716,2.9031312465667725,9809000
2010-05-12T03:00:00Z,3.575000047683716,3.625,3.575000047683716,3.575000047683716,2.9031312465667725,6859000
2010-05-13T03:00:00Z,3.575000047683716,3.625,3.5250000953674316,3.5250000953674316,2.862527847290039,8910000
2010-05-14T03:00:00Z,3.424999952316284,3.5,3.4000000953674316,3.5,2.842226505279541,10955000
2010-05-17T03:00:00Z,3.325000047683716,3.4000000953674316,3.325000047683716,3.4000000953674316,2.7610201835632324,12657000
2010-05-18T03:00:00Z,3.375,3.5250000953674316,3.325000047683716,3.4749999046325684,2.8219246864318848,7780000
2010-05-19T03:00:00Z,3.4000000953674316,3.450000047683716,3.4000000953674316,3.424999952316284,2.7813220024108887,12683000
2010-05-20T03:00:00Z,3.424999952316284,3.424999952316284,3.424999952316284,3.424999952316284,2.7813220024108887,0
2010-05-21T03:00:00Z,3.424999952316284,3.424999952316284,3.424999952316284,3.424999952316284,2.7813220024108887,0
2010-05-24T03:00:00Z,3.4000000953674316,3.424999952316284,3.299999952316284,3.325000047683716,2.700115203857422,20913000
2010-05-25T03:00:00Z,3.2750000953674316,3.299999952316284,3.1500000953674316,3.1500000953674316,2.558004140853882,16068000
2010-05-26T03:00:00Z,3.25,3.2750000953674316,3.200000047683716,3.200000047683716,2.598606824874878,6923000
2010-05-27T03:00:00Z,3.200000047683716,3.299999952316284,3.200000047683716,3.2750000953674316,2.6595118045806885,10076000
2010-05-31T03:00:00Z,3.325000047683716,3.3499999046325684,3.299999952316284,3.3499999046325684,2.720417022705078,8306000
2010-06-01T03:00:00Z,3.3499999046325684,3.375,3.299999952316284,3.325000047683716,2.700115203857422,4641000
2010-06-02T03:00:00Z,3.3499999046325684,3.375,3.325000047683716,3.325000047683716,2.700115203857422,10202000
2010-06-03T03:00:00Z,3.375,3.450000047683716,3.375,3.424999952316284,2.7813220024108887,12061000
2010-06-04T03:00:00Z,3.424999952316284,3.5,3.424999952316284,3.5,2.842226505279541,11497000
2010-06-07T03:00:00Z,3.424999952316284,3.424999952316284,3.375,3.424999952316284,2.7813220024108887,5807000
2010-06-08T03:00:00Z,3.424999952316284,3.424999952316284,3.3499999046325684,3.3499999046325684,2.720417022705078,8087000
2010-06-09T03:00:00Z,3.4000000953674316,3.4000000953674316,3.3499999046325684,3.375,2.740718364715576,5838000
2010-06-10T03:00:00Z,3.375,3.4000000953674316,3.375,3.4000000953674316,2.7610201835632324,4149000
2010-06-11T03:00:00Z,3.424999952316284,3.424999952316284,3.3499999046325684,3.3499999046325684,2.720417022705078,7442000
2010-06-14T03:00:00Z,3.4000000953674316,3.450000047683716,3.4000000953674316,3.424999952316284,2.7813220024108887,8741000
2010-06-15T03:00:00Z,3.450000047683716,3.4749999046325684,3.424999952316284,3.424999952316284,2.7813220024108887,9761000
2010-06-16T03:00:00Z,3.4749999046325684,3.5999999046325684,3.4749999046325684,3.549999952316284,2.8828299045562744,36133000
2010-06-17T03:00:00Z,3.575000047683716,3.5999999046325684,3.5250000953674316,3.549999952316284,2.8828299045562744,24480000
2010-06-18T03:00:00Z,3.575000047683716,3.575000047683716,3.424999952316284,3.424999952316284,2.7813220024108887,40235000
2010-06-21T03:00:00Z,3.4749999046325684,3.5250000953674316,3.4749999046325684,3.5250000953674316,2.862527847290039,21999000
2010-06-22T03:00:00Z,3.5,3.549999952316284,3.5,3.549999952316284,2.8828299045562744,12453000
2010-06-23T03:00:00Z,3.5250000953674316,3.549999952316284,3.5,3.5250000953674316,2.862527847290039,6082000
2010-06-24T03:00:00Z,3.549999952316284,3.549999952316284,3.450000047683716,3.450000047683716,2.8016231060028076,12307000
2010-06-25T03:00:00Z,3.450000047683716,3.4749999046325684,3.4000000953674316,3.424999952316284,2.7813220024108887,22589000
2010-06-28T03:00:00Z,3.424999952316284,3.5,3.424999952316284,3.4749999046325684,2.8219246864318848,4716000
2010-06-29T03:00:00Z,3.450000047683716,3.5,3.424999952316284,3.424999952316284,2.7813220024108887,14020000
2010-06-30T03:00:00Z,3.424999952316284,3.450000047683716,3.4000000953674316,3.4000000953674316,2.7610201835632324,11799000
2010-07-02T03:00:00Z,3.4000000953674316,3.450000047683716,3.4000000953674316,3.4000000953674316,2.7610201835632324,15536000
2010-07-05T03:00:00Z,3.424999952316284,3.4749999046325684,3.4000000953674316,3.450000047683716,2.8016231060028076,14685000
2010-07-06T03:00:00Z,3.424999952316284,3.5,3.424999952316284,3.4749999046325684,2.8219246864318848,14264000
2010-07-07T03:00:00Z,3.4749999046325684,3.5999999046325684,3.4749999046325684,3.549999952316284,2.8828299045562744,45406000
2010-07-08T03:00:00Z,3.5999999046325684,3.625,3.549999952316284,3.549999952316284,2.8828299045562744,35629000
2010-07-09T03:00:00Z,3.5999999046325684,3.674999952316284,3.5999999046325684,3.625,2.943735122680664,38346000
2010-07-12T03:00:00Z,3.674999952316284,3.700000047683716,3.6500000953674316,3.700000047683716,3.0046398639678955,33230000
2010-07-13T03:00:00Z,3.7750000953674316,3.9000000953674316,3.7750000953674316,3.825000047683716,3.106147527694702,100878000
2010-07-14T03:00:00Z,3.825000047683716,3.8499999046325684,3.7249999046325684,3.75,3.04524302482605,24009000
2010-07-15T03:00:00Z,3.7750000953674316,3.7750000953674316,3.7249999046325684,3.75,3.04524302482605,10091000
2010-07-16T03:00:00Z,3.7750000953674316,3.825000047683716,3.700000047683716,3.7750000953674316,3.065545082092285,39672000
2010-07-19T03:00:00Z,3.799999952316284,3.825000047683716,3.75,3.799999952316284,3.0858452320098877,29375000
2010-07-20T03:00:00Z,3.799999952316284,3.8499999046325684,3.7750000953674316,3.799999952316284,3.0858452320098877,51243000
2010-07-21T03:00:00Z,3.825000047683716,3.8499999046325684,3.799999952316284,3.799999952316284,3.0858452320098877,25225000
2010-07-22T03:00:00Z,3.825000047683716,3.950000047683716,3.799999952316284,3.9000000953674316,3.1670525074005127,78656000
2010-07-23T03:00:00Z,3.950000047683716,3.9749999046325684,3.9000000953674316,3.9000000953674316,3.1670525074005127,44519000
2010-07-27T03:00:00Z,3.924999952316284,3.9749999046325684,3.875,3.9000000953674316,3.1670525074005127,59795000
2010-07-28T03:00:00Z,3.924999952316284,3.924999952316284,3.8499999046325684,3.924999952316284,3.18735408782959,48053000
2010-07-29T03:00:00Z,3.9000000953674316,3.9000000953674316,3.825000047683716,3.875,3.1467506885528564,21004000
2010-07-30T03:00:00Z,3.875,3.924999952316284,3.875,3.875,3.1467506885528564,20494000
2010-08-02T03:00:00Z,3.924999952316284,3.924999952316284,3.875,3.924999952316284,3.18735408782959,34283000
2010-08-03T03:00:00Z,3.924999952316284,3.924999952316284,3.875,3.924999952316284,3.18735408782959,23927000
2010-08-04T03:00:00Z,3.924999952316284,3.924999952316284,3.825000047683716,3.825000047683716,3.106147527694702,17092000
2010-08-05T03:00:00Z,3.825000047683716,3.8499999046325684,3.799999952316284,3.799999952316284,3.0858452320098877,14764000
2010-08-06T03:00:00Z,3.799999952316284,3.8499999046325684,3.799999952316284,3.799999952316284,3.0858452320098877,12575000
2010-08-09T03:00:00Z,3.825000047683716,3.950000047683716,3.799999952316284,3.950000047683716,3.207655668258667,41808000
2010-08-10T03:00:00Z,3.950000047683716,4.074999809265137,3.924999952316284,3.9749999046325684,3.2279577255249023,76545000
2010-08-11T03:00:00Z,3.9749999046325684,3.9749999046325684,3.875,3.924999952316284,3.18735408782959,12482000
2010-08-16T03:00:00Z,3.875,3.9000000953674316,3.8499999046325684,3.8499999046325684,3.1264493465423584,13562000
2010-08-17T03:00:00Z,3.8499999046325684,3.924999952316284,3.8499999046325684,3.924999952316284,3.18735408782959,29512000
2010-08-18T03:00:00Z,3.950000047683716,4,3.9000000953674316,3.9749999046325684,3.2279577255249023,39967000
2010-08-19T03:00:00Z,4,4,3.950000047683716,4,3.2482588291168213,27850000
2010-08-20T03:00:00Z,4,4.050000190734863,3.9749999046325684,4.050000190734863,3.2888622283935547,59650000
2010-08-23T03:00:00Z,4.050000190734863,4.050000190734863,3.9749999046325684,4,3.2482588291168213,19708000
2010-08-24T03:00:00Z,3.9749999046325684,4,3.9000000953674316,3.9000000953674316,3.1670525074005127,15153000
2010-08-25T03:00:00Z,3.9000000953674316,3.950000047683716,3.875,3.9000000953674316,3.1670525074005127,35466000
2010-08-26T03:00:00Z,3.9000000953674316,3.924999952316284,3.8499999046325684,3.9000000953674316,3.1670525074005127,17462000
2010-08-27T03:00:00Z,3.875,3.924999952316284,3.8499999046325684,3.875,3.1467506885528564,17515000
2010-08-30T03:00:00Z,3.9000000953674316,3.950000047683716,3.875,3.950000047683716,3.207655668258667,29116000
2010-08-31T03:00:00Z,3.950000047683716,3.9749999046325684,3.9000000953674316,3.9749999046325684,3.2279577255249023,20242000
2010-09-01T03:00:00Z,4,4.025000095367432,3.924999952316284,3.950000047683716,3.207655668258667,26977000
2010-09-02T03:00:00Z,3.950000047683716,3.9749999046325684,3.875,3.924999952316284,3.18735408782959,25062000
2010-09-03T03:00:00Z,3.950000047683716,3.950000047683716,3.9000000953674316,3.924999952316284,3.18735408782959,21804000
2010-09-06T03:00:00Z,3.950000047683716,4.074999809265137,3.924999952316284,4,3.2482588291168213,73070000
2010-09-07T03:00:00Z,4.025000095367432,4.025000095367432,3.9000000953674316,3.924999952316284,3.18735408782959,25995000
2010-09-08T03:00:00Z,3.875,3.9000000953674316,3.8499999046325684,3.9000000953674316,3.1670525074005127,18672000
2010-09-09T03:00:00Z,3.9000000953674316,3.9000000953674316,3.875,3.9000000953674316,3.1670525074005127,5857000
2010-09-10T03:00:00Z,3.9000000953674316,3.9000000953674316,3.8499999046325684,3.875,3.1467506885528564,7015000
2010-09-13T03:00:00Z,3.9000000953674316,3.9000000953674316,3.875,3.9000000953674316,3.1670525074005127,10763000
2010-09-14T03:00:00Z,3.9000000953674316,3.9000000953674316,3.875,3.9000000953674316,3.1670525074005127,9074000
2010-09-15T03:00:00Z,3.875,3.9000000953674316,3.799999952316284,3.9000000953674316,3.1670525074005127,11152000
2010-09-16T03:00:00Z,3.875,3.875,3.8499999046325684,3.8499999046325684,3.1264493465423584,3672000
2010-09-17T03:00:00Z,3.875,3.875,3.825000047683716,3.8499999046325684,3.1264493465423584,7934000
2010-09-20T03:00:00Z,3.875,3.924999952316284,3.8499999046325684,3.875,3.1467506885528564,19265000
2010-09-21T03:00:00Z,3.9000000953674316,3.924999952316284,3.9000000953674316,3.9000000953674316,3.1670525074005127,8009000
2010-09-22T03:00:00Z,3.950000047683716,4.025000095367432,3.950000047683716,3.9749999046325684,3.2279577255249023,72089000
2010-09-23T03:00:00Z,4,4.025000095367432,3.950000047683716,3.9749999046325684,3.2279577255249023,31223000
2010-09-24T03:00:00Z,4,4.199999809265137,4,4.150000095367432,3.3700685501098633,157199000
2010-09-27T03:00:00Z,4.224999904632568,4.25,4.175000190734863,4.199999809265137,3.4106719493865967,78206000
2010-09-28T03:00:00Z,4.199999809265137,4.199999809265137,4.074999809265137,4.125,3.3497672080993652,31457000
2010-09-29T03:00:00Z,4.175000190734863,4.224999904632568,4.125,4.125,3.3497672080993652,28130000
2010-09-30T03:00:00Z,4.150000095367432,4.199999809265137,4.125,4.150000095367432,3.3700685501098633,34745000
2010-10-01T03:00:00Z,4.150000095367432,4.175000190734863,4.099999904632568,4.150000095367432,3.3700685501098633,18936000
2010-10-04T03:00:00Z,4.175000190734863,4.175000190734863,3.9749999046325684,3.9749999046325684,3.2279577255249023,22533000
2010-10-05T03:00:00Z,4,4.050000190734863,3.924999952316284,4.050000190734863,3.2888622283935547,11768000
2010-10-06T03:00:00Z,4.050000190734863,4.050000190734863,3.950000047683716,3.9749999046325684,3.2279577255249023,15936000
2010-10-07T03:00:00Z,3.950000047683716,4,3.950000047683716,3.9749999046325684,3.2279577255249023,8518000
2010-10-08T03:00:00Z,3.950000047683716,4,3.8499999046325684,3.875,3.1467506885528564,24511000
2010-10-11T03:00:00Z,3.875,3.924999952316284,3.875,3.924999952316284,3.18735408782959,14614000
2010-10-12T03:00:00Z,3.9749999046325684,3.9749999046325684,3.9000000953674316,3.9000000953674316,3.1670525074005127,11453000
2010-10-13T03:00:00Z,3.924999952316284,3.950000047683716,3.9000000953674316,3.924999952316284,3.18735408782959,22873000
2010-10-14T03:00:00Z,3.950000047683716,4.074999809265137,3.924999952316284,4.025000095367432,3.2685604095458984,45798000
2010-10-15T03:00:00Z,4.025000095367432,4.050000190734863,3.9749999046325684,4.025000095367432,3.2685604095458984,26249000
2010-10-18T03:00:00Z,4,4.025000095367432,3.950000047683716,4,3.2482588291168213,24201000
2010-10-19T03:00:00Z,4,4.025000095367432,3.924999952316284,3.950000047683716,3.207655668258667,39336000
2010-10-20T03:00:00Z,3.950000047683716,4.025000095367432,3.924999952316284,4,3.2482588291168213,29778000
2010-10-21T03:00:00Z,4,4.074999809265137,3.9749999046325684,4.025000095367432,3.2685604095458984,16951000
2010-10-22T03:00:00Z,4.025000095367432,4.050000190734863,3.9749999046325684,4,3.2482588291168213,10377000
2010-10-26T03:00:00Z,4.025000095367432,4.025000095367432,3.9749999046325684,3.9749999046325684,3.2279577255249023,9536000
2010-10-27T03:00:00Z,4,4,3.924999952316284,3.924999952316284,3.18735408782959,16802000
2010-10-28T03:00:00Z,3.950000047683716,3.9749999046325684,3.9000000953674316,3.924999952316284,3.18735408782959,14202000
2010-10-29T03:00:00Z,3.924999952316284,3.924999952316284,3.875,3.9000000953674316,3.1670525074005127,22933000
2010-11-01T03:00:00Z,3.924999952316284,3.950000047683716,3.8499999046325684,3.9000000953674316,3.1670525074005127,15658000
2010-11-02T03:00:00Z,3.9000000953674316,3.924999952316284,3.8499999046325684,3.8499999046325684,3.1264493465423584,18418000
2010-11-03T03:00:00Z,3.8499999046325684,3.8499999046325684,3.799999952316284,3.799999952316284,3.0858452320098877,39809000
2010-11-04T03:00:00Z,3.825000047683716,3.875,3.799999952316284,3.8499999046325684,3.1264493465423584,12126000
2010-11-05T03:00:00Z,3.875,3.9000000953674316,3.8499999046325684,3.8499999046325684,3.1264493465423584,14326000
2010-11-08T03:00:00Z,3.8499999046325684,3.9000000953674316,3.8499999046325684,3.8499999046325684,3.1264493465423584,9111000
2010-11-09T03:00:00Z,3.875,3.875,3.8499999046325684,3.875,3.1467506885528564,7461000
2010-11-10T03:00:00Z,3.8499999046325684,3.875,3.825000047683716,3.8499999046325684,3.1264493465423584,11378000
2010-11-11T03:00:00Z,3.8499999046325684,3.8499999046325684,3.799999952316284,3.799999952316284,3.0858452320098877,12195000
2010-11-12T03:00:00Z,3.825000047683716,3.825000047683716,3.7249999046325684,3.7249999046325684,3.0249409675598145,20204000
2010-11-15T03:00:00Z,3.7249999046325684,3.75,3.700000047683716,3.700000047683716,3.0046398639678955,15570000
2010-11-16T03:00:00Z,3.700000047683716,3.75,3.674999952316284,3.674999952316284,2.98433780670166,10529000
2010-11-17T03:00:00Z,3.700000047683716,3.7249999046325684,3.625,3.6500000953674316,2.964036464691162,7323000
2010-11-18T03:00:00Z,3.6500000953674316,3.7750000953674316,3.6500000953674316,3.700000047683716,3.0046398639678955,12067000
2010-11-19T03:00:00Z,3.75,3.75,3.674999952316284,3.674999952316284,2.98433780670166,6543000
2010-11-22T03:00:00Z,3.700000047683716,3.7249999046325684,3.674999952316284,3.7249999046325684,3.0249409675598145,4236000
2010-11-23T03:00:00Z,3.7249999046325684,3.7249999046325684,3.674999952316284,3.700000047683716,3.0046398639678955,7876000
2010-11-24T03:00:00Z,3.700000047683716,3.825000047683716,3.700000047683716,3.825000047683716,3.106147527694702,26557000
2010-11-25T03:00:00Z,3.8499999046325684,3.875,3.75,3.825000047683716,3.106147527694702,26088000
2010-11-26T03:00:00Z,3.825000047683716,3.825000047683716,3.75,3.825000047683716,3.106147527694702,8080000
2010-11-29T03:00:00Z,3.7750000953674316,3.8499999046325684,3.75,3.8499999046325684,3.1264493465423584,9868000
2010-11-30T03:00:00Z,3.875,3.875,3.799999952316284,3.825000047683716,3.106147527694702,19728000
2010-12-01T03:00:00Z,3.875,3.875,3.825000047683716,3.875,3.1467506885528564,16242000
2010-12-02T03:00:00Z,3.875,4,3.875,3.924999952316284,3.18735408782959,31460000
2010-12-03T03:00:00Z,3.9749999046325684,3.9749999046325684,3.825000047683716,3.8499999046325684,3.1264493465423584,17657000
2010-12-07T03:00:00Z,3.8499999046325684,3.875,3.825000047683716,3.825000047683716,3.106147527694702,8746000
2010-12-08T03:00:00Z,3.8499999046325684,3.875,3.799999952316284,3.799999952316284,3.0858452320098877,17141000
2010-12-09T03:00:00Z,3.799999952316284,3.9000000953674316,3.799999952316284,3.875,3.1467506885528564,5911000
2010-12-13T03:00:00Z,3.9000000953674316,3.924999952316284,3.875,3.875,3.1467506885528564,10812000
2010-12-14T03:00:00Z,3.875,3.9000000953674316,3.875,3.9000000953674316,3.1670525074005127,7861000
2010-12-15T03:00:00Z,3.924999952316284,3.924999952316284,3.8499999046325684,3.9000000953674316,3.1670525074005127,10094000
2010-12-16T03:00:00Z,3.9000000953674316,3.950000047683716,3.8499999046325684,3.950000047683716,3.207655668258667,22173000
2010-12-17T03:00:00Z,3.950000047683716,3.9749999046325684,3.9000000953674316,3.9000000953674316,3.1670525074005127,25062000
2010-12-20T03:00:00Z,3.825000047683716,3.875,3.799999952316284,3.875,3.191762685775757,17459000
2010-12-21T03:00:00Z,3.8499999046325684,3.924999952316284,3.799999952316284,3.924999952316284,3.2329471111297607,15898000
2010-12-22T03:00:00Z,3.9000000953674316,3.9000000953674316,3.8499999046325684,3.875,3.191762685775757,7953000
2010-12-23T03:00:00Z,3.8499999046325684,3.924999952316284,3.8499999046325684,3.8499999046325684,3.171170949935913,3009000
2010-12-24T03:00:00Z,3.8499999046325684,3.924999952316284,3.8499999046325684,3.924999952316284,3.2329471111297607,10967000
2010-12-27T03:00:00Z,3.875,3.950000047683716,3.8499999046325684,3.950000047683716,3.2535390853881836,12291000
2010-12-28T03:00:00Z,3.950000047683716,3.950000047683716,3.9000000953674316,3.9000000953674316,3.2123546600341797,3679000
2010-12-29T03:00:00Z,3.950000047683716,3.950000047683716,3.9000000953674316,3.950000047683716,3.2535390853881836,9256000
2010-12-30T03:00:00Z,3.9000000953674316,3.950000047683716,3.9000000953674316,3.9000000953674316,3.2123546600341797,6718000
2011-01-04T03:00:00Z,3.950000047683716,3.950000047683716,3.875,3.875,3.191762685775757,17029000
2011-01-05T03:00:00Z,3.875,3.9000000953674316,3.875,3.9000000953674316,3.2123546600341797,6877000
2011-01-06T03:00:00Z,3.9000000953674316,3.924999952316284,3.825000047683716,3.8499999046325684,3.171170949935913,28121000
2011-01-07T03:00:00Z,3.825000047683716,3.9000000953674316,3.825000047683716,3.8499999046325684,3.171170949935913,12266000
2011-01-10T03:00:00Z,3.8499999046325684,3.8499999046325684,3.75,3.799999952316284,3.1299867630004883,21283000
2011-01-11T03:00:00Z,3.7750000953674316,3.7750000953674316,3.7249999046325684,3.75,3.0888030529022217,11832000
2011-01-12T03:00:00Z,3.7750000953674316,3.7750000953674316,3.7249999046325684,3.7249999046325684,3.0682106018066406,10416000
2011-01-13T03:00:00Z,3.75,3.7750000953674316,3.700000047683716,3.7249999046325684,3.0682106018066406,16987000
2011-01-14T03:00:00Z,3.75,3.75,3.7249999046325684,3.7249999046325684,3.0682106018066406,6497000
2011-01-17T03:00:00Z,3.7249999046325684,3.75,3.700000047683716,3.7249999046325684,3.0682106018066406,11491000
2011-01-18T03:00:00Z,3.7249999046325684,3.799999952316284,3.7249999046325684,3.7249999046325684,3.0682106018066406,5599000
2011-01-19T03:00:00Z,3.7750000953674316,3.7750000953674316,3.75,3.75,3.0888030529022217,9949000
2011-01-20T03:00:00Z,3.75,3.7750000953674316,3.700000047683716,3.700000047683716,3.047619104385376,16091000
2011-01-21T03:00:00Z,3.700000047683716,3.7249999046325684,3.6500000953674316,3.674999952316284,3.027026891708374,24333000
2011-01-24T03:00:00Z,3.674999952316284,3.674999952316284,3.549999952316284,3.549999952316284,2.9240667819976807,17232000
2011-01-25T03:00:00Z,3.5999999046325684,3.5999999046325684,3.325000047683716,3.3499999046325684,2.7593305110931396,51983000
2011-01-26T03:00:00Z,3.375,3.450000047683716,3.3499999046325684,3.4000000953674316,2.8005149364471436,19926000
2011-01-27T03:00:00Z,3.4000000953674316,3.450000047683716,3.3499999046325684,3.4000000953674316,2.8005149364471436,17175000
2011-01-28T03:00:00Z,3.375,3.424999952316284,3.375,3.375,2.7799224853515625,9674000
2011-01-31T03:00:00Z,3.325000047683716,3.3499999046325684,3.2750000953674316,3.2750000953674316,2.697554588317871,18344000
2011-02-01T03:00:00Z,3.299999952316284,3.325000047683716,3.2750000953674316,3.325000047683716,2.738738536834717,5792000
2011-02-02T03:00:00Z,3.3499999046325684,3.3499999046325684,3.325000047683716,3.325000047683716,2.738738536834717,6469000
2011-02-03T03:00:00Z,3.325000047683716,3.375,3.325000047683716,3.325000047683716,2.738738536834717,4022000
2011-02-04T03:00:00Z,3.3499999046325684,3.4000000953674316,3.325000047683716,3.3499999046325684,2.7593305110931396,4356000
2011-02-07T03:00:00Z,3.325000047683716,3.375,3.325000047683716,3.3499999046325684,2.7593305110931396,4054000
2011-02-08T03:00:00Z,3.3499999046325684,3.4749999046325684,3.3499999046325684,3.4749999046325684,2.862290620803833,6010000
2011-02-09T03:00:00Z,3.4749999046325684,3.4749999046325684,3.375,3.4000000953674316,2.8005149364471436,8071000
2011-02-10T03:00:00Z,3.4000000953674316,3.4000000953674316,3.325000047683716,3.4000000953674316,2.8005149364471436,8719000
2011-02-11T03:00:00Z,3.375,3.375,3.325000047683716,3.375,2.7799224853515625,4532000
2011-02-14T03:00:00Z,3.4000000953674316,3.424999952316284,3.3499999046325684,3.375,2.7799224853515625,9723000
2011-02-15T03:00:00Z,3.4000000953674316,3.424999952316284,3.3499999046325684,3.375,2.7799224853515625,17958000
2011-02-16T03:00:00Z,3.4000000953674316,3.424999952316284,3.3499999046325684,3.375,2.7799224853515625,47379000
2011-02-17T03:00:00Z,3.4000000953674316,3.4000000953674316,3.3499999046325684,3.375,2.7799224853515625,40871000
2011-02-18T03:00:00Z,3.375,3.375,3.375,3.375,2.7799224853515625,0
2011-02-21T03:00:00Z,3.375,3.4000000953674316,3.3499999046325684,3.375,2.7799224853515625,11510000
2011-02-22T03:00:00Z,3.375,3.375,3.325000047683716,3.3499999046325684,2.7593305110931396,13345000
2011-02-23T03:00:00Z,3.3499999046325684,3.375,3.325000047683716,3.325000047683716,2.738738536834717,15473000
2011-02-24T03:00:00Z,3.3499999046325684,3.3499999046325684,3.2750000953674316,3.299999952316284,2.718146562576294,21297000
2011-02-25T03:00:00Z,3.325000047683716,3.325000047683716,3.2750000953674316,3.299999952316284,2.718146562576294,8188000
2011-02-28T03:00:00Z,3.299999952316284,3.325000047683716,3.299999952316284,3.299999952316284,2.718146562576294,8736000
2011-03-01T03:00:00Z,3.325000047683716,3.375,3.325000047683716,3.375,2.7799224853515625,6125000
2011-03-02T03:00:00Z,3.3499999046325684,3.3499999046325684,3.325000047683716,3.3499999046325684,2.7593305110931396,6782000
2011-03-03T03:00:00Z,3.3499999046325684,3.4000000953674316,3.3499999046325684,3.4000000953674316,2.8005149364471436,13495000
2011-03-04T03:00:00Z,3.424999952316284,3.450000047683716,3.424999952316284,3.450000047683716,2.841698408126831,11891000
2011-03-07T03:00:00Z,3.424999952316284,3.424999952316284,3.4000000953674316,3.424999952316284,2.8211069107055664,6029000
2011-03-08T03:00:00Z,3.4000000953674316,3.4000000953674316,3.3499999046325684,3.375,2.7799224853515625,24346000
2011-03-09T03:00:00Z,3.4000000953674316,3.5250000953674316,3.4000000953674316,3.5,2.8828823566436768,37881000
2011-03-10T03:00:00Z,3.5,3.5,3.450000047683716,3.450000047683716,2.841698408126831,12228000
2011-03-11T03:00:00Z,3.450000047683716,3.5999999046325684,3.450000047683716,3.5,2.8828823566436768,49042000
2011-03-14T03:00:00Z,3.5,3.5250000953674316,3.450000047683716,3.5,2.8828823566436768,18556000
2011-03-15T03:00:00Z,3.4749999046325684,3.4749999046325684,3.4000000953674316,3.424999952316284,2.8211069107055664,20025000
2011-03-16T03:00:00Z,3.424999952316284,3.424999952316284,3.375,3.375,2.7799224853515625,30543000
2011-03-17T03:00:00Z,3.3499999046325684,3.375,3.325000047683716,3.325000047683716,2.738738536834717,13342000
2011-03-21T03:00:00Z,3.3499999046325684,3.4000000953674316,3.3499999046325684,3.4000000953674316,2.8005149364471436,6486000
2011-03-22T03:00:00Z,3.424999952316284,3.4749999046325684,3.4000000953674316,3.450000047683716,2.841698408126831,15915000
2011-03-23T03:00:00Z,3.4749999046325684,3.5250000953674316,3.4749999046325684,3.5,2.8828823566436768,16384000
2011-03-24T03:00:00Z,3.5250000953674316,3.5250000953674316,3.4749999046325684,3.5,2.8828823566436768,7628000
2011-03-25T03:00:00Z,3.5,3.549999952316284,3.5,3.549999952316284,2.9240667819976807,13480000
2011-03-28T03:00:00Z,3.549999952316284,3.549999952316284,3.5,3.549999952316284,2.9240667819976807,5508000
2011-03-29T03:00:00Z,3.549999952316284,3.575000047683716,3.5250000953674316,3.575000047683716,2.9446589946746826,4517000
2011-03-30T03:00:00Z,3.575000047683716,3.700000047683716,3.549999952316284,3.6500000953674316,3.006434679031372,26737000
2011-03-31T03:00:00Z,3.674999952316284,3.700000047683716,3.5999999046325684,3.5999999046325684,2.9652507305145264,12036000
2011-04-01T03:00:00Z,3.625,3.75,3.625,3.674999952316284,3.027026891708374,18777000
2011-04-04T03:00:00Z,3.75,3.7750000953674316,3.700000047683716,3.7249999046325684,3.0682106018066406,10254000
2011-04-05T03:00:00Z,3.700000047683716,3.7249999046325684,3.6500000953674316,3.700000047683716,3.047619104385376,9120000
2011-04-07T03:00:00Z,3.700000047683716,3.700000047683716,3.674999952316284,3.674999952316284,3.027026891708374,8274000
2011-04-08T03:00:00Z,3.674999952316284,3.700000047683716,3.625,3.625,2.985842704772949,4484000
2011-04-11T03:00:00Z,3.6500000953674316,3.6500000953674316,3.5999999046325684,3.5999999046325684,2.9652507305145264,3590000
2011-04-12T03:00:00Z,3.5999999046325684,3.700000047683716,3.5999999046325684,3.700000047683716,3.047619104385376,6886000
2011-04-18T03:00:00Z,3.700000047683716,3.700000047683716,3.6500000953674316,3.700000047683716,3.047619104385376,8078000
2011-04-19T03:00:00Z,3.674999952316284,3.7249999046325684,3.674999952316284,3.7249999046325684,3.0682106018066406,19113000
2011-04-20T03:00:00Z,3.799999952316284,3.9000000953674316,3.799999952316284,3.8499999046325684,3.171170949935913,56172000
2011-04-21T03:00:00Z,3.924999952316284,3.924999952316284,3.8499999046325684,3.875,3.191762685775757,37085000
2011-04-22T03:00:00Z,3.8499999046325684,3.875,3.825000047683716,3.825000047683716,3.150578737258911,9169000
2011-04-25T03:00:00Z,3.799999952316284,3.8499999046325684,3.799999952316284,3.825000047683716,3.150578737258911,4622000
2011-04-26T03:00:00Z,3.799999952316284,3.799999952316284,3.7249999046325684,3.75,3.0888030529022217,22002000
2011-04-27T03:00:00Z,3.7750000953674316,3.799999952316284,3.75,3.7750000953674316,3.1093952655792236,10597000
2011-04-28T03:00:00Z,3.799999952316284,3.799999952316284,3.7249999046325684,3.75,3.0888030529022217,12056000
2011-04-29T03:00:00Z,3.7750000953674316,3.7750000953674316,3.700000047683716,3.700000047683716,3.047619104385376,12647000
2011-05-03T03:00:00Z,3.700000047683716,3.7249999046325684,3.575000047683716,3.575000047683716,2.9446589946746826,17418000
2011-05-04T03:00:00Z,3.575000047683716,3.625,3.549999952316284,3.625,2.985842704772949,11614000
2011-05-06T03:00:00Z,3.5999999046325684,3.625,3.5250000953674316,3.549999952316284,2.9240667819976807,22979000
2011-05-09T03:00:00Z,3.575000047683716,3.625,3.549999952316284,3.575000047683716,2.9446589946746826,12541000
2011-05-10T03:00:00Z,3.5999999046325684,3.6500000953674316,3.575000047683716,3.625,2.985842704772949,13411000
2011-05-11T03:00:00Z,3.6500000953674316,3.700000047683716,3.6500000953674316,3.700000047683716,3.047619104385376,12613000
2011-05-12T03:00:00Z,3.7249999046325684,3.7249999046325684,3.6500000953674316,3.6500000953674316,3.006434679031372,6171000
2011-05-13T03:00:00Z,3.674999952316284,3.700000047683716,3.575000047683716,3.6500000953674316,3.006434679031372,24058000
2011-05-18T03:00:00Z,3.700000047683716,3.799999952316284,3.674999952316284,3.7750000953674316,3.1093952655792236,65584000
2011-05-19T03:00:00Z,3.825000047683716,3.8499999046325684,3.7750000953674316,3.825000047683716,3.150578737258911,35994000
2011-05-20T03:00:00Z,3.8499999046325684,3.8499999046325684,3.7750000953674316,3.7750000953674316,3.1093952655792236,13708000
2011-05-23T03:00:00Z,3.75,3.7750000953674316,3.700000047683716,3.700000047683716,3.047619104385376,14818000
2011-05-24T03:00:00Z,3.700000047683716,3.7750000953674316,3.700000047683716,3.7750000953674316,3.1093952655792236,9886000
2011-05-25T03:00:00Z,3.75,3.75,3.674999952316284,3.674999952316284,3.027026891708374,7263000
2011-05-26T03:00:00Z,3.700000047683716,3.75,3.700000047683716,3.700000047683716,3.047619104385376,4633000
2011-05-27T03:00:00Z,3.700000047683716,3.75,3.700000047683716,3.7249999046325684,3.0682106018066406,8419000
2011-05-30T03:00:00Z,3.7750000953674316,3.825000047683716,3.7750000953674316,3.825000047683716,3.150578737258911,26456000
2011-05-31T03:00:00Z,3.8499999046325684,3.924999952316284,3.8499999046325684,3.924999952316284,3.2329471111297607,127519000
2011-06-01T03:00:00Z,3.9000000953674316,3.950000047683716,3.825000047683716,3.8499999046325684,3.171170949935913,34179000
2011-06-02T03:00:00Z,3.825000047683716,3.825000047683716,3.674999952316284,3.7249999046325684,3.0682106018066406,67356000
2011-06-03T03:00:00Z,3.7249999046325684,3.7249999046325684,3.6500000953674316,3.700000047683716,3.047619104385376,25373000
2011-06-06T03:00:00Z,3.674999952316284,3.700000047683716,3.6500000953674316,3.674999952316284,3.027026891708374,10552000
2011-06-07T03:00:00Z,3.700000047683716,3.7249999046325684,3.674999952316284,3.674999952316284,3.027026891708374,16709000
2011-06-08T03:00:00Z,3.674999952316284,3.700000047683716,3.575000047683716,3.575000047683716,2.9446589946746826,22649000
2011-06-09T03:00:00Z,3.549999952316284,3.575000047683716,3.424999952316284,3.549999952316284,2.9240667819976807,85387000
2011-06-10T03:00:00Z,3.5250000953674316,3.549999952316284,3.4749999046325684,3.5,2.8828823566436768,38269000
2011-06-13T03:00:00Z,3.4749999046325684,3.5250000953674316,3.424999952316284,3.4749999046325684,2.862290620803833,7907000
2011-06-14T03:00:00Z,3.5,3.5,3.4749999046325684,3.5,2.8828823566436768,11994000
2011-06-15T03:00:00Z,3.5,3.5250000953674316,3.4749999046325684,3.4749999046325684,2.862290620803833,22368000
2011-06-16T03:00:00Z,3.4749999046325684,3.4749999046325684,3.450000047683716,3.450000047683716,2.841698408126831,11225000
2011-06-17T03:00:00Z,3.4749999046325684,3.5,3.450000047683716,3.450000047683716,2.841698408126831,14079000
2011-06-20T03:00:00Z,3.4749999046325684,3.4749999046325684,3.450000047683716,3.450000047683716,2.841698408126831,6052000
2011-06-21T03:00:00Z,3.4749999046325684,3.5,3.450000047683716,3.5,2.8828823566436768,10050000
2011-06-22T03:00:00Z,3.5250000953674316,3.5250000953674316,3.4749999046325684,3.4749999046325684,2.862290620803833,18552000
2011-06-23T03:00:00Z,3.5,3.5,3.4749999046325684,3.5,2.8828823566436768,12204000
2011-06-24T03:00:00Z,3.4749999046325684,3.5,3.450000047683716,3.5,2.8828823566436768,10020000
2011-06-27T03:00:00Z,3.4749999046325684,3.5,3.4749999046325684,3.4749999046325684,2.862290620803833,3999000
2011-06-28T03:00:00Z,3.5,3.5,3.4749999046325684,3.5,2.8828823566436768,6409000
2011-06-29T03:00:00Z,3.4749999046325684,3.5,3.4749999046325684,3.5,2.8828823566436768,27983000
2011-06-30T03:00:00Z,3.5250000953674316,3.6500000953674316,3.4749999046325684,3.5999999046325684,2.9652507305145264,110896000
2011-07-04T03:00:00Z,3.700000047683716,3.799999952316284,3.674999952316284,3.799999952316284,3.1299867630004883,54429000
2011-07-05T03:00:00Z,3.825000047683716,3.8499999046325684,3.75,3.7750000953674316,3.1093952655792236,43191000
2011-07-06T03:00:00Z,3.7750000953674316,3.875,3.7750000953674316,3.825000047683716,3.150578737258911,52367000
2011-07-07T03:00:00Z,3.875,3.950000047683716,3.8499999046325684,3.924999952316284,3.2329471111297607,59122000
2011-07-08T03:00:00Z,3.924999952316284,3.950000047683716,3.875,3.875,3.191762685775757,29723000
2011-07-11T03:00:00Z,3.9000000953674316,4.074999809265137,3.9000000953674316,3.950000047683716,3.2535390853881836,124036000
2011-07-12T03:00:00Z,3.950000047683716,3.950000047683716,3.9000000953674316,3.924999952316284,3.2329471111297607,36446000
2011-07-13T03:00:00Z,3.924999952316284,4.150000095367432,3.9000000953674316,4.150000095367432,3.4182751178741455,126244000
2011-07-14T03:00:00Z,4.150000095367432,4.275000095367432,4.125,4.275000095367432,3.5212347507476807,218965000
2011-07-18T03:00:00Z,4.375,4.5,4.375,4.474999904632568,3.685971260070801,155484000
2011-07-19T03:00:00Z,4.5,4.525000095367432,4.425000190734863,4.449999809265137,3.6653788089752197,64364000
2011-07-20T03:00:00Z,4.5,4.824999809265137,4.400000095367432,4.824999809265137,3.974259614944458,163314000
2011-07-21T03:00:00Z,4.75,4.824999809265137,4.724999904632568,4.75,3.912482976913452,56220000
2011-07-22T03:00:00Z,4.824999809265137,4.925000190734863,4.724999904632568,4.75,3.912482976913452,103082000
2011-07-25T03:00:00Z,4.75,4.949999809265137,4.75,4.900000095367432,4.036035060882568,60260000
2011-07-26T03:00:00Z,4.900000095367432,5,4.75,4.775000095367432,3.9330761432647705,56664000
2011-07-27T03:00:00Z,4.824999809265137,4.849999904632568,4.775000095367432,4.849999904632568,3.9948511123657227,19954000
2011-07-28T03:00:00Z,4.800000190734863,4.900000095367432,4.800000190734863,4.849999904632568,3.9948511123657227,38811000
2011-07-29T03:00:00Z,4.875,4.875,4.675000190734863,4.699999809265137,3.8712992668151855,60530000
2011-08-01T03:00:00Z,4.699999809265137,4.775000095367432,4.5,4.650000095367432,3.830115795135498,146995000
2011-08-02T03:00:00Z,4.599999904632568,4.625,4.525000095367432,4.574999809265137,3.7683393955230713,55406000
2011-08-03T03:00:00Z,4.525000095367432,4.800000190734863,4.5,4.75,3.912482976913452,113846000
2011-08-04T03:00:00Z,4.800000190734863,4.824999809265137,4.675000190734863,4.675000190734863,3.8507072925567627,60419000
2011-08-05T03:00:00Z,4.525000095367432,4.650000095367432,4.525000095367432,4.599999904632568,3.788931131362915,81964000
2011-08-08T03:00:00Z,4.525000095367432,4.650000095367432,4.449999809265137,4.474999904632568,3.685971260070801,91992000
2011-08-09T03:00:00Z,4.25,4.425000190734863,4.150000095367432,4.275000095367432,3.5212347507476807,95198000
2011-08-10T03:00:00Z,4.400000095367432,4.449999809265137,4.275000095367432,4.375,3.603602886199951,68566000
2011-08-11T03:00:00Z,4.375,4.5,4.25,4.324999809265137,3.5624191761016846,111343000
2011-08-15T03:00:00Z,4.400000095367432,4.775000095367432,4.400000095367432,4.75,3.912482976913452,124222000
2011-08-16T03:00:00Z,4.800000190734863,4.824999809265137,4.650000095367432,4.650000095367432,3.830115795135498,84013000
2011-08-17T03:00:00Z,4.699999809265137,4.775000095367432,4.650000095367432,4.724999904632568,3.8918912410736084,44786000
2011-08-18T03:00:00Z,4.775000095367432,4.800000190734863,4.550000190734863,4.599999904632568,3.788931131362915,67556000
2011-08-19T03:00:00Z,4.5,4.550000190734863,4.400000095367432,4.474999904632568,3.685971260070801,70645000
2011-08-22T03:00:00Z,4.449999809265137,4.550000190734863,4.400000095367432,4.525000095367432,3.7271552085876465,43261000
2011-08-23T03:00:00Z,4.525000095367432,4.525000095367432,4.449999809265137,4.5,3.706563949584961,28533000
2011-08-24T03:00:00Z,4.5,4.525000095367432,4.400000095367432,4.449999809265137,3.6653788089752197,19244000
2011-08-25T03:00:00Z,4.5,4.599999904632568,4.425000190734863,4.425000190734863,3.644787549972534,50650000
2011-08-26T03:00:00Z,4.400000095367432,4.550000190734863,4.375,4.550000190734863,3.7477478981018066,45645000
2011-08-29T03:00:00Z,4.574999809265137,4.625,4.5,4.625,3.809523582458496,34910000
2011-08-30T03:00:00Z,4.675000190734863,4.724999904632568,4.599999904632568,4.650000095367432,3.830115795135498,49179000
2011-08-31T03:00:00Z,4.650000095367432,4.849999904632568,4.650000095367432,4.699999809265137,3.8712992668151855,169737000
2011-09-01T03:00:00Z,4.800000190734863,4.824999809265137,4.724999904632568,4.824999809265137,3.974259614944458,88109000
2011-09-02T03:00:00Z,4.824999809265137,4.949999809265137,4.800000190734863,4.900000095367432,4.036035060882568,113832000
2011-09-05T03:00:00Z,4.900000095367432,5.050000190734863,4.75,4.800000190734863,3.9536681175231934,143515000
2011-09-06T03:00:00Z,4.800000190734863,4.824999809265137,4.625,4.699999809265137,3.8712992668151855,85088000
2011-09-07T03:00:00Z,4.724999904632568,4.775000095367432,4.675000190734863,4.699999809265137,3.8712992668151855,64174000
2011-09-08T03:00:00Z,4.699999809265137,4.775000095367432,4.675000190734863,4.775000095367432,3.9330761432647705,49450000
2011-09-09T03:00:00Z,4.775000095367432,4.824999809265137,4.724999904632568,4.800000190734863,3.9536681175231934,55256000
2011-09-12T03:00:00Z,4.675000190734863,4.724999904632568,4.650000095367432,4.724999904632568,3.8918912410736084,39044000
2011-09-13T03:00:00Z,4.724999904632568,4.724999904632568,4.625,4.650000095367432,3.830115795135498,15355000
2011-09-14T03:00:00Z,4.650000095367432,4.724999904632568,4.550000190734863,4.724999904632568,3.8918912410736084,51438000
2011-09-15T03:00:00Z,4.724999904632568,4.75,4.599999904632568,4.699999809265137,3.8712992668151855,26380000
2011-09-16T03:00:00Z,4.724999904632568,4.724999904632568,4.625,4.650000095367432,3.830115795135498,20211000
2011-09-19T03:00:00Z,4.625,4.650000095367432,4.599999904632568,4.650000095367432,3.830115795135498,8465000
2011-09-20T03:00:00Z,4.675000190734863,4.675000190734863,4.550000190734863,4.650000095367432,3.830115795135498,20319000
2011-09-21T03:00:00Z,4.625,4.724999904632568,4.574999809265137,4.699999809265137,3.8712992668151855,30652000
2011-09-22T03:00:00Z,4.625,4.650000095367432,4.474999904632568,4.525000095367432,3.7271552085876465,53354000
2011-09-23T03:00:00Z,4.449999809265137,4.449999809265137,4.050000190734863,4.275000095367432,3.5212347507476807,80235000
2011-09-26T03:00:00Z,4.175000190734863,4.224999904632568,3.625,3.7249999046325684,3.0682106018066406,181679000
2011-09-27T03:00:00Z,3.825000047683716,3.9749999046325684,3.700000047683716,3.9000000953674316,3.2123546600341797,85456000
2011-09-28T03:00:00Z,3.8499999046325684,4.025000095367432,3.825000047683716,3.924999952316284,3.2329471111297607,37685000
2011-09-29T03:00:00Z,3.875,4.099999904632568,3.875,3.950000047683716,3.2535390853881836,38274000
2011-09-30T03:00:00Z,3.9749999046325684,4.025000095367432,3.875,3.950000047683716,3.2535390853881836,30609000
2011-10-03T03:00:00Z,3.799999952316284,3.875,3.700000047683716,3.875,3.191762685775757,25051000
2011-10-04T03:00:00Z,3.8499999046325684,3.9000000953674316,3.549999952316284,3.674999952316284,3.027026891708374,53663000
2011-10-05T03:00:00Z,3.674999952316284,3.7750000953674316,3.5999999046325684,3.6500000953674316,3.006434679031372,19713000
2011-10-06T03:00:00Z,3.75,3.8499999046325684,3.674999952316284,3.825000047683716,3.150578737258911,52358000
2011-10-07T03:00:00Z,3.875,4.025000095367432,3.799999952316284,3.8499999046325684,3.171170949935913,67492000
2011-10-10T03:00:00Z,3.7750000953674316,3.825000047683716,3.674999952316284,3.825000047683716,3.150578737258911,37450000
2011-10-11T03:00:00Z,3.9000000953674316,4,3.875,3.9000000953674316,3.2123546600341797,71600000
2011-10-12T03:00:00Z,3.8499999046325684,4.050000190734863,3.8499999046325684,3.924999952316284,3.2329471111297607,47001000
2011-10-13T03:00:00Z,3.950000047683716,4.025000095367432,3.9000000953674316,3.924999952316284,3.2329471111297607,36936000
2011-10-14T03:00:00Z,3.924999952316284,3.924999952316284,3.799999952316284,3.924999952316284,3.2329471111297607,35792000
2011-10-17T03:00:00Z,3.9749999046325684,3.9749999046325684,3.9000000953674316,3.924999952316284,3.2329471111297607,31658000
2011-10-18T03:00:00Z,3.825000047683716,3.8499999046325684,3.6500000953674316,3.8499999046325684,3.171170949935913,59181000
2011-10-19T03:00:00Z,3.8499999046325684,3.8499999046325684,3.700000047683716,3.7750000953674316,3.1093952655792236,24299000
2011-10-20T03:00:00Z,3.674999952316284,3.875,3.6500000953674316,3.75,3.0888030529022217,29050000
2011-10-21T03:00:00Z,3.700000047683716,3.75,3.6500000953674316,3.7249999046325684,3.0682106018066406,38913000
2011-10-25T03:00:00Z,3.7249999046325684,3.7750000953674316,3.575000047683716,3.75,3.0888030529022217,119111000
2011-10-26T03:00:00Z,3.674999952316284,3.7750000953674316,3.6500000953674316,3.75,3.0888030529022217,15767000
2011-10-27T03:00:00Z,3.799999952316284,3.825000047683716,3.75,3.799999952316284,3.1299867630004883,14414000
2011-10-28T03:00:00Z,3.8499999046325684,3.9000000953674316,3.799999952316284,3.825000047683716,3.150578737258911,27293000
2011-10-31T03:00:00Z,3.8499999046325684,3.8499999046325684,3.7750000953674316,3.825000047683716,3.150578737258911,18921000
2011-11-01T03:00:00Z,3.825000047683716,3.875,3.799999952316284,3.825000047683716,3.150578737258911,27167000
2011-11-02T03:00:00Z,3.825000047683716,3.8499999046325684,3.7750000953674316,3.825000047683716,3.150578737258911,20675000
2011-11-03T03:00:00Z,3.799999952316284,3.825000047683716,3.7750000953674316,3.825000047683716,3.150578737258911,17962000
2011-11-04T03:00:00Z,3.8499999046325684,3.8499999046325684,3.75,3.75,3.0888030529022217,23218000
2011-11-07T03:00:00Z,3.7750000953674316,3.7750000953674316,3.575000047683716,3.575000047683716,2.9446589946746826,75393000
2011-11-08T03:00:00Z,3.5999999046325684,3.825000047683716,3.575000047683716,3.825000047683716,3.150578737258911,74217000
2011-11-09T03:00:00Z,3.7750000953674316,3.799999952316284,3.674999952316284,3.674999952316284,3.027026891708374,40515000
2011-11-10T03:00:00Z,3.625,3.75,3.625,3.7249999046325684,3.0682106018066406,23782000
2011-11-11T03:00:00Z,3.75,3.8499999046325684,3.700000047683716,3.825000047683716,3.150578737258911,22345000
2011-11-14T03:00:00Z,3.875,4.074999809265137,3.8499999046325684,4.050000190734863,3.335907459259033,67892000
2011-11-15T03:00:00Z,4.074999809265137,4.175000190734863,4.050000190734863,4.175000190734863,3.4388668537139893,63413000
2011-11-16T03:00:00Z,4.125,4.199999809265137,4.125,4.175000190734863,3.4388668537139893,26823000
2011-11-17T03:00:00Z,4.150000095367432,4.349999904632568,4.150000095367432,4.199999809265137,3.4594593048095703,47839000
2011-11-18T03:00:00Z,4.150000095367432,4.275000095367432,4.125,4.275000095367432,3.5212347507476807,35180000
2011-11-21T03:00:00Z,4.25,4.25,4.099999904632568,4.099999904632568,3.3770904541015625,35519000
2011-11-22T03:00:00Z,4.099999904632568,4.349999904632568,4.074999809265137,4.224999904632568,3.480050802230835,41448000
2011-11-23T03:00:00Z,4.199999809265137,4.275000095367432,4.175000190734863,4.25,3.500643491744995,17917000
2011-11-24T03:00:00Z,4.275000095367432,4.275000095367432,4.175000190734863,4.25,3.500643491744995,24944000
2011-11-25T03:00:00Z,4.224999904632568,4.224999904632568,4.099999904632568,4.224999904632568,3.480050802230835,36026000
2011-11-28T03:00:00Z,4.224999904632568,4.224999904632568,4.150000095367432,4.224999904632568,3.480050802230835,20631000
2011-11-29T03:00:00Z,4.224999904632568,4.300000190734863,4.199999809265137,4.275000095367432,3.5212347507476807,28670000
2011-11-30T03:00:00Z,4.275000095367432,4.300000190734863,4.25,4.300000190734863,3.5418272018432617,9971000
2011-12-01T03:00:00Z,4.375,4.375,4.275000095367432,4.275000095367432,3.5212347507476807,39101000
2011-12-02T03:00:00Z,4.300000190734863,4.349999904632568,4.25,4.275000095367432,3.5212347507476807,17178000
2011-12-06T03:00:00Z,4.25,4.324999809265137,4.25,4.300000190734863,3.5418272018432617,50058000
2011-12-07T03:00:00Z,4.300000190734863,4.375,4.275000095367432,4.300000190734863,3.5418272018432617,20994000
2011-12-08T03:00:00Z,4.275000095367432,4.375,4.275000095367432,4.275000095367432,3.5212347507476807,13978000
2011-12-09T03:00:00Z,4.25,4.324999809265137,4.25,4.275000095367432,3.5212347507476807,7353000
2011-12-13T03:00:00Z,4.25,4.300000190734863,4.25,4.300000190734863,3.5418272018432617,8148000
2011-12-14T03:00:00Z,4.275000095367432,4.349999904632568,4.175000190734863,4.25,3.500643491744995,26892000
2011-12-15T03:00:00Z,4.199999809265137,4.275000095367432,4.150000095367432,4.275000095367432,3.5212347507476807,6188000
2011-12-16T03:00:00Z,4.275000095367432,4.425000190734863,4.275000095367432,4.349999904632568,3.5830111503601074,22882000
2011-12-19T03:00:00Z,4.349999904632568,4.650000095367432,4.324999809265137,4.650000095367432,3.830115795135498,37277000
2011-12-20T03:00:00Z,4.650000095367432,4.75,4.599999904632568,4.625,3.809523582458496,29986000
2011-12-21T03:00:00Z,4.675000190734863,4.675000190734863,4.574999809265137,4.574999809265137,3.7683393955230713,10631000
2011-12-22T03:00:00Z,4.574999809265137,4.625,4.525000095367432,4.599999904632568,3.788931131362915,21253000
2011-12-23T03:00:00Z,4.650000095367432,4.650000095367432,4.5,4.599999904632568,3.788931131362915,15184000
2011-12-26T03:00:00Z,4.599999904632568,4.599999904632568,4.525000095367432,4.599999904632568,3.788931131362915,7104000
2011-12-27T03:00:00Z,4.5,4.5,4.425000190734863,4.425000190734863,3.7092971801757812,7198000
2011-12-28T03:00:00Z,4.400000095367432,4.474999904632568,4.400000095367432,4.449999809265137,3.730253219604492,5864000
2011-12-29T03:00:00Z,4.425000190734863,4.525000095367432,4.400000095367432,4.474999904632568,3.7512097358703613,10521000
2011-12-30T03:00:00Z,4.474999904632568,4.525000095367432,4.449999809265137,4.5,3.7721669673919678,5537000
2012-01-04T03:00:00Z,4.525000095367432,4.699999809265137,4.525000095367432,4.699999809265137,3.9398179054260254,51257000
2012-01-05T03:00:00Z,4.724999904632568,4.925000190734863,4.699999809265137,4.800000190734863,4.02364444732666,66392000
2012-01-06T03:00:00Z,4.800000190734863,4.974999904632568,4.800000190734863,4.925000190734863,4.1284260749816895,75077000
2012-01-09T03:00:00Z,4.974999904632568,5.125,4.925000190734863,5.050000190734863,4.233209609985352,99757000
2012-01-10T03:00:00Z,5.050000190734863,5.050000190734863,4.875,4.949999809265137,4.149383068084717,56901000
2012-01-11T03:00:00Z,4.949999809265137,5.025000095367432,4.875,4.875,4.086513519287109,36550000
2012-01-12T03:00:00Z,4.925000190734863,5.074999809265137,4.925000190734863,5,4.191296100616455,33234000
2012-01-13T03:00:00Z,4.974999904632568,5,4.925000190734863,4.925000190734863,4.1284260749816895,22994000
2012-01-16T03:00:00Z,4.875,4.974999904632568,4.875,4.974999904632568,4.1703386306762695,16047000
2012-01-17T03:00:00Z,4.974999904632568,4.974999904632568,4.824999809265137,4.900000095367432,4.10746955871582,51065000
2012-01-18T03:00:00Z,4.900000095367432,5,4.875,4.925000190734863,4.1284260749816895,44021000
2012-01-19T03:00:00Z,4.974999904632568,4.974999904632568,4.849999904632568,4.849999904632568,4.065556526184082,26551000
2012-01-20T03:00:00Z,4.849999904632568,4.974999904632568,4.824999809265137,4.974999904632568,4.1703386306762695,23356000
2012-01-23T03:00:00Z,4.949999809265137,4.974999904632568,4.925000190734863,4.949999809265137,4.149383068084717,10919000
2012-01-24T03:00:00Z,4.949999809265137,4.949999809265137,4.849999904632568,4.849999904632568,4.065556526184082,17667000
2012-01-25T03:00:00Z,4.900000095367432,4.900000095367432,4.849999904632568,4.849999904632568,4.065556526184082,10589000
2012-01-26T03:00:00Z,4.925000190734863,5.150000095367432,4.925000190734863,5.150000095367432,4.317034721374512,75375000
2012-01-27T03:00:00Z,5.175000190734863,5.175000190734863,5.050000190734863,5.150000095367432,4.317034721374512,33359000
2012-01-30T03:00:00Z,5.125,5.125,5.050000190734863,5.074999809265137,4.254164695739746,16584000
2012-01-31T03:00:00Z,5.125,5.375,5.099999904632568,5.275000095367432,4.421816825866699,63518000
2012-02-01T03:00:00Z,5.300000190734863,5.300000190734863,5.25,5.300000190734863,4.442774295806885,16362000
2012-02-02T03:00:00Z,5.300000190734863,5.349999904632568,5.25,5.349999904632568,4.484686374664307,21726000
2012-02-03T03:00:00Z,5.349999904632568,5.349999904632568,5.25,5.300000190734863,4.442774295806885,14642000
2012-02-06T03:00:00Z,5.300000190734863,5.400000095367432,5.175000190734863,5.175000190734863,4.337991237640381,30247000
2012-02-07T03:00:00Z,5.175000190734863,5.224999904632568,5.125,5.175000190734863,4.337991237640381,29290000
2012-02-08T03:00:00Z,5.199999809265137,5.324999809265137,5.125,5.275000095367432,4.421816825866699,55732000
2012-02-09T03:00:00Z,5.275000095367432,5.275000095367432,5.150000095367432,5.199999809265137,4.358947277069092,41544000
2012-02-10T03:00:00Z,5.175000190734863,5.224999904632568,5.125,5.150000095367432,4.317034721374512,38823000
2012-02-13T03:00:00Z,5.175000190734863,5.275000095367432,5.150000095367432,5.275000095367432,4.421816825866699,15050000
2012-02-14T03:00:00Z,5.199999809265137,5.300000190734863,5.199999809265137,5.25,4.40086030960083,31060000
2012-02-15T03:00:00Z,5.224999904632568,5.449999809265137,5.224999904632568,5.375,4.505642890930176,74115000
2012-02-16T03:00:00Z,5.349999904632568,5.375,5.199999809265137,5.224999904632568,4.379903793334961,39925000
2012-02-17T03:00:00Z,5.300000190734863,5.300000190734863,5.150000095367432,5.150000095367432,4.317034721374512,25034000
2012-02-20T03:00:00Z,5.175000190734863,5.25,5.125,5.175000190734863,4.337991237640381,19096000
2012-02-21T03:00:00Z,5.224999904632568,5.275000095367432,5.175000190734863,5.175000190734863,4.337991237640381,25666000
2012-02-22T03:00:00Z,5.175000190734863,5.275000095367432,5.125,5.224999904632568,4.379903793334961,53466000
2012-02-23T03:00:00Z,5.25,5.375,5.175000190734863,5.224999904632568,4.379903793334961,79256000
2012-02-24T03:00:00Z,5.224999904632568,5.224999904632568,5.125,5.125,4.296079158782959,36476000
2012-02-27T03:00:00Z,5.074999809265137,5.099999904632568,5,5,4.191296100616455,26355000
2012-02-28T03:00:00Z,5.074999809265137,5.150000095367432,5.050000190734863,5.150000095367432,4.317034721374512,19622000
2012-02-29T03:00:00Z,5.175000190734863,5.300000190734863,5.175000190734863,5.275000095367432,4.421816825866699,51519000
2012-03-01T03:00:00Z,5.275000095367432,5.324999809265137,5.25,5.275000095367432,4.421816825866699,24234000
2012-03-02T03:00:00Z,5.275000095367432,5.300000190734863,5.150000095367432,5.199999809265137,4.358947277069092,23014000
2012-03-05T03:00:00Z,5.175000190734863,5.300000190734863,5.175000190734863,5.175000190734863,4.337991237640381,21351000
2012-03-06T03:00:00Z,5.150000095367432,5.25,5.150000095367432,5.199999809265137,4.358947277069092,10793000
2012-03-08T03:00:00Z,5.25,5.275000095367432,5.199999809265137,5.275000095367432,4.421816825866699,17326000
2012-03-09T03:00:00Z,5.300000190734863,5.449999809265137,5.25,5.400000095367432,4.526599407196045,82525000
2012-03-12T03:00:00Z,5.400000095367432,5.449999809265137,5.349999904632568,5.349999904632568,4.484686374664307,29819000
2012-03-13T03:00:00Z,5.400000095367432,5.5,5.400000095367432,5.425000190734863,4.547555923461914,38784000
2012-03-14T03:00:00Z,5.5,5.525000095367432,5.425000190734863,5.425000190734863,4.547555923461914,19895000
2012-03-15T03:00:00Z,5.449999809265137,5.550000190734863,5.449999809265137,5.474999904632568,4.5894694328308105,20667000
2012-03-16T03:00:00Z,5.449999809265137,5.800000190734863,5.449999809265137,5.800000190734863,4.861902713775635,58066000
2012-03-19T03:00:00Z,5.824999809265137,5.824999809265137,5.699999809265137,5.724999904632568,4.799033164978027,19430000
2012-03-20T03:00:00Z,5.800000190734863,5.875,5.75,5.775000095367432,4.840946197509766,19779000
2012-03-21T03:00:00Z,5.775000095367432,5.925000190734863,5.775000095367432,5.900000095367432,4.945728778839111,24550000
2012-03-22T03:00:00Z,5.925000190734863,5.974999904632568,5.699999809265137,5.724999904632568,4.799033164978027,30508000
2012-03-23T03:00:00Z,5.75,5.800000190734863,5.699999809265137,5.800000190734863,4.861902713775635,15267000
2012-03-26T03:00:00Z,5.75,5.775000095367432,5.675000190734863,5.699999809265137,4.778077125549316,27349000
2012-03-27T03:00:00Z,5.800000190734863,5.849999904632568,5.75,5.775000095367432,4.840946197509766,46584000
2012-03-28T03:00:00Z,5.75,5.775000095367432,5.699999809265137,5.775000095367432,4.840946197509766,15241000
2012-03-29T03:00:00Z,5.699999809265137,5.724999904632568,5.675000190734863,5.699999809265137,4.778077125549316,17841000
2012-03-30T03:00:00Z,5.699999809265137,5.824999809265137,5.699999809265137,5.824999809265137,4.882859706878662,39847000
2012-04-02T03:00:00Z,5.800000190734863,5.875,5.775000095367432,5.800000190734863,4.861902713775635,33738000
2012-04-03T03:00:00Z,5.800000190734863,5.800000190734863,5.675000190734863,5.699999809265137,4.778077125549316,36097000
2012-04-04T03:00:00Z,5.699999809265137,5.775000095367432,5.625,5.724999904632568,4.799033164978027,26667000
2012-04-05T03:00:00Z,5.699999809265137,5.724999904632568,5.625,5.675000190734863,4.757121562957764,27144000
2012-04-10T03:00:00Z,5.625,5.75,5.574999809265137,5.675000190734863,4.757121562957764,31676000
2012-04-11T03:00:00Z,5.675000190734863,5.699999809265137,5.625,5.699999809265137,4.778077125549316,11504000
2012-04-12T03:00:00Z,5.675000190734863,5.800000190734863,5.625,5.800000190734863,4.861902713775635,42815000
2012-04-17T03:00:00Z,5.824999809265137,5.824999809265137,5.699999809265137,5.800000190734863,4.861902713775635,16962000
2012-04-18T03:00:00Z,5.800000190734863,5.800000190734863,5.75,5.75,4.819990634918213,11794000
2012-04-19T03:00:00Z,5.699999809265137,5.800000190734863,5.699999809265137,5.800000190734863,4.861902713775635,7446000
2012-04-20T03:00:00Z,5.75,5.849999904632568,5.724999904632568,5.824999809265137,4.882859706878662,38004000
2012-04-23T03:00:00Z,5.849999904632568,6.050000190734863,5.824999809265137,5.900000095367432,4.945728778839111,71050000
2012-04-24T03:00:00Z,5.925000190734863,6.099999904632568,5.900000095367432,6.074999809265137,5.092424392700195,48187000
2012-04-25T03:00:00Z,6.025000095367432,6.025000095367432,5.949999809265137,6.025000095367432,5.050511360168457,17066000
2012-04-26T03:00:00Z,6.025000095367432,6.025000095367432,5.849999904632568,5.925000190734863,4.9666852951049805,43816000
2012-04-27T03:00:00Z,5.949999809265137,6.099999904632568,5.949999809265137,6.050000190734863,5.071468830108643,41569000
2012-04-30T03:00:00Z,6.099999904632568,6.199999809265137,6.050000190734863,6.199999809265137,5.197207450866699,26199000
2012-05-02T03:00:00Z,6.224999904632568,6.275000095367432,6.175000190734863,6.224999904632568,5.21816349029541,35458000
2012-05-03T03:00:00Z,6.224999904632568,6.25,6.125,6.150000095367432,5.155294895172119,28107000
2012-05-04T03:00:00Z,6.125,6.224999904632568,6.125,6.125,5.134337425231934,14156000
2012-05-08T03:00:00Z,6.099999904632568,6.275000095367432,6.099999904632568,6.25,5.239119529724121,27133000
2012-05-09T03:00:00Z,6.224999904632568,6.224999904632568,6.050000190734863,6.050000190734863,5.071468830108643,42025000
2012-05-10T03:00:00Z,6,6.050000190734863,5.925000190734863,6.050000190734863,5.071468830108643,31985000
2012-05-11T03:00:00Z,6,6.050000190734863,5.949999809265137,6,5.0295538902282715,10561000
2012-05-14T03:00:00Z,5.974999904632568,6.099999904632568,5.875,5.925000190734863,4.9666852951049805,19236000
2012-05-15T03:00:00Z,5.849999904632568,6.025000095367432,5.849999904632568,5.974999904632568,5.008598804473877,24092000
2012-05-16T03:00:00Z,5.900000095367432,5.949999809265137,5.824999809265137,5.949999809265137,4.987641334533691,31399000
2012-05-17T03:00:00Z,6,6,5.900000095367432,5.949999809265137,4.987641334533691,19060000
2012-05-18T03:00:00Z,5.849999904632568,5.949999809265137,5.849999904632568,5.849999904632568,4.903815746307373,27515000
2012-05-21T03:00:00Z,5.900000095367432,5.900000095367432,5.75,5.824999809265137,4.882859706878662,14980000
2012-05-22T03:00:00Z,5.800000190734863,5.824999809265137,5.574999809265137,5.724999904632568,4.799033164978027,17290000
2012-05-23T03:00:00Z,5.650000095367432,5.675000190734863,5.525000095367432,5.550000190734863,4.65233850479126,24857000
2012-05-24T03:00:00Z,5.599999904632568,5.599999904632568,5.324999809265137,5.5,4.610424518585205,29599000
2012-05-25T03:00:00Z,5.5,5.574999809265137,5.449999809265137,5.574999809265137,4.673295021057129,30280000
2012-05-28T03:00:00Z,5.599999904632568,5.599999904632568,5.474999904632568,5.574999809265137,4.673295021057129,8531000
2012-05-29T03:00:00Z,5.599999904632568,5.800000190734863,5.574999809265137,5.699999809265137,4.778077125549316,21784000
2012-05-30T03:00:00Z,5.599999904632568,5.75,5.599999904632568,5.699999809265137,4.778077125549316,16109000
2012-05-31T03:00:00Z,5.599999904632568,5.675000190734863,5.525000095367432,5.650000095367432,4.736164569854736,30539000
2012-06-01T03:00:00Z,5.650000095367432,5.675000190734863,5.550000190734863,5.599999904632568,4.694251537322998,9259000
2012-06-05T03:00:00Z,5.599999904632568,5.625,5.525000095367432,5.599999904632568,4.694251537322998,8482000
2012-06-06T03:00:00Z,5.599999904632568,5.699999809265137,5.599999904632568,5.699999809265137,4.778077125549316,8299000
2012-06-07T03:00:00Z,5.724999904632568,5.75,5.525000095367432,5.574999809265137,4.673295021057129,14330000
2012-06-08T03:00:00Z,5.574999809265137,5.574999809265137,5.474999904632568,5.525000095367432,4.631382942199707,8698000
2012-06-11T03:00:00Z,5.599999904632568,5.75,5.599999904632568,5.699999809265137,4.778077125549316,19991000
2012-06-12T03:00:00Z,5.699999809265137,5.75,5.675000190734863,5.724999904632568,4.799033164978027,21663000
2012-06-13T03:00:00Z,5.724999904632568,5.75,5.675000190734863,5.699999809265137,4.778077125549316,15935000
2012-06-14T03:00:00Z,5.650000095367432,5.775000095367432,5.650000095367432,5.724999904632568,4.799033164978027,30887000
2012-06-15T03:00:00Z,5.75,5.800000190734863,5.675000190734863,5.675000190734863,4.757121562957764,40633000
2012-06-18T03:00:00Z,5.75,5.824999809265137,5.675000190734863,5.699999809265137,4.778077125549316,29975000
2012-06-19T03:00:00Z,5.724999904632568,5.75,5.675000190734863,5.724999904632568,4.799033164978027,18365000
2012-06-20T03:00:00Z,5.724999904632568,5.800000190734863,5.724999904632568,5.800000190734863,4.861902713775635,20021000
2012-06-21T03:00:00Z,5.800000190734863,5.800000190734863,5.724999904632568,5.75,4.819990634918213,10897000
2012-06-22T03:00:00Z,5.800000190734863,5.800000190734863,5.675000190734863,5.800000190734863,4.861902713775635,27569000
2012-06-25T03:00:00Z,5.849999904632568,6.050000190734863,5.849999904632568,5.974999904632568,5.008598804473877,90241000
2012-06-26T03:00:00Z,5.974999904632568,6.050000190734863,5.949999809265137,5.974999904632568,5.008598804473877,34512000
2012-06-27T03:00:00Z,6,6.050000190734863,5.974999904632568,6,5.0295538902282715,29885000
2012-06-28T03:00:00Z,6.050000190734863,6.050000190734863,5.974999904632568,6,5.0295538902282715,25628000
2012-06-29T03:00:00Z,6,6.025000095367432,5.974999904632568,5.974999904632568,5.008598804473877,18113000
2012-07-02T03:00:00Z,6,6.050000190734863,5.949999809265137,6,5.0295538902282715,16997000
2012-07-03T03:00:00Z,6,6.025000095367432,5.925000190734863,5.949999809265137,4.987641334533691,12845000
2012-07-04T03:00:00Z,6.050000190734863,6.275000095367432,6.025000095367432,6.224999904632568,5.21816349029541,104178000
2012-07-05T03:00:00Z,6.300000190734863,6.375,6.275000095367432,6.375,5.343903064727783,70713000
2012-07-06T03:00:00Z,6.324999809265137,6.400000095367432,6.224999904632568,6.400000095367432,5.364858627319336,34287000
2012-07-09T03:00:00Z,6.400000095367432,6.425000190734863,6.300000190734863,6.300000190734863,5.281034469604492,50301000
2012-07-10T03:00:00Z,6.324999809265137,6.449999809265137,6.324999809265137,6.425000190734863,5.385815620422363,32694000
2012-07-11T03:00:00Z,6.449999809265137,6.550000190734863,6.449999809265137,6.449999809265137,5.406772136688232,67996000
2012-07-12T03:00:00Z,6.425000190734863,6.474999904632568,6.400000095367432,6.449999809265137,5.406772136688232,32011000
2012-07-13T03:00:00Z,6.474999904632568,6.650000095367432,6.474999904632568,6.650000095367432,5.574423313140869,45290000
2012-07-16T03:00:00Z,6.675000190734863,6.75,6.599999904632568,6.650000095367432,5.574423313140869,27370000
2012-07-17T03:00:00Z,6.675000190734863,6.675000190734863,6.425000190734863,6.5,5.4486846923828125,36877000
2012-07-18T03:00:00Z,6.550000190734863,6.550000190734863,6.425000190734863,6.5,5.4486846923828125,22278000
2012-07-19T03:00:00Z,6.550000190734863,6.599999904632568,6.449999809265137,6.5,5.4486846923828125,23625000
2012-07-20T03:00:00Z,6.5,6.574999809265137,6.375,6.375,5.343903064727783,22067000
2012-07-23T03:00:00Z,6.275000095367432,6.375,6.150000095367432,6.300000190734863,5.281034469604492,32876000
2012-07-24T03:00:00Z,6.324999809265137,6.474999904632568,6.324999809265137,6.449999809265137,5.406772136688232,27791000
2012-07-25T03:00:00Z,6.449999809265137,6.5,6.400000095367432,6.5,5.4486846923828125,13500000
2012-07-26T03:00:00Z,6.599999904632568,6.724999904632568,6.599999904632568,6.650000095367432,5.574423313140869,46660000
2012-07-27T03:00:00Z,6.650000095367432,6.650000095367432,6.525000095367432,6.525000095367432,5.469640731811523,12168000
2012-07-30T03:00:00Z,6.525000095367432,6.625,6.525000095367432,6.625,5.553467750549316,10512000
2012-07-31T03:00:00Z,6.650000095367432,6.875,6.625,6.849999904632568,5.742076396942139,44353000
2012-08-01T03:00:00Z,6.849999904632568,6.875,6.800000190734863,6.849999904632568,5.742076396942139,15485000
2012-08-03T03:00:00Z,6.849999904632568,6.875,6.599999904632568,6.824999809265137,5.721118450164795,22316000
2012-08-06T03:00:00Z,6.875,6.875,6.724999904632568,6.824999809265137,5.721118450164795,3623000
2012-08-07T03:00:00Z,6.900000095367432,6.900000095367432,6.724999904632568,6.824999809265137,5.721118450164795,14551000
2012-08-08T03:00:00Z,6.800000190734863,6.925000190734863,6.525000095367432,6.599999904632568,5.532511234283447,47286000
2012-08-09T03:00:00Z,6.574999809265137,6.699999809265137,6.550000190734863,6.550000190734863,5.490598201751709,15993000
2012-08-10T03:00:00Z,6.5,6.599999904632568,6.449999809265137,6.525000095367432,5.469640731811523,18166000
2012-08-14T03:00:00Z,6.474999904632568,6.675000190734863,6.449999809265137,6.650000095367432,5.574423313140869,15073000
2012-08-15T03:00:00Z,6.625,6.650000095367432,6.550000190734863,6.550000190734863,5.490598201751709,8964000
2012-08-16T03:00:00Z,6.550000190734863,6.650000095367432,6.474999904632568,6.574999809265137,5.51155424118042,14278000
2012-08-17T03:00:00Z,6.599999904632568,6.599999904632568,6.550000190734863,6.550000190734863,5.490598201751709,5737000
2012-08-20T03:00:00Z,6.550000190734863,6.650000095367432,6.550000190734863,6.625,5.553467750549316,11552000
2012-08-21T03:00:00Z,6.574999809265137,6.625,6.525000095367432,6.574999809265137,5.51155424118042,10308000
2012-08-22T03:00:00Z,6.550000190734863,6.724999904632568,6.525000095367432,6.699999809265137,5.616336822509766,49622000
2012-08-23T03:00:00Z,6.75,6.75,6.574999809265137,6.574999809265137,5.51155424118042,39591000
2012-08-24T03:00:00Z,6.625,6.724999904632568,6.625,6.650000095367432,5.574423313140869,33519000
2012-08-27T03:00:00Z,6.650000095367432,6.724999904632568,6.599999904632568,6.599999904632568,5.532511234283447,26282000
2012-08-28T03:00:00Z,6.650000095367432,6.650000095367432,6.599999904632568,6.599999904632568,5.532511234283447,14170000
2012-08-29T03:00:00Z,6.650000095367432,6.800000190734863,6.625,6.775000095367432,5.679206371307373,73437000
2012-08-30T03:00:00Z,6.775000095367432,6.775000095367432,6.650000095367432,6.675000190734863,5.5953803062438965,26506000
2012-08-31T03:00:00Z,6.675000190734863,6.75,6.650000095367432,6.724999904632568,5.637292861938477,15524000
2012-09-03T03:00:00Z,6.724999904632568,7.050000190734863,6.724999904632568,7.025000095367432,5.8887715339660645,43049000
2012-09-04T03:00:00Z,6.925000190734863,6.974999904632568,6.800000190734863,6.849999904632568,5.742076396942139,40004000
2012-09-05T03:00:00Z,6.849999904632568,6.900000095367432,6.775000095367432,6.800000190734863,5.700162410736084,26666000
2012-09-06T03:00:00Z,6.800000190734863,6.900000095367432,6.800000190734863,6.900000095367432,5.783988952636719,25484000
2012-09-07T03:00:00Z,6.900000095367432,7,6.875,6.900000095367432,5.783988952636719,30448000
2012-09-10T03:00:00Z,6.925000190734863,6.949999809265137,6.900000095367432,6.949999809265137,5.825901031494141,37533000
2012-09-11T03:00:00Z,7.050000190734863,7.150000095367432,7.025000095367432,7.025000095367432,5.8887715339660645,75691000
2012-09-12T03:00:00Z,7.150000095367432,7.474999904632568,7.150000095367432,7.400000095367432,6.203118324279785,103119000
2012-09-13T03:00:00Z,7.449999809265137,7.574999809265137,7.375,7.474999904632568,6.265987873077393,99377000
2012-09-14T03:00:00Z,7.599999904632568,7.599999904632568,7.324999809265137,7.400000095367432,6.203118324279785,43715000
2012-09-17T03:00:00Z,7.400000095367432,7.425000190734863,7.199999809265137,7.224999904632568,6.056422710418701,69952000
2012-09-18T03:00:00Z,7.224999904632568,7.324999809265137,7.199999809265137,7.275000095367432,6.098335266113281,40677000
2012-09-19T03:00:00Z,7.25,7.5,7.224999904632568,7.5,6.286944389343262,56991000
2012-09-20T03:00:00Z,7.5,7.525000095367432,7.425000190734863,7.525000095367432,6.3078999519348145,20817000
2012-09-21T03:00:00Z,7.574999809265137,7.599999904632568,7.449999809265137,7.449999809265137,6.245030403137207,42939000
2012-09-24T03:00:00Z,7.449999809265137,7.625,7.449999809265137,7.599999904632568,6.370769500732422,19390000
2012-09-25T03:00:00Z,7.599999904632568,7.75,7.599999904632568,7.75,6.496508598327637,61089000
2012-09-26T03:00:00Z,7.699999809265137,7.775000095367432,7.574999809265137,7.699999809265137,6.45459508895874,31936000
2012-09-27T03:00:00Z,7.699999809265137,7.974999904632568,7.675000190734863,7.925000190734863,6.643204212188721,64170000
2012-09-28T03:00:00Z,7.925000190734863,7.949999809265137,7.849999904632568,7.949999809265137,6.66416072845459,23120000
2012-10-01T03:00:00Z,8,8.125,7.974999904632568,8.050000190734863,6.747986793518066,27877000
2012-10-02T03:00:00Z,8.100000381469727,8.274999618530273,8.050000190734863,8.274999618530273,6.936594009399414,23804000
2012-10-03T03:00:00Z,8.199999809265137,8.399999618530273,8.175000190734863,8.375,7.020421028137207,21508000
2012-10-04T03:00:00Z,8.399999618530273,8.725000381469727,8.375,8.524999618530273,7.146158218383789,58594000
2012-10-05T03:00:00Z,8.574999809265137,8.625,8.550000190734863,8.600000381469727,7.209029197692871,22579000
2012-10-08T03:00:00Z,8.675000190734863,8.800000190734863,8.574999809265137,8.699999809265137,7.292854309082031,20770000
2012-10-09T03:00:00Z,8.774999618530273,8.774999618530273,8.425000190734863,8.425000190734863,7.062333106994629,21804000
2012-10-10T03:00:00Z,8.5,8.524999618530273,8.375,8.399999618530273,7.041377544403076,34626000
2012-10-11T03:00:00Z,8.449999809265137,8.524999618530273,8.399999618530273,8.449999809265137,7.083289623260498,32379000
2012-10-12T03:00:00Z,8.5,8.5,8.350000381469727,8.399999618530273,7.041377544403076,12372000
2012-10-15T03:00:00Z,8.399999618530273,8.425000190734863,8.149999618530273,8.199999809265137,6.873723983764648,21724000
2012-10-16T03:00:00Z,8.225000381469727,8.375,8.149999618530273,8.300000190734863,6.957550525665283,34471000
2012-10-17T03:00:00Z,8.324999809265137,8.399999618530273,8.274999618530273,8.324999809265137,6.978507995605469,19636000
2012-10-18T03:00:00Z,8.399999618530273,8.600000381469727,8.375,8.574999809265137,7.1880717277526855,52835000
2012-10-19T03:00:00Z,8.600000381469727,8.699999809265137,8.524999618530273,8.550000190734863,7.167115211486816,25065000
2012-10-22T03:00:00Z,8.5,8.649999618530273,8.5,8.600000381469727,7.209029197692871,16641000
2012-10-24T03:00:00Z,8.649999618530273,8.824999809265137,8.524999618530273,8.574999809265137,7.1880717277526855,40799000
2012-10-25T03:00:00Z,8.600000381469727,8.625,8.375,8.449999809265137,7.083289623260498,61759000
2012-10-26T03:00:00Z,8.350000381469727,8.375,8.125,8.300000190734863,6.957550525665283,62115000
2012-10-29T03:00:00Z,8.199999809265137,8.274999618530273,7.900000095367432,7.900000095367432,6.622247695922852,46430000
2012-10-30T03:00:00Z,8.100000381469727,8.25,8,8.225000381469727,6.894682884216309,44388000
2012-10-31T03:00:00Z,8.225000381469727,8.274999618530273,8.175000190734863,8.199999809265137,6.873723983764648,25320000
2012-11-01T03:00:00Z,8.25,8.350000381469727,8.225000381469727,8.225000381469727,6.894682884216309,32935000
2012-11-02T03:00:00Z,8.300000190734863,8.399999618530273,8.25,8.274999618530273,6.936594009399414,20768000
2012-11-05T03:00:00Z,8.225000381469727,8.350000381469727,8.100000381469727,8.25,6.915638446807861,17406000
2012-11-06T03:00:00Z,8.225000381469727,8.25,8.175000190734863,8.175000190734863,6.852769374847412,15420000
2012-11-07T03:00:00Z,8.175000190734863,8.300000190734863,8.175000190734863,8.199999809265137,6.873723983764648,14007000
2012-11-08T03:00:00Z,8.175000190734863,8.425000190734863,8.149999618530273,8.425000190734863,7.062333106994629,42902000
2012-11-09T03:00:00Z,8.449999809265137,8.574999809265137,8.425000190734863,8.475000381469727,7.104247570037842,69856000
2012-11-12T03:00:00Z,8.524999618530273,8.600000381469727,8.5,8.5,7.125204086303711,1658000
2012-11-13T03:00:00Z,8.475000381469727,8.475000381469727,8.324999809265137,8.350000381469727,6.9994635581970215,19938000
2012-11-14T03:00:00Z,8.425000190734863,8.600000381469727,8.375,8.449999809265137,7.083289623260498,35932000
2012-11-15T03:00:00Z,8.524999618530273,8.524999618530273,8.399999618530273,8.5,7.125204086303711,39935000
2012-11-16T03:00:00Z,8.425000190734863,8.625,8.375,8.625,7.229985237121582,34680000
2012-11-19T03:00:00Z,8.625,8.725000381469727,8.574999809265137,8.725000381469727,7.313810348510742,21418000
2012-11-20T03:00:00Z,8.800000190734863,8.800000190734863,8.574999809265137,8.600000381469727,7.209029197692871,29362000
2012-11-21T03:00:00Z,8.625,8.725000381469727,8.574999809265137,8.574999809265137,7.1880717277526855,14417000
2012-11-22T03:00:00Z,8.625,8.725000381469727,8.600000381469727,8.699999809265137,7.292854309082031,13327000
2012-11-23T03:00:00Z,8.75,9.100000381469727,8.675000190734863,9.024999618530273,7.565288066864014,57796000
2012-11-26T03:00:00Z,9.074999809265137,9.125,9,9.050000190734863,7.586245536804199,31450000
2012-11-27T03:00:00Z,9.100000381469727,9.149999618530273,8.975000381469727,9.024999618530273,7.565288066864014,25303000
2012-11-28T03:00:00Z,9,9.149999618530273,9,9.050000190734863,7.586245536804199,35571000
2012-11-29T03:00:00Z,9.199999809265137,9.300000190734863,9.175000190734863,9.300000190734863,7.795810699462891,42154000
2012-11-30T03:00:00Z,9.300000190734863,9.600000381469727,9.25,9.399999618530273,7.879635810852051,465646000
2012-12-03T03:00:00Z,9.574999809265137,9.574999809265137,9.274999618530273,9.350000381469727,7.837722301483154,37604000
2012-12-04T03:00:00Z,9.274999618530273,9.324999809265137,8.949999809265137,9.100000381469727,7.628159523010254,57053000
2012-12-06T03:00:00Z,9.100000381469727,9.149999618530273,8.875,8.899999618530273,7.460506439208984,52933000
2012-12-07T03:00:00Z,9,9.050000190734863,8.975000381469727,9.024999618530273,7.565288066864014,18783000
2012-12-11T03:00:00Z,9.199999809265137,9.199999809265137,9.100000381469727,9.125,7.649116039276123,35594000
2012-12-12T03:00:00Z,9.199999809265137,9.475000381469727,9.149999618530273,9.475000381469727,7.942505359649658,46800000
2012-12-13T03:00:00Z,9.5,9.524999618530273,9.350000381469727,9.375,7.858679294586182,18447000
2012-12-14T03:00:00Z,9.375,9.399999618530273,9.25,9.300000190734863,7.795810699462891,24253000
2012-12-17T03:00:00Z,9.350000381469727,9.425000190734863,9.300000190734863,9.300000190734863,7.795810699462891,23880000
2012-12-18T03:00:00Z,9.350000381469727,9.375,9.125,9.300000190734863,7.795810699462891,31176000
2012-12-19T03:00:00Z,9.175000190734863,9.225000381469727,9.100000381469727,9.199999809265137,7.864194393157959,35325000
2012-12-20T03:00:00Z,9.25,9.350000381469727,9.149999618530273,9.300000190734863,7.9496750831604,32816000
2012-12-21T03:00:00Z,9.324999809265137,9.350000381469727,9.25,9.324999809265137,7.971045970916748,20292000
2012-12-24T03:00:00Z,9.375,9.625,9.350000381469727,9.574999809265137,8.184745788574219,19094000
2012-12-25T03:00:00Z,9.550000190734863,9.774999618530273,9.550000190734863,9.725000381469727,8.312967300415039,23379000
2012-12-26T03:00:00Z,9.774999618530273,9.774999618530273,9.625,9.699999809265137,8.291595458984375,4843000
2012-12-27T03:00:00Z,9.675000190734863,9.800000190734863,9.625,9.75,8.334336280822754,33612000
2012-12-28T03:00:00Z,9.75,9.75,9.5,9.725000381469727,8.312967300415039,39284000
2013-01-02T03:00:00Z,9.75,9.75,9.550000190734863,9.649999618530273,8.248855590820312,16839000
2013-01-03T03:00:00Z,9.725000381469727,9.75,9.475000381469727,9.524999618530273,8.142004013061523,39186000
2013-01-04T03:00:00Z,9.449999809265137,9.5,9.300000190734863,9.375,8.013784408569336,47855000
2013-01-07T03:00:00Z,9.449999809265137,9.649999618530273,9.425000190734863,9.524999618530273,8.142004013061523,48306000
2013-01-08T03:00:00Z,9.550000190734863,9.649999618530273,9.524999618530273,9.625,8.227485656738281,19785000
2013-01-09T03:00:00Z,9.625,9.625,9.5,9.625,8.227485656738281,28752000
2013-01-10T03:00:00Z,9.600000381469727,9.899999618530273,9.524999618530273,9.625,8.227485656738281,40390000
2013-01-11T03:00:00Z,9.625,9.675000190734863,9.5,9.550000190734863,8.163376808166504,18530000
2013-01-14T03:00:00Z,9.524999618530273,9.699999809265137,9.524999618530273,9.675000190734863,8.270225524902344,13966000
2013-01-15T03:00:00Z,9.725000381469727,9.824999809265137,9.649999618530273,9.800000190734863,8.377076148986816,29900000
2013-01-16T03:00:00Z,9.824999809265137,9.850000381469727,9.675000190734863,9.699999809265137,8.291595458984375,14627000
2013-01-17T03:00:00Z,9.699999809265137,9.800000190734863,9.600000381469727,9.649999618530273,8.248855590820312,18010000
2013-01-18T03:00:00Z,9.725000381469727,9.774999618530273,9.675000190734863,9.725000381469727,8.312967300415039,16882000
2013-01-21T03:00:00Z,9.774999618530273,10.300000190734863,9.75,10.050000190734863,8.590777397155762,49183000
2013-01-22T03:00:00Z,10.050000190734863,10.25,9.899999618530273,9.899999618530273,8.462557792663574,26880000
2013-01-23T03:00:00Z,10.050000190734863,10.649999618530273,10,10.649999618530273,9.103658676147461,36238000
2013-01-24T03:00:00Z,10.949999809265137,11.199999809265137,10.699999809265137,11.149999618530273,9.531061172485352,34998000
2013-01-25T03:00:00Z,11.100000381469727,11.100000381469727,10.699999809265137,10.800000190734863,9.231880187988281,28068000
2013-01-28T03:00:00Z,10.800000190734863,10.800000190734863,10.449999809265137,10.600000381469727,9.060919761657715,19543000
2013-01-29T03:00:00Z,10.699999809265137,11.100000381469727,10.699999809265137,11.050000190734863,9.445582389831543,33610000
2013-01-30T03:00:00Z,11.050000190734863,11.100000381469727,10.800000190734863,10.949999809265137,9.360100746154785,15372000
2013-01-31T03:00:00Z,10.800000190734863,10.800000190734863,10.399999618530273,10.550000190734863,9.018178939819336,70420000
2013-02-01T03:00:00Z,10.550000190734863,10.649999618530273,10.5,10.600000381469727,9.060919761657715,49279000
2013-02-04T03:00:00Z,10.550000190734863,10.649999618530273,10.399999618530273,10.449999809265137,8.932698249816895,27958000
2013-02-05T03:00:00Z,10.399999618530273,10.550000190734863,10.350000381469727,10.5,8.975438117980957,46241000
2013-02-06T03:00:00Z,10.600000381469727,10.899999618530273,10.550000190734863,10.649999618530273,9.103658676147461,50678000
2013-02-07T03:00:00Z,10.75,11.100000381469727,10.649999618530273,11.100000381469727,9.488321304321289,35327000
2013-02-08T03:00:00Z,11.25,11.550000190734863,11,11.399999618530273,9.744762420654297,27102000
2013-02-11T03:00:00Z,11.550000190734863,11.600000381469727,11.100000381469727,11.350000381469727,9.702025413513184,16379000
2013-02-12T03:00:00Z,11.199999809265137,11.5,11.100000381469727,11.149999618530273,9.531061172485352,17385000
2013-02-13T03:00:00Z,11.300000190734863,11.399999618530273,11.199999809265137,11.350000381469727,9.702025413513184,15177000
2013-02-14T03:00:00Z,11.550000190734863,11.800000190734863,11.5,11.649999618530273,9.958464622497559,23128000
2013-02-15T03:00:00Z,11.800000190734863,11.850000381469727,11.550000190734863,11.699999809265137,10.001202583312988,33374000
2013-02-18T03:00:00Z,11.800000190734863,12,11.699999809265137,11.75,10.043944358825684,21442000
2013-02-19T03:00:00Z,11.699999809265137,11.800000190734863,11.25,11.399999618530273,9.744762420654297,26799000
2013-02-20T03:00:00Z,11.5,11.649999618530273,11.399999618530273,11.600000381469727,9.915722846984863,17784000
2013-02-21T03:00:00Z,11.699999809265137,11.800000190734863,11.25,11.5,9.830244064331055,33160000
2013-02-22T03:00:00Z,11.600000381469727,11.75,11.449999809265137,11.449999809265137,9.78750228881836,18345000
2013-02-26T03:00:00Z,11.649999618530273,11.649999618530273,11.350000381469727,11.600000381469727,9.915722846984863,21043000
2013-02-27T03:00:00Z,11.699999809265137,11.800000190734863,11.550000190734863,11.550000190734863,9.8729829788208,20036000
2013-02-28T03:00:00Z,11.600000381469727,11.850000381469727,11.600000381469727,11.800000190734863,10.08668327331543,32175000
2013-03-01T03:00:00Z,11.949999809265137,12,11.550000190734863,11.600000381469727,9.915722846984863,32410000
2013-03-04T03:00:00Z,11.649999618530273,11.75,11.600000381469727,11.699999809265137,10.001202583312988,20175000
2013-03-05T03:00:00Z,11.699999809265137,11.800000190734863,11.649999618530273,11.75,10.043944358825684,8487000
2013-03-06T03:00:00Z,11.800000190734863,11.850000381469727,11.699999809265137,11.800000190734863,10.08668327331543,11228000
2013-03-07T03:00:00Z,11.800000190734863,12.300000190734863,11.75,12.100000381469727,10.34312629699707,52614000
2013-03-08T03:00:00Z,12.199999809265137,12.25,12.100000381469727,12.25,10.471345901489258,19022000
2013-03-11T03:00:00Z,12.350000381469727,12.600000381469727,12.300000190734863,12.300000190734863,10.514087677001953,18241000
2013-03-12T03:00:00Z,12.350000381469727,12.699999809265137,12.350000381469727,12.5,10.685047149658203,11375000
2013-03-13T03:00:00Z,12.5,12.5,12.199999809265137,12.199999809265137,10.428606033325195,17479000
2013-03-14T03:00:00Z,12.399999618530273,12.399999618530273,12.199999809265137,12.399999618530273,10.599567413330078,16326000
2013-03-15T03:00:00Z,12.5,12.5,12.100000381469727,12.149999618530273,10.385866165161133,25842000
2013-03-18T03:00:00Z,12.100000381469727,12.25,12.100000381469727,12.149999618530273,10.385866165161133,10281000
2013-03-19T03:00:00Z,12.199999809265137,12.449999809265137,12,12.050000190734863,10.300384521484375,20167000
2013-03-20T03:00:00Z,11.850000381469727,12.300000190734863,11.850000381469727,12.300000190734863,10.514087677001953,37413000
2013-03-21T03:00:00Z,12.300000190734863,12.399999618530273,11.899999618530273,11.899999618530273,10.172163963317871,21604000
2013-03-22T03:00:00Z,11.699999809265137,11.800000190734863,11.050000190734863,11.5,9.830244064331055,74821000
2013-03-25T03:00:00Z,11.399999618530273,11.75,11.399999618530273,11.75,10.043944358825684,26588000
2013-03-26T03:00:00Z,11.600000381469727,12.25,11.600000381469727,12,10.257643699645996,20594000
2013-03-27T03:00:00Z,12.25,12.300000190734863,12.100000381469727,12.199999809265137,10.428606033325195,24136000
2013-03-28T03:00:00Z,12.300000190734863,12.300000190734863,12.100000381469727,12.25,10.471345901489258,18035000
2013-03-29T03:00:00Z,12.350000381469727,12.399999618530273,12.050000190734863,12.149999618530273,10.385866165161133,12718000
2013-04-01T03:00:00Z,12.149999618530273,12.25,12,12.050000190734863,10.300384521484375,9355000
2013-04-02T03:00:00Z,12.199999809265137,12.300000190734863,12.100000381469727,12.300000190734863,10.514087677001953,30242000
2013-04-03T03:00:00Z,12.399999618530273,12.399999618530273,12,12.149999618530273,10.385866165161133,24194000
2013-04-04T03:00:00Z,11.850000381469727,12.199999809265137,11.800000190734863,12.199999809265137,10.428606033325195,23344000
2013-04-05T03:00:00Z,12,12,11.550000190734863,11.600000381469727,9.915722846984863,38190000
2013-04-09T03:00:00Z,11.25,11.399999618530273,11.050000190734863,11.25,9.616541862487793,56270000
2013-04-10T03:00:00Z,11.149999618530273,11.350000381469727,11.100000381469727,11.199999809265137,9.57380199432373,26525000
2013-04-11T03:00:00Z,11.300000190734863,12.100000381469727,11.300000190734863,12,10.257643699645996,36403000
2013-04-12T03:00:00Z,12.199999809265137,12.399999618530273,12.100000381469727,12.350000381469727,10.5568265914917,36816000
2013-04-17T03:00:00Z,12.5,13,12.5,13,11.112449645996094,41568000
2013-04-18T03:00:00Z,13.5,13.649999618530273,13,13.649999618530273,11.668070793151855,24594000
2013-04-19T03:00:00Z,13.350000381469727,13.550000190734863,13.100000381469727,13.149999618530273,11.240670204162598,24256000
2013-04-22T03:00:00Z,13.199999809265137,13.699999809265137,13.100000381469727,13.699999809265137,11.71081256866455,22103000
2013-04-23T03:00:00Z,13.75,13.949999809265137,13.300000190734863,13.300000190734863,11.368889808654785,14544000
2013-04-24T03:00:00Z,13.399999618530273,13.649999618530273,13.399999618530273,13.449999809265137,11.497110366821289,15137000
2013-04-25T03:00:00Z,13.449999809265137,13.449999809265137,13.149999618530273,13.350000381469727,11.411629676818848,18854000
2013-04-26T03:00:00Z,13.5,13.949999809265137,13.350000381469727,13.800000190734863,11.796292304992676,26777000
2013-04-29T03:00:00Z,14,14.600000381469727,13.899999618530273,14.399999618530273,12.309172630310059,837000
2013-04-30T03:00:00Z,14.600000381469727,14.75,14.300000190734863,14.449999809265137,12.351914405822754,15037000
2013-05-02T03:00:00Z,14.850000381469727,14.949999809265137,14.449999809265137,14.800000190734863,12.651097297668457,48061000
2013-05-03T03:00:00Z,15,15.25,14.949999809265137,15.149999618530273,12.950277328491211,48718000
2013-05-07T03:00:00Z,15.350000381469727,15.350000381469727,15.100000381469727,15.199999809265137,12.993016242980957,34310000
2013-05-08T03:00:00Z,15.300000190734863,15.300000190734863,15,15.199999809265137,12.993016242980957,34745000
2013-05-09T03:00:00Z,15.300000190734863,15.300000190734863,14.75,14.75,12.608355522155762,27653000
2013-05-10T03:00:00Z,14.850000381469727,15.050000190734863,14.699999809265137,14.800000190734863,12.651097297668457,20253000
2013-05-13T03:00:00Z,15.100000381469727,15.25,15,15.149999618530273,12.950277328491211,19559000
2013-05-14T03:00:00Z,15.199999809265137,15.399999618530273,15.149999618530273,15.199999809265137,12.993016242980957,11342000
2013-05-15T03:00:00Z,15.300000190734863,15.5,15.149999618530273,15.5,13.249458312988281,23291000
2013-05-16T03:00:00Z,15.600000381469727,16.200000762939453,15.5,16.049999237060547,13.719600677490234,29129000
2013-05-17T03:00:00Z,15.899999618530273,16.450000762939453,15.75,16.049999237060547,13.719600677490234,26516000
2013-05-20T03:00:00Z,16.299999237060547,16.700000762939453,16.200000762939453,16.700000762939453,14.275221824645996,23288000
2013-05-21T03:00:00Z,17,17.600000381469727,17,17.350000381469727,14.83084487915039,38993000
2013-05-22T03:00:00Z,17.549999237060547,17.649999618530273,16.75,17,14.531664848327637,32305000
2013-05-23T03:00:00Z,16.799999237060547,16.950000762939453,15.899999618530273,16.75,14.317963600158691,58638000
2013-05-27T03:00:00Z,16.700000762939453,16.75,16.399999618530273,16.75,14.317963600158691,23615000
2013-05-28T03:00:00Z,16.950000762939453,17.799999237060547,16.950000762939453,17.799999237060547,15.215506553649902,32621000
2013-05-29T03:00:00Z,17.799999237060547,18.799999237060547,17.799999237060547,18.5,15.813870429992676,52169000
2013-05-30T03:00:00Z,18.450000762939453,18.549999237060547,18,18.100000381469727,15.47194766998291,36309000
2013-05-31T03:00:00Z,18.350000381469727,18.549999237060547,17.700000762939453,18.5,15.813870429992676,53804000
2013-06-03T03:00:00Z,18.25,18.299999237060547,16.600000381469727,16.600000381469727,14.189742088317871,101951000
2013-06-04T03:00:00Z,16.399999618530273,16.600000381469727,15.550000190734863,16.149999618530273,13.80508041381836,184335000
2013-06-05T03:00:00Z,15.949999809265137,16.700000762939453,15.850000381469727,15.899999618530273,13.59138011932373,74456000
2013-06-06T03:00:00Z,15.600000381469727,15.649999618530273,15.199999809265137,15.5,13.249458312988281,80106000
2013-06-07T03:00:00Z,15.649999618530273,16.600000381469727,15.600000381469727,16.350000381469727,13.976041793823242,53659000
2013-06-10T03:00:00Z,16.600000381469727,16.899999618530273,16.600000381469727,16.850000381469727,14.4034423828125,35622000
2013-06-11T03:00:00Z,16.75,16.75,15.649999618530273,15.850000381469727,13.548639297485352,77163000
2013-06-12T03:00:00Z,15.550000190734863,16.399999618530273,15.550000190734863,15.800000190734863,13.505899429321289,61368000
2013-06-13T03:00:00Z,15.199999809265137,15.399999618530273,13.800000190734863,14.800000190734863,12.651097297668457,154433000
2013-06-14T03:00:00Z,15.399999618530273,15.75,15.149999618530273,15.300000190734863,13.078497886657715,71365000
2013-06-17T03:00:00Z,15.5,15.600000381469727,15.050000190734863,15.100000381469727,12.907539367675781,35581000
2013-06-18T03:00:00Z,15.149999618530273,15.899999618530273,15.100000381469727,15.350000381469727,13.121237754821777,76723000
2013-06-19T03:00:00Z,15.550000190734863,15.75,15.300000190734863,15.550000190734863,13.29219913482666,42497000
2013-06-20T03:00:00Z,15.199999809265137,15.699999809265137,15.100000381469727,15.5,13.249458312988281,48030000
2013-06-21T03:00:00Z,15.199999809265137,15.350000381469727,14.550000190734863,14.899999618530273,12.73657512664795,75071000
2013-06-24T03:00:00Z,14.800000190734863,15,13.699999809265137,13.699999809265137,11.71081256866455,46562000
2013-06-25T03:00:00Z,14.100000381469727,14.300000190734863,12.800000190734863,13.949999809265137,11.924511909484863,91604000
2013-06-26T03:00:00Z,14.600000381469727,15.399999618530273,14.300000190734863,15.399999618530273,13.163976669311523,62353000
2013-06-27T03:00:00Z,16,16.200000762939453,15.350000381469727,15.699999809265137,13.420419692993164,79709000
2013-06-28T03:00:00Z,16.149999618530273,17.399999618530273,16.149999618530273,16.850000381469727,14.4034423828125,118277000
2013-07-02T03:00:00Z,16.950000762939453,17.25,16.399999618530273,16.5,14.104262351989746,62931000
2013-07-03T03:00:00Z,16.600000381469727,16.799999237060547,16.350000381469727,16.799999237060547,14.360703468322754,47009000
2013-07-04T03:00:00Z,16.899999618530273,16.899999618530273,16.299999237060547,16.649999618530273,14.23248291015625,33095000
2013-07-05T03:00:00Z,16.850000381469727,17,16.549999237060547,16.799999237060547,14.360703468322754,33009000
2013-07-08T03:00:00Z,16.5,16.649999618530273,16.100000381469727,16.100000381469727,13.762341499328613,19925000
2013-07-09T03:00:00Z,16.299999237060547,16.299999237060547,15.699999809265137,15.699999809265137,13.420419692993164,27187000
2013-07-10T03:00:00Z,15.649999618530273,16,15.399999618530273,15.800000190734863,13.505899429321289,33761000
2013-07-11T03:00:00Z,16.299999237060547,17,16.25,17,14.531664848327637,52441000
2013-07-12T03:00:00Z,17.200000762939453,17.350000381469727,16.850000381469727,17.049999237060547,14.574400901794434,29389000
2013-07-15T03:00:00Z,17.25,17.350000381469727,16.899999618530273,17.299999237060547,14.788104057312012,44531000
2013-07-16T03:00:00Z,17.25,17.350000381469727,16.850000381469727,17.350000381469727,14.83084487915039,45693000
2013-07-17T03:00:00Z,17.350000381469727,18.049999237060547,17.200000762939453,17.799999237060547,15.215506553649902,72040000
2013-07-18T03:00:00Z,18.299999237060547,19.149999618530273,18.25,18.799999237060547,16.070310592651367,85243000
2013-07-19T03:00:00Z,19.200000762939453,19.850000381469727,18.950000762939453,19.450000762939453,16.625934600830078,75990000
2013-07-23T03:00:00Z,19.399999618530273,19.399999618530273,18.899999618530273,19.200000762939453,16.412233352661133,45936000
2013-07-24T03:00:00Z,19.350000381469727,19.850000381469727,19.299999237060547,19.350000381469727,16.540451049804688,61078000
2013-07-25T03:00:00Z,19.200000762939453,19.299999237060547,18.350000381469727,18.399999618530273,15.728388786315918,61074000
2013-07-26T03:00:00Z,18.549999237060547,19.200000762939453,18.299999237060547,19,16.241270065307617,54799000
2013-07-29T03:00:00Z,19,19.049999237060547,18.450000762939453,18.850000381469727,16.113052368164062,24111000
2013-07-30T03:00:00Z,19,19,17.899999618530273,18,15.386470794677734,41774000
2013-07-31T03:00:00Z,18.200000762939453,18.350000381469727,17.450000762939453,17.799999237060547,15.215506553649902,67587000
2013-08-01T03:00:00Z,18.049999237060547,18.399999618530273,17.75,18.200000762939453,15.5574312210083,29582000
2013-08-02T03:00:00Z,18.299999237060547,18.299999237060547,17.75,17.850000381469727,15.258249282836914,35636000
2013-08-05T03:00:00Z,17.600000381469727,18.399999618530273,17.350000381469727,18.399999618530273,15.728388786315918,29271000
2013-08-06T03:00:00Z,18,18.549999237060547,18,18.149999618530273,15.514688491821289,22141000
2013-08-07T03:00:00Z,18.100000381469727,18.549999237060547,18.100000381469727,18.350000381469727,15.685647964477539,19342000
2013-08-08T03:00:00Z,18.600000381469727,18.75,18.350000381469727,18.350000381469727,15.685647964477539,28194000
2013-08-09T03:00:00Z,18.5,18.600000381469727,18.25,18.350000381469727,15.685647964477539,14634000
2013-08-13T03:00:00Z,18.299999237060547,18.5,18.100000381469727,18.200000762939453,15.5574312210083,26122000
2013-08-14T03:00:00Z,18.149999618530273,18.399999618530273,17.799999237060547,18.200000762939453,15.5574312210083,43541000
2013-08-15T03:00:00Z,18.200000762939453,18.549999237060547,18.149999618530273,18.299999237060547,15.642909049987793,31389000
2013-08-16T03:00:00Z,18.200000762939453,18.25,17.799999237060547,17.850000381469727,15.258249282836914,37269000
2013-08-19T03:00:00Z,17.700000762939453,17.75,17.299999237060547,17.299999237060547,14.788104057312012,47293000
2013-08-20T03:00:00Z,17,17.350000381469727,16.649999618530273,17.100000381469727,14.617142677307129,56711000
2013-08-21T03:00:00Z,17.100000381469727,17.399999618530273,16.950000762939453,16.950000762939453,14.488924980163574,45276000
2013-08-22T03:00:00Z,16.75,17.25,16.700000762939453,16.799999237060547,14.360703468322754,33818000
2013-08-23T03:00:00Z,17.049999237060547,17.200000762939453,16.549999237060547,16.600000381469727,14.189742088317871,30071000
2013-08-26T03:00:00Z,16.600000381469727,16.799999237060547,16.450000762939453,16.450000762939453,14.061522483825684,21345000
2013-08-27T03:00:00Z,16.200000762939453,16.200000762939453,15.449999809265137,15.5,13.249458312988281,42387000
2013-08-28T03:00:00Z,15,15.5,14.25,14.949999809265137,12.779316902160645,70835000
2013-08-29T03:00:00Z,15.050000190734863,15.699999809265137,14.949999809265137,15.699999809265137,13.420419692993164,45185000
2013-08-30T03:00:00Z,15.850000381469727,16.350000381469727,15.850000381469727,16.350000381469727,13.976041793823242,43726000
2013-09-02T03:00:00Z,16.600000381469727,16.899999618530273,16.5,16.899999618530273,14.446182250976562,29024000
2013-09-03T03:00:00Z,16.850000381469727,17,16.299999237060547,16.299999237060547,13.933302879333496,34096000
2013-09-04T03:00:00Z,16.450000762939453,16.600000381469727,16.100000381469727,16.149999618530273,13.80508041381836,34563000
2013-09-05T03:00:00Z,16.299999237060547,16.649999618530273,16.149999618530273,16.399999618530273,14.018778800964355,39724000
2013-09-06T03:00:00Z,16.350000381469727,16.75,16.299999237060547,16.600000381469727,14.189742088317871,23772000
2013-09-09T03:00:00Z,17,17.799999237060547,16.899999618530273,17.799999237060547,15.215506553649902,41701000
2013-09-10T03:00:00Z,18.049999237060547,18.5,18,18.399999618530273,15.728388786315918,56866000
2013-09-11T03:00:00Z,18.450000762939453,18.5,17.850000381469727,18.399999618530273,15.728388786315918,29081000
2013-09-12T03:00:00Z,18.399999618530273,18.649999618530273,18,18,15.386470794677734,42651000
2013-09-13T03:00:00Z,17.899999618530273,18.299999237060547,17.899999618530273,18,15.386470794677734,17418000
2013-09-16T03:00:00Z,18.5,19.149999618530273,18.399999618530273,18.950000762939453,16.198530197143555,36073000
2013-09-17T03:00:00Z,19.149999618530273,19.5,19.049999237060547,19.350000381469727,16.540451049804688,43924000
2013-09-18T03:00:00Z,19.149999618530273,19.450000762939453,19,19.350000381469727,16.540451049804688,19588000
2013-09-19T03:00:00Z,20.299999237060547,20.5,19.850000381469727,19.850000381469727,16.967857360839844,48733000
2013-09-20T03:00:00Z,19.799999237060547,20.200000762939453,19.799999237060547,20,17.0960750579834,21092000
2013-09-23T03:00:00Z,19.850000381469727,19.850000381469727,19.200000762939453,19.299999237060547,16.497711181640625,40843000
2013-09-24T03:00:00Z,19,19.100000381469727,18.100000381469727,18.100000381469727,15.47194766998291,74686000
2013-09-25T03:00:00Z,18.25,18.600000381469727,18.100000381469727,18.600000381469727,15.8993501663208,77414000
2013-09-26T03:00:00Z,18.549999237060547,19.299999237060547,18.450000762939453,19.049999237060547,16.284008026123047,33892000
2013-09-27T03:00:00Z,19.200000762939453,19.350000381469727,18.600000381469727,18.75,16.027568817138672,31141000
2013-09-30T03:00:00Z,18.350000381469727,18.850000381469727,18.25,18.850000381469727,16.113052368164062,46775000
2013-10-01T03:00:00Z,18.850000381469727,19.25,18.75,19.049999237060547,16.284008026123047,27322000
2013-10-02T03:00:00Z,19.299999237060547,19.299999237060547,18.850000381469727,19,16.241270065307617,17480000
2013-10-03T03:00:00Z,19.200000762939453,19.799999237060547,19.200000762939453,19.799999237060547,16.92511558532715,31384000
2013-10-04T03:00:00Z,19.649999618530273,19.799999237060547,19.350000381469727,19.700000762939453,16.83963394165039,24522000
2013-10-07T03:00:00Z,19.649999618530273,20,19.25,19.299999237060547,16.497711181640625,31737000
2013-10-08T03:00:00Z,19.350000381469727,19.799999237060547,19.200000762939453,19.75,16.88237953186035,27410000
2013-10-09T03:00:00Z,19.600000381469727,19.75,19.399999618530273,19.549999237060547,16.71141815185547,23346000
2013-10-10T03:00:00Z,19.649999618530273,20,19.649999618530273,20,17.0960750579834,40707000
2013-10-11T03:00:00Z,20.200000762939453,20.200000762939453,19.799999237060547,19.799999237060547,16.92511558532715,25160000
2013-10-14T03:00:00Z,19.850000381469727,20.700000762939453,19.649999618530273,20.600000381469727,17.608957290649414,31938000
2013-10-15T03:00:00Z,20.700000762939453,21.100000381469727,20.399999618530273,20.899999618530273,17.86539649963379,43196000
2013-10-16T03:00:00Z,20.799999237060547,22,20.700000762939453,22,18.805679321289062,74791000
2013-10-17T03:00:00Z,22.299999237060547,22.5,21.899999618530273,22.5,19.233083724975586,39426000
2013-10-18T03:00:00Z,22.399999618530273,22.399999618530273,21.5,21.700000762939453,18.54924201965332,44578000
2013-10-21T03:00:00Z,21.600000381469727,21.700000762939453,20.600000381469727,20.600000381469727,17.608957290649414,42876000
2013-10-22T03:00:00Z,20.600000381469727,21.299999237060547,20.399999618530273,21.299999237060547,18.207317352294922,63764000
2013-10-24T03:00:00Z,21,22.100000381469727,21,21.600000381469727,18.463760375976562,93132000
2013-10-25T03:00:00Z,21.799999237060547,21.799999237060547,21.399999618530273,21.399999618530273,18.29279899597168,25698000
2013-10-28T03:00:00Z,21.700000762939453,21.799999237060547,21.100000381469727,21.200000762939453,18.12183952331543,15679000
2013-10-29T03:00:00Z,21.299999237060547,21.600000381469727,21.200000762939453,21.399999618530273,18.29279899597168,31941000
2013-10-30T03:00:00Z,21.5,21.5,20.799999237060547,21.299999237060547,18.207317352294922,57690000
2013-10-31T03:00:00Z,21.100000381469727,21.5,20.899999618530273,21.200000762939453,18.12183952331543,18365000
2013-11-01T03:00:00Z,21,21,20.600000381469727,20.600000381469727,17.608957290649414,37550000
2013-11-04T03:00:00Z,19.899999618530273,20,18.899999618530273,18.899999618530273,16.155790328979492,100225000
2013-11-05T03:00:00Z,19.200000762939453,20,19.200000762939453,20,17.0960750579834,84002000
2013-11-06T03:00:00Z,20,20.899999618530273,19.700000762939453,20.399999618530273,17.43799591064453,66604000
2013-11-07T03:00:00Z,20.399999618530273,20.799999237060547,20.200000762939453,20.399999618530273,17.43799591064453,53257000
2013-11-08T03:00:00Z,20.299999237060547,20.5,20,20.200000762939453,17.267038345336914,39849000
2013-11-11T03:00:00Z,19.399999618530273,20.5,19.299999237060547,20.5,17.52347755432129,43642000
2013-11-12T03:00:00Z,21,21.200000762939453,20.5,20.5,17.52347755432129,43395000
2013-11-13T03:00:00Z,20.5,21,20.5,21,17.950876235961914,19034000
2013-11-14T03:00:00Z,21.200000762939453,21.200000762939453,20.899999618530273,21,17.950876235961914,22279000
2013-11-15T03:00:00Z,21.200000762939453,21.200000762939453,20.700000762939453,20.899999618530273,17.86539649963379,15828000
2013-11-18T03:00:00Z,21.100000381469727,21.200000762939453,20.799999237060547,20.899999618530273,17.86539649963379,13843000
2013-11-19T03:00:00Z,21,21.100000381469727,20.799999237060547,20.899999618530273,17.86539649963379,15531000
2013-11-20T03:00:00Z,21,21.200000762939453,20.700000762939453,20.799999237060547,17.779916763305664,23818000
2013-11-21T03:00:00Z,20.5,20.5,19.850000381469727,19.850000381469727,16.967857360839844,36065000
2013-11-22T03:00:00Z,19.799999237060547,19.950000762939453,19.100000381469727,19.200000762939453,16.412233352661133,79023000
2013-11-25T03:00:00Z,18.899999618530273,19.5,18.799999237060547,19.25,16.454971313476562,55305000
2013-11-26T03:00:00Z,19.25,19.399999618530273,18.649999618530273,18.700000762939453,15.98482894897461,69165000
2013-11-27T03:00:00Z,18.850000381469727,19.100000381469727,18.799999237060547,19,16.241270065307617,59660000
2013-11-28T03:00:00Z,19.100000381469727,19.350000381469727,18.850000381469727,18.899999618530273,16.155790328979492,42946000
2013-11-29T03:00:00Z,18.799999237060547,18.950000762939453,18.75,18.75,16.027568817138672,41882000
2013-12-02T03:00:00Z,18.600000381469727,18.600000381469727,18.100000381469727,18.299999237060547,15.642909049987793,101988000
2013-12-03T03:00:00Z,18.25,19,18.25,18.600000381469727,15.8993501663208,121842000
2013-12-04T03:00:00Z,18.600000381469727,18.799999237060547,18.399999618530273,18.399999618530273,15.728388786315918,48270000
2013-12-06T03:00:00Z,18.549999237060547,18.600000381469727,17.799999237060547,17.850000381469727,15.258249282836914,66607000
2013-12-09T03:00:00Z,18.200000762939453,18.399999618530273,17.850000381469727,18.25,15.60017204284668,62655000
2013-12-11T03:00:00Z,18.200000762939453,18.5,18.200000762939453,18.299999237060547,15.642909049987793,64783000
2013-12-12T03:00:00Z,18.200000762939453,18.200000762939453,17.899999618530273,17.899999618530273,15.300987243652344,50949000
2013-12-13T03:00:00Z,18,18.049999237060547,17.5,17.5,14.959064483642578,48576000
2013-12-16T03:00:00Z,17.399999618530273,17.450000762939453,17,17.049999237060547,14.574400901794434,48081000
2013-12-17T03:00:00Z,17.200000762939453,17.899999618530273,17.149999618530273,17.850000381469727,15.258249282836914,55352000
2013-12-18T03:00:00Z,17.950000762939453,18.5,17.899999618530273,18.25,15.60017204284668,82413000
2013-12-19T03:00:00Z,17.950000762939453,17.950000762939453,17.75,17.799999237060547,15.608936309814453,44169000
2013-12-20T03:00:00Z,17.799999237060547,17.799999237060547,17.25,17.25,15.126639366149902,32033000
2013-12-23T03:00:00Z,17.049999237060547,17.149999618530273,16.5,16.549999237060547,14.512802124023438,64744000
2013-12-24T03:00:00Z,16.549999237060547,17.049999237060547,16.5,16.5,14.46895980834961,61752000
2013-12-25T03:00:00Z,16.649999618530273,16.75,16.549999237060547,16.549999237060547,14.512802124023438,20968000
2013-12-26T03:00:00Z,16.649999618530273,16.75,15.800000190734863,15.800000190734863,13.855125427246094,58059000
2013-12-27T03:00:00Z,15.75,15.949999809265137,15.399999618530273,15.850000381469727,13.898969650268555,46287000
2014-01-02T03:00:00Z,16.049999237060547,16.049999237060547,14.649999618530273,14.649999618530273,12.846684455871582,69637000
2014-01-03T03:00:00Z,14.300000190734863,14.949999809265137,14.25,14.5,12.7151460647583,121443000
2014-01-06T03:00:00Z,14.399999618530273,14.399999618530273,13.75,14.25,12.495920181274414,103236000
2014-01-07T03:00:00Z,14.399999618530273,15.149999618530273,14.350000381469727,15.149999618530273,13.285136222839355,112178000
2014-01-08T03:00:00Z,15.050000190734863,15.100000381469727,14.5,14.5,12.7151460647583,105933000
2014-01-09T03:00:00Z,14.699999809265137,14.949999809265137,14.550000190734863,14.600000381469727,12.802835464477539,77090000
2014-01-10T03:00:00Z,14.399999618530273,14.600000381469727,14.25,14.550000190734863,12.758991241455078,60755000
2014-01-13T03:00:00Z,14.300000190734863,15.300000190734863,14.300000190734863,15.300000190734863,13.416671752929688,76300000
2014-01-14T03:00:00Z,15.199999809265137,16.25,15.100000381469727,15.949999809265137,13.986659049987793,112705000
2014-01-15T03:00:00Z,16.299999237060547,16.850000381469727,16.200000762939453,16.600000381469727,14.556650161743164,137027000
2014-01-16T03:00:00Z,16.799999237060547,17.049999237060547,16.350000381469727,16.600000381469727,14.556650161743164,123839000
2014-01-17T03:00:00Z,16.549999237060547,16.700000762939453,16,16.100000381469727,14.118197441101074,82706000
2014-01-20T03:00:00Z,16.149999618530273,16.200000762939453,15.800000190734863,15.800000190734863,13.855125427246094,41652000
2014-01-21T03:00:00Z,16.100000381469727,16.5,16.049999237060547,16.299999237060547,14.2935791015625,67045000
2014-01-22T03:00:00Z,15.949999809265137,16.149999618530273,15.800000190734863,16,14.030505180358887,80702000
2014-01-23T03:00:00Z,15.949999809265137,16.75,15.949999809265137,16.75,14.688186645507812,141816000
2014-01-24T03:00:00Z,16.75,17.700000762939453,16.600000381469727,17.549999237060547,15.389708518981934,183227000
2014-01-27T03:00:00Z,17.200000762939453,17.850000381469727,17.100000381469727,17.5,15.345865249633789,160133000
2014-01-28T03:00:00Z,17.649999618530273,17.700000762939453,16.850000381469727,16.899999618530273,14.819721221923828,108165000
2014-01-29T03:00:00Z,17.049999237060547,17.649999618530273,17.049999237060547,17.299999237060547,15.170483589172363,125674000
2014-01-30T03:00:00Z,17.200000762939453,17.5,17.149999618530273,17.399999618530273,15.258174896240234,55233000
2014-01-31T03:00:00Z,17.450000762939453,17.600000381469727,17.149999618530273,17.149999618530273,15.038947105407715,48202000
2014-02-03T03:00:00Z,17.399999618530273,17.799999237060547,17.299999237060547,17.649999618530273,15.477405548095703,59144000
2014-02-04T03:00:00Z,17.450000762939453,17.600000381469727,17.399999618530273,17.5,15.345865249633789,49475000
2014-02-05T03:00:00Z,17.600000381469727,17.75,17.200000762939453,17.350000381469727,15.214329719543457,50261000
2014-02-06T03:00:00Z,17.5,17.649999618530273,17.450000762939453,17.600000381469727,15.433557510375977,43931000
2014-02-07T03:00:00Z,17.75,17.75,17.350000381469727,17.399999618530273,15.258174896240234,35849000
2014-02-10T03:00:00Z,17.5,17.549999237060547,17.149999618530273,17.149999618530273,15.038947105407715,21403000
2014-02-11T03:00:00Z,17.149999618530273,17.350000381469727,17.100000381469727,17.25,15.126639366149902,32624000
2014-02-12T03:00:00Z,17.350000381469727,17.75,17.299999237060547,17.649999618530273,15.477405548095703,59391000
2014-02-13T03:00:00Z,17.649999618530273,17.799999237060547,17.450000762939453,17.600000381469727,15.433557510375977,50576000
2014-02-17T03:00:00Z,17.899999618530273,18.5,17.899999618530273,18.299999237060547,16.04738998413086,121609000
2014-02-18T03:00:00Z,18.299999237060547,18.75,18.100000381469727,18.649999618530273,16.354310989379883,113987000
2014-02-19T03:00:00Z,18.600000381469727,18.950000762939453,18.600000381469727,18.799999237060547,16.485843658447266,95161000
2014-02-20T03:00:00Z,18.600000381469727,18.75,18.25,18.299999237060547,16.04738998413086,103491000
2014-02-21T03:00:00Z,18.299999237060547,18.549999237060547,18.149999618530273,18.399999618530273,16.135082244873047,54123000
2014-02-24T03:00:00Z,18.25,18.399999618530273,18.100000381469727,18.25,16.00354766845703,29156000
2014-02-25T03:00:00Z,18.350000381469727,18.649999618530273,18.25,18.450000762939453,16.178926467895508,53811000
2014-02-26T03:00:00Z,18.5,18.649999618530273,18.350000381469727,18.399999618530273,16.135082244873047,39254000
2014-02-27T03:00:00Z,18.450000762939453,18.899999618530273,18.399999618530273,18.649999618530273,16.354310989379883,54432000
2014-02-28T03:00:00Z,18.700000762939453,18.75,18.5,18.75,16.441997528076172,46422000
2014-03-03T03:00:00Z,18.899999618530273,19.5,18.899999618530273,19.350000381469727,16.968141555786133,130969000
2014-03-04T03:00:00Z,19.399999618530273,20.100000381469727,19.399999618530273,19.899999618530273,17.450439453125,128856000
2014-03-05T03:00:00Z,20.100000381469727,20.200000762939453,19.600000381469727,19.649999618530273,17.231212615966797,95250000
2014-03-06T03:00:00Z,19.649999618530273,19.75,19.350000381469727,19.350000381469727,16.968141555786133,59360000
2014-03-07T03:00:00Z,19.350000381469727,19.649999618530273,19.350000381469727,19.350000381469727,16.968141555786133,54572000
2014-03-10T03:00:00Z,19.299999237060547,19.350000381469727,18.75,18.850000381469727,16.529691696166992,93366000
2014-03-11T03:00:00Z,19,19.450000762939453,19,19.299999237060547,16.92429542541504,65798000
2014-03-12T03:00:00Z,19.100000381469727,19.600000381469727,19.100000381469727,19.299999237060547,16.92429542541504,69492000
2014-03-13T03:00:00Z,19.5,19.850000381469727,19.450000762939453,19.649999618530273,17.231212615966797,68745000
2014-03-14T03:00:00Z,19.549999237060547,19.799999237060547,19.549999237060547,19.549999237060547,17.14352798461914,43206000
2014-03-17T03:00:00Z,19.700000762939453,19.75,19.5,19.700000762939453,17.275060653686523,27443000
2014-03-18T03:00:00Z,19.700000762939453,19.700000762939453,19.200000762939453,19.299999237060547,16.92429542541504,71947000
2014-03-19T03:00:00Z,19.450000762939453,19.549999237060547,19.200000762939453,19.350000381469727,16.968141555786133,33645000
2014-03-20T03:00:00Z,19.299999237060547,19.399999618530273,19.149999618530273,19.299999237060547,16.92429542541504,42526000
2014-03-21T03:00:00Z,19.299999237060547,19.450000762939453,19.100000381469727,19.25,16.880451202392578,30423000
2014-03-24T03:00:00Z,19.149999618530273,19.149999618530273,18.799999237060547,18.799999237060547,16.485843658447266,36008000
2014-03-25T03:00:00Z,18.899999618530273,19.200000762939453,18.799999237060547,19.049999237060547,16.705068588256836,34050000
2014-03-26T03:00:00Z,19.200000762939453,19.399999618530273,19.149999618530273,19.399999618530273,17.01198959350586,25653000
2014-03-27T03:00:00Z,19.25,19.399999618530273,18.899999618530273,19.049999237060547,16.705068588256836,29070000
2014-03-28T03:00:00Z,19.100000381469727,19.299999237060547,18.899999618530273,19.200000762939453,16.83660888671875,36072000
2014-03-31T03:00:00Z,19.25,19.399999618530273,19.149999618530273,19.399999618530273,17.01198959350586,19663000
2014-04-01T03:00:00Z,19.399999618530273,19.399999618530273,19.25,19.350000381469727,16.968141555786133,20565000
2014-04-02T03:00:00Z,19.399999618530273,20,19.399999618530273,19.75,17.318910598754883,123862000
2014-04-03T03:00:00Z,19.75,19.950000762939453,19.600000381469727,19.799999237060547,17.362751007080078,48220000
2014-04-04T03:00:00Z,19.799999237060547,19.799999237060547,19.5,19.5,17.09967803955078,25627000
2014-04-08T03:00:00Z,19.399999618530273,19.600000381469727,19,19,16.661224365234375,59956000
2014-04-09T03:00:00Z,19.100000381469727,19.350000381469727,19.100000381469727,19.100000381469727,16.748918533325195,30465000
2014-04-10T03:00:00Z,19.299999237060547,19.350000381469727,19.200000762939453,19.200000762939453,16.83660888671875,16364000
2014-04-11T03:00:00Z,19.200000762939453,19.5,19.149999618530273,19.5,17.09967803955078,22288000
2014-04-16T03:00:00Z,19.299999237060547,19.549999237060547,19.25,19.450000762939453,17.055835723876953,36534000
2014-04-17T03:00:00Z,19.399999618530273,19.600000381469727,19.399999618530273,19.399999618530273,17.01198959350586,26998000
2014-04-18T03:00:00Z,19.450000762939453,19.5,19.200000762939453,19.200000762939453,16.83660888671875,16790000
2014-04-21T03:00:00Z,19.200000762939453,19.350000381469727,19.149999618530273,19.25,16.880451202392578,9557000
2014-04-22T03:00:00Z,19.299999237060547,19.350000381469727,19.149999618530273,19.299999237060547,16.92429542541504,12578000
2014-04-23T03:00:00Z,19.299999237060547,19.75,19.25,19.75,17.318910598754883,47644000
2014-04-24T03:00:00Z,19.600000381469727,19.799999237060547,19.350000381469727,19.649999618530273,17.231212615966797,40725000
2014-04-25T03:00:00Z,19.649999618530273,19.850000381469727,19.450000762939453,19.450000762939453,17.055835723876953,43702000
2014-04-28T03:00:00Z,19.450000762939453,19.549999237060547,19.25,19.350000381469727,16.968141555786133,1571000
2014-04-29T03:00:00Z,19.399999618530273,19.600000381469727,19.25,19.549999237060547,17.14352798461914,15380000
2014-04-30T03:00:00Z,19.399999618530273,19.549999237060547,19.350000381469727,19.5,17.09967803955078,23042000
2014-05-02T03:00:00Z,19.549999237060547,19.700000762939453,19.5,19.700000762939453,17.275060653686523,18087000
2014-05-06T03:00:00Z,19.700000762939453,19.799999237060547,19.399999618530273,19.399999618530273,17.01198959350586,7866000
2014-05-07T03:00:00Z,19.25,19.350000381469727,19.149999618530273,19.25,16.880451202392578,34952000
2014-05-08T03:00:00Z,19.25,19.399999618530273,18.799999237060547,19,16.661224365234375,30157000
2014-05-09T03:00:00Z,19,19.200000762939453,18.950000762939453,19.149999618530273,16.792760848999023,25008000
2014-05-12T03:00:00Z,19.100000381469727,19.149999618530273,18.950000762939453,19,16.661224365234375,17300000
2014-05-14T03:00:00Z,19,19.200000762939453,18.950000762939453,19.149999618530273,16.792760848999023,27671000
2014-05-15T03:00:00Z,19.100000381469727,19.350000381469727,19.100000381469727,19.299999237060547,16.92429542541504,15537000
2014-05-16T03:00:00Z,19.149999618530273,19.600000381469727,19.100000381469727,19.549999237060547,17.14352798461914,25448000
2014-05-19T03:00:00Z,19.549999237060547,19.549999237060547,19.399999618530273,19.5,17.09967803955078,8199000
2014-05-20T03:00:00Z,19.149999618530273,19.25,18.649999618530273,18.799999237060547,16.485843658447266,100983000
2014-05-21T03:00:00Z,18.700000762939453,19.149999618530273,18.700000762939453,19,16.661224365234375,49653000
2014-05-22T03:00:00Z,19.200000762939453,19.299999237060547,18.899999618530273,19,16.661224365234375,21870000
2014-05-23T03:00:00Z,18.350000381469727,18.600000381469727,18.350000381469727,18.549999237060547,16.266620635986328,104513000
2014-05-26T03:00:00Z,18.5,18.5,18.049999237060547,18.100000381469727,15.872010231018066,60218000
2014-05-27T03:00:00Z,18.100000381469727,18.25,17.950000762939453,18.049999237060547,15.828163146972656,67096000
2014-05-28T03:00:00Z,18.149999618530273,18.600000381469727,18.100000381469727,18.399999618530273,16.135082244873047,119682000
2014-05-29T03:00:00Z,18.450000762939453,18.649999618530273,18.25,18.350000381469727,16.09123420715332,62565000
2014-05-30T03:00:00Z,18.399999618530273,18.75,18.350000381469727,18.75,16.441997528076172,75659000
2014-06-02T03:00:00Z,18.799999237060547,19.200000762939453,18.799999237060547,19.049999237060547,16.705068588256836,60902000
2014-06-03T03:00:00Z,19.25,19.450000762939453,18.950000762939453,19.450000762939453,17.055835723876953,72713000
2014-06-04T03:00:00Z,19.549999237060547,19.799999237060547,19.399999618530273,19.5,17.09967803955078,63616000
2014-06-05T03:00:00Z,19.549999237060547,19.649999618530273,19.450000762939453,19.5,17.09967803955078,30800000
2014-06-06T03:00:00Z,19.600000381469727,19.799999237060547,19.549999237060547,19.549999237060547,17.14352798461914,24529000
2014-06-09T03:00:00Z,19.649999618530273,19.75,19.549999237060547,19.600000381469727,17.187368392944336,20641000
2014-06-10T03:00:00Z,19.649999618530273,19.75,19.450000762939453,19.75,17.318910598754883,24712000
2014-06-11T03:00:00Z,19.700000762939453,19.75,19.399999618530273,19.600000381469727,17.187368392944336,17876000
2014-06-12T03:00:00Z,19.649999618530273,19.75,19.5,19.75,17.318910598754883,22932000
2014-06-13T03:00:00Z,19.899999618530273,20.399999618530273,19.850000381469727,19.950000762939453,17.494287490844727,87274000
2014-06-16T03:00:00Z,20,20.100000381469727,19.75,19.899999618530273,17.450439453125,41117000
2014-06-17T03:00:00Z,20,20.200000762939453,19.899999618530273,19.950000762939453,17.494287490844727,25620000
2014-06-18T03:00:00Z,20,20,19.399999618530273,19.399999618530273,17.01198959350586,38267000
2014-06-19T03:00:00Z,19.549999237060547,20.100000381469727,19.5,19.899999618530273,17.450439453125,30936000
2014-06-20T03:00:00Z,20,20.399999618530273,19.899999618530273,20.299999237060547,17.80120277404785,41559000
2014-06-23T03:00:00Z,20.5,20.600000381469727,20,20,17.538131713867188,18371000
2014-06-24T03:00:00Z,19.899999618530273,20,19.700000762939453,19.899999618530273,17.450439453125,21277000
2014-06-25T03:00:00Z,19.850000381469727,20.100000381469727,19.799999237060547,19.950000762939453,17.494287490844727,10631000
2014-06-26T03:00:00Z,19.899999618530273,19.950000762939453,19.75,19.799999237060547,17.362751007080078,25047000
2014-06-27T03:00:00Z,19.700000762939453,20,19.700000762939453,19.850000381469727,17.406597137451172,20134000
2014-06-30T03:00:00Z,19.899999618530273,19.950000762939453,19.75,19.850000381469727,17.406597137451172,14646000
2014-07-02T03:00:00Z,19.850000381469727,19.899999618530273,19.649999618530273,19.700000762939453,17.275060653686523,29071000
2014-07-03T03:00:00Z,19.700000762939453,19.799999237060547,19.649999618530273,19.700000762939453,17.275060653686523,18716000
2014-07-04T03:00:00Z,19.700000762939453,19.75,19.549999237060547,19.549999237060547,17.14352798461914,13346000
2014-07-07T03:00:00Z,19.649999618530273,19.649999618530273,19.399999618530273,19.450000762939453,17.055835723876953,31509000
2014-07-08T03:00:00Z,19.75,19.899999618530273,19.649999618530273,19.75,17.318910598754883,31197000
2014-07-09T03:00:00Z,19.799999237060547,19.850000381469727,19.600000381469727,19.600000381469727,17.187368392944336,32506000
2014-07-10T03:00:00Z,19.700000762939453,20,19.649999618530273,20,17.538131713867188,53670000
2014-07-14T03:00:00Z,20.100000381469727,20.100000381469727,19.850000381469727,19.850000381469727,17.406597137451172,20990000
2014-07-15T03:00:00Z,19.950000762939453,20.299999237060547,19.850000381469727,20.100000381469727,17.625822067260742,36673000
2014-07-16T03:00:00Z,20.200000762939453,21,20.100000381469727,20.799999237060547,18.239656448364258,81031000
2014-07-17T03:00:00Z,20.899999618530273,21,20.600000381469727,21,18.415035247802734,34721000
2014-07-18T03:00:00Z,21.100000381469727,22,20.899999618530273,21.799999237060547,19.116561889648438,59728000
2014-07-21T03:00:00Z,22.100000381469727,23.100000381469727,22.100000381469727,22.899999618530273,20.081159591674805,48701000
2014-07-22T03:00:00Z,22.899999618530273,23,21.899999618530273,22.100000381469727,19.379638671875,39562000
2014-07-23T03:00:00Z,22.700000762939453,22.899999618530273,22.399999618530273,22.600000381469727,19.818090438842773,19113000
2014-07-24T03:00:00Z,22.700000762939453,22.700000762939453,22,22.200000762939453,19.46732521057129,20105000
2014-07-25T03:00:00Z,22,22.200000762939453,21.600000381469727,21.700000762939453,19.028873443603516,28580000
2014-07-28T03:00:00Z,21.700000762939453,22.100000381469727,21.5,21.600000381469727,18.94118309020996,17507000
2014-07-29T03:00:00Z,21.700000762939453,21.799999237060547,21.399999618530273,21.399999618530273,18.76580238342285,14660000
2014-07-30T03:00:00Z,21.5,22,21.200000762939453,21.899999618530273,19.204254150390625,23854000
2014-07-31T03:00:00Z,21.700000762939453,21.899999618530273,21.299999237060547,21.399999618530273,18.76580238342285,27122000
2014-08-01T03:00:00Z,21,21.600000381469727,20.799999237060547,21.5,18.853492736816406,32066000
2014-08-04T03:00:00Z,21.600000381469727,21.700000762939453,21.299999237060547,21.5,18.853492736816406,23854000
2014-08-05T03:00:00Z,21.700000762939453,21.799999237060547,21.299999237060547,21.600000381469727,18.94118309020996,13338000
2014-08-06T03:00:00Z,21.5,21.5,21.299999237060547,21.299999237060547,18.678110122680664,14840000
2014-08-07T03:00:00Z,21.600000381469727,22,21.399999618530273,21.899999618530273,19.204254150390625,39909000
2014-08-08T03:00:00Z,21.600000381469727,22,21.5,22,19.291942596435547,22366000
2014-08-13T03:00:00Z,22.100000381469727,22.100000381469727,21.5,21.899999618530273,19.204254150390625,34495000
2014-08-14T03:00:00Z,22,22,21.299999237060547,21.399999618530273,18.76580238342285,41040000
2014-08-15T03:00:00Z,21.5,21.799999237060547,21.399999618530273,21.600000381469727,18.94118309020996,22676000
2014-08-18T03:00:00Z,21.600000381469727,21.899999618530273,21.600000381469727,21.799999237060547,19.116561889648438,17350000
2014-08-19T03:00:00Z,21.899999618530273,22,21.600000381469727,21.799999237060547,19.116561889648438,24489000
2014-08-20T03:00:00Z,22,22.5,21.899999618530273,22.399999618530273,19.642711639404297,52477000
2014-08-21T03:00:00Z,22.399999618530273,22.600000381469727,21.899999618530273,22.100000381469727,19.379638671875,57092000
2014-08-22T03:00:00Z,22.5,23.100000381469727,22.100000381469727,22.799999237060547,19.99346923828125,104921000
2014-08-25T03:00:00Z,23.299999237060547,24.100000381469727,23.100000381469727,23.700000762939453,20.782686233520508,55974000
2014-08-26T03:00:00Z,23.700000762939453,23.799999237060547,23.299999237060547,23.5,20.6073055267334,38556000
2014-08-27T03:00:00Z,23.5,23.700000762939453,23.5,23.5,20.6073055267334,14028000
2014-08-28T03:00:00Z,23.5,23.600000381469727,23.100000381469727,23.600000381469727,20.694995880126953,28149000
2014-08-29T03:00:00Z,23.399999618530273,23.799999237060547,23.399999618530273,23.700000762939453,20.782686233520508,28651000
2014-09-01T03:00:00Z,23.799999237060547,24.100000381469727,23.600000381469727,23.899999618530273,20.95806884765625,38948000
2014-09-02T03:00:00Z,23.899999618530273,24.100000381469727,23.700000762939453,23.700000762939453,20.782686233520508,10667000
2014-09-03T03:00:00Z,23.899999618530273,24.600000381469727,23.700000762939453,24.5,21.48421287536621,43625000
2014-09-04T03:00:00Z,24.5,24.5,24,24,21.04575538635254,20252000
2014-09-05T03:00:00Z,24.200000762939453,24.299999237060547,24,24.100000381469727,21.133447647094727,13127000
2014-09-08T03:00:00Z,24.200000762939453,24.299999237060547,23.799999237060547,23.799999237060547,20.87037467956543,19261000
2014-09-09T03:00:00Z,24,24.100000381469727,23.600000381469727,23.600000381469727,20.694995880126953,12667000
2014-09-10T03:00:00Z,23.5,23.600000381469727,23.200000762939453,23.299999237060547,20.431926727294922,16951000
2014-09-11T03:00:00Z,23.5,24.100000381469727,23.399999618530273,23.899999618530273,20.95806884765625,28909000
2014-09-12T03:00:00Z,24.100000381469727,24.100000381469727,23.700000762939453,24.100000381469727,21.133447647094727,15977000
2014-09-15T03:00:00Z,24.100000381469727,24.100000381469727,23.700000762939453,23.799999237060547,20.87037467956543,12649000
2014-09-16T03:00:00Z,23.899999618530273,23.899999618530273,23.5,23.600000381469727,20.694995880126953,20563000
2014-09-17T03:00:00Z,23.5,23.700000762939453,23.299999237060547,23.5,20.6073055267334,18947000
2014-09-18T03:00:00Z,23.600000381469727,23.899999618530273,23.5,23.799999237060547,20.87037467956543,11173000
2014-09-19T03:00:00Z,23.899999618530273,24,23.700000762939453,23.899999618530273,20.95806884765625,13266000
2014-09-22T03:00:00Z,23.899999618530273,24.799999237060547,23.799999237060547,24.200000762939453,21.221139907836914,50774000
2014-09-23T03:00:00Z,24.399999618530273,24.600000381469727,24.100000381469727,24.399999618530273,21.396522521972656,26398000
2014-09-24T03:00:00Z,24.600000381469727,24.700000762939453,24,24.399999618530273,21.396522521972656,26778000
2014-09-25T03:00:00Z,24.399999618530273,24.5,24.100000381469727,24.5,21.48421287536621,11308000
2014-09-26T03:00:00Z,24.5,24.5,24.100000381469727,24.299999237060547,21.3088321685791,10068000
2014-09-29T03:00:00Z,24.299999237060547,24.5,24,24.200000762939453,21.221139907836914,17085000
2014-09-30T03:00:00Z,24,24.299999237060547,23.899999618530273,23.899999618530273,20.95806884765625,28401000
2014-10-01T03:00:00Z,23.799999237060547,24,23.600000381469727,23.799999237060547,20.87037467956543,18274000
2014-10-02T03:00:00Z,23.700000762939453,24,23.5,23.600000381469727,20.694995880126953,14497000
2014-10-03T03:00:00Z,23.600000381469727,23.899999618530273,23.399999618530273,23.700000762939453,20.782686233520508,16718000
2014-10-06T03:00:00Z,23.899999618530273,23.899999618530273,22.899999618530273,22.899999618530273,20.081159591674805,49700000
2014-10-07T03:00:00Z,23,23.100000381469727,22.600000381469727,22.700000762939453,19.90578269958496,47753000
2014-10-08T03:00:00Z,22.5,22.5,22.100000381469727,22.399999618530273,19.642711639404297,55241000
2014-10-09T03:00:00Z,22.5,22.799999237060547,22.200000762939453,22.299999237060547,19.555017471313477,37848000
2014-10-10T03:00:00Z,22.200000762939453,22.299999237060547,21.799999237060547,21.899999618530273,19.204254150390625,30824000
2014-10-13T03:00:00Z,21.600000381469727,22.200000762939453,21.299999237060547,22,19.291942596435547,35582000
2014-10-14T03:00:00Z,22,22.700000762939453,22,22.5,19.730398178100586,24695000
2014-10-15T03:00:00Z,22.700000762939453,22.899999618530273,22.600000381469727,22.600000381469727,19.818090438842773,25054000
2014-10-16T03:00:00Z,22.5,22.700000762939453,21.899999618530273,22,19.291942596435547,24380000
2014-10-17T03:00:00Z,22.399999618530273,22.399999618530273,21.700000762939453,22,19.291942596435547,30525000
2014-10-20T03:00:00Z,22.299999237060547,22.600000381469727,22.299999237060547,22.399999618530273,19.642711639404297,21176000
2014-10-21T03:00:00Z,22.5,22.899999618530273,22.399999618530273,22.799999237060547,19.99346923828125,16078000
2014-10-22T03:00:00Z,23,23,22.600000381469727,22.899999618530273,20.081159591674805,11933000
2014-10-24T03:00:00Z,23,23.600000381469727,22.799999237060547,23.600000381469727,20.694995880126953,23061000
2014-10-27T03:00:00Z,23.600000381469727,23.600000381469727,23.200000762939453,23.299999237060547,20.431926727294922,9747000
2014-10-28T03:00:00Z,23.399999618530273,24.200000762939453,23.399999618530273,24.200000762939453,21.221139907836914,30252000
2014-10-29T03:00:00Z,24.299999237060547,24.399999618530273,23.899999618530273,24,21.04575538635254,1782000
2014-10-30T03:00:00Z,24,24.299999237060547,23.899999618530273,24,21.04575538635254,15771000
2014-10-31T03:00:00Z,24.100000381469727,24.399999618530273,24,24.200000762939453,21.221139907836914,29280000
2014-11-03T03:00:00Z,24.399999618530273,24.399999618530273,24.100000381469727,24.100000381469727,21.133447647094727,16649000
2014-11-04T03:00:00Z,24.299999237060547,24.700000762939453,24,24.600000381469727,21.57190704345703,38041000
2014-11-05T03:00:00Z,24.5,24.700000762939453,24.399999618530273,24.600000381469727,21.57190704345703,9661000
2014-11-06T03:00:00Z,24.600000381469727,24.600000381469727,24.299999237060547,24.5,21.48421287536621,8075000
2014-11-07T03:00:00Z,24.600000381469727,24.600000381469727,24.299999237060547,24.399999618530273,21.396522521972656,5538000
2014-11-10T03:00:00Z,24.5,24.5,24.100000381469727,24.100000381469727,21.133447647094727,4355000
2014-11-11T03:00:00Z,24.5,24.5,24.100000381469727,24.399999618530273,21.396522521972656,13790000
2014-11-12T03:00:00Z,24.399999618530273,24.5,24.100000381469727,24.299999237060547,21.3088321685791,8778000
2014-11-13T03:00:00Z,24.299999237060547,25,24.100000381469727,25,21.922664642333984,26742000
2014-11-14T03:00:00Z,24.899999618530273,25,24.5,24.700000762939453,21.659591674804688,10807000
2014-11-17T03:00:00Z,24.5,24.799999237060547,24.5,24.5,21.48421287536621,4146000
2014-11-18T03:00:00Z,24.5,25.200000762939453,24.5,25,21.922664642333984,27583000
2014-11-19T03:00:00Z,25.200000762939453,25.200000762939453,25,25.100000381469727,22.010356903076172,3932000
2014-11-20T03:00:00Z,25.399999618530273,25.700000762939453,25.299999237060547,25.5,22.361122131347656,14156000
2014-11-21T03:00:00Z,25.299999237060547,26.799999237060547,25.299999237060547,26.399999618530273,23.15033531188965,41339000
2014-11-24T03:00:00Z,26.700000762939453,26.700000762939453,26.100000381469727,26.399999618530273,23.15033531188965,13752000
2014-11-25T03:00:00Z,26.299999237060547,26.399999618530273,25.799999237060547,26.200000762939453,22.97495460510254,21219000
2014-11-26T03:00:00Z,26.100000381469727,26.5,26,26.100000381469727,22.88726234436035,26448000
2014-11-27T03:00:00Z,26.5,27.799999237060547,26.5,27.100000381469727,23.764169692993164,44456000
2014-11-28T03:00:00Z,27.100000381469727,28.100000381469727,27.100000381469727,27.799999237060547,24.37800407409668,31209000
2014-12-01T03:00:00Z,27.399999618530273,28.600000381469727,27.399999618530273,28.399999618530273,24.904150009155273,26170000
2014-12-02T03:00:00Z,28.600000381469727,29.200000762939453,28,28.5,24.991840362548828,23768000
2014-12-03T03:00:00Z,28.799999237060547,28.799999237060547,28.200000762939453,28.799999237060547,25.25490951538086,20546000
2014-12-04T03:00:00Z,29.200000762939453,29.5,28.899999618530273,29.5,25.868745803833008,24505000
2014-12-08T03:00:00Z,29.5,29.799999237060547,28.399999618530273,28.5,24.991840362548828,29426000
2014-12-09T03:00:00Z,28.600000381469727,29,28.5,28.5,24.991840362548828,23696000
2014-12-11T03:00:00Z,28.100000381469727,28.399999618530273,27.299999237060547,28.200000762939453,24.728763580322266,49456000
2014-12-12T03:00:00Z,28.200000762939453,28.5,27.700000762939453,27.799999237060547,24.37800407409668,34390000
2014-12-15T03:00:00Z,27.5,28,24.5,28,24.55338478088379,99130000
2014-12-16T03:00:00Z,26.5,28,26.100000381469727,27.399999618530273,24.322587966918945,85642000
2014-12-17T03:00:00Z,27.399999618530273,27.5,26.600000381469727,26.600000381469727,23.612438201904297,42434000
2014-12-18T03:00:00Z,27.200000762939453,27.799999237060547,27,27.799999237060547,24.677661895751953,34617000
2014-12-19T03:00:00Z,28.200000762939453,28.200000762939453,27.5,27.700000762939453,24.588891983032227,41123000
2014-12-22T03:00:00Z,27.899999618530273,28.5,27.899999618530273,28.5,25.299039840698242,20553000
2014-12-23T03:00:00Z,28.5,28.600000381469727,28.100000381469727,28.200000762939453,25.03273582458496,12743000
2014-12-24T03:00:00Z,28.399999618530273,28.5,27.799999237060547,27.899999618530273,24.766429901123047,18210000
2014-12-25T03:00:00Z,27.799999237060547,27.799999237060547,27.399999618530273,27.600000381469727,24.5001220703125,13460000
2014-12-26T03:00:00Z,27.600000381469727,28.100000381469727,27.399999618530273,27.799999237060547,24.677661895751953,12029000
2014-12-29T03:00:00Z,28,28,27.5,27.700000762939453,24.588891983032227,8415000
2014-12-30T03:00:00Z,27.5,28.200000762939453,27.399999618530273,28.200000762939453,25.03273582458496,15620000
2015-01-05T03:00:00Z,28,28,27.200000762939453,27.299999237060547,24.233814239501953,24970000
2015-01-06T03:00:00Z,26.899999618530273,27.399999618530273,26.700000762939453,27.200000762939453,24.145050048828125,24309000
2015-01-07T03:00:00Z,27.5,28.299999237060547,27.5,28.299999237060547,25.121501922607422,20682000
2015-01-08T03:00:00Z,28.899999618530273,29,28.600000381469727,28.899999618530273,25.654109954833984,23039000
2015-01-09T03:00:00Z,29.100000381469727,29.299999237060547,28.899999618530273,29.100000381469727,25.831653594970703,34221000
2015-01-12T03:00:00Z,29,29.399999618530273,28.899999618530273,29.100000381469727,25.831653594970703,9111000
2015-01-13T03:00:00Z,28.899999618530273,29.299999237060547,28.799999237060547,29,25.742883682250977,14056000
2015-01-14T03:00:00Z,29.299999237060547,29.299999237060547,28.399999618530273,28.399999618530273,25.21027374267578,14532000
2015-01-15T03:00:00Z,28.600000381469727,29.200000762939453,28.600000381469727,28.899999618530273,25.654109954833984,21005000
2015-01-16T03:00:00Z,28.600000381469727,29,28.600000381469727,28.899999618530273,25.654109954833984,12925000
2015-01-19T03:00:00Z,29.100000381469727,29.200000762939453,28.700000762939453,29,25.742883682250977,14389000
2015-01-20T03:00:00Z,29.200000762939453,29.200000762939453,28.799999237060547,29,25.742883682250977,12999000
2015-01-21T03:00:00Z,29.200000762939453,29.200000762939453,28.799999237060547,29,25.742883682250977,17856000
2015-01-22T03:00:00Z,29.200000762939453,29.5,29.100000381469727,29.5,26.186725616455078,32654000
2015-01-23T03:00:00Z,29.700000762939453,31.100000381469727,29.700000762939453,31,27.51825714111328,63997000
2015-01-26T03:00:00Z,30.799999237060547,32,30.799999237060547,31.399999618530273,27.873329162597656,31253000
2015-01-27T03:00:00Z,31.399999618530273,31.700000762939453,31.100000381469727,31.299999237060547,27.784561157226562,11748000
2015-01-28T03:00:00Z,31.399999618530273,31.700000762939453,30.899999618530273,31.100000381469727,27.60702133178711,13680000
2015-01-29T03:00:00Z,31,31.200000762939453,30.5,30.899999618530273,27.429487228393555,23338000
2015-01-30T03:00:00Z,31,32.400001525878906,31,32.400001525878906,28.761016845703125,39769000
2015-02-02T03:00:00Z,31.799999237060547,32.400001525878906,31.600000381469727,32.400001525878906,28.761016845703125,32587000
2015-02-03T03:00:00Z,32.79999923706055,33.29999923706055,32.20000076293945,32.20000076293945,28.583478927612305,32683000
2015-02-04T03:00:00Z,32.29999923706055,32.5,31.399999618530273,31.399999618530273,27.873329162597656,48766000
2015-02-05T03:00:00Z,31.399999618530273,32,31.299999237060547,31.600000381469727,28.050867080688477,30570000
2015-02-06T03:00:00Z,31.600000381469727,32.20000076293945,31.600000381469727,32,28.405941009521484,35568000
2015-02-09T03:00:00Z,32,32,31.399999618530273,31.399999618530273,27.873329162597656,14950000
2015-02-10T03:00:00Z,31.799999237060547,31.799999237060547,31,31.5,27.962099075317383,28128000
2015-02-11T03:00:00Z,31.799999237060547,32.099998474121094,31.5,31.899999618530273,28.317171096801758,28453000
2015-02-12T03:00:00Z,31.899999618530273,31.899999618530273,31.299999237060547,31.600000381469727,28.050867080688477,18138000
2015-02-13T03:00:00Z,31.600000381469727,31.700000762939453,31.200000762939453,31.200000762939453,27.69579315185547,15279000
2015-02-16T03:00:00Z,31.200000762939453,31.5,30.600000381469727,31.200000762939453,27.69579315185547,21605000
2015-02-17T03:00:00Z,31,31.299999237060547,30.700000762939453,30.700000762939453,27.251949310302734,18839000
2015-02-18T03:00:00Z,30.700000762939453,31.299999237060547,30.700000762939453,31.299999237060547,27.784561157226562,10175000
2015-02-19T03:00:00Z,31.399999618530273,31.399999618530273,30.200000762939453,30.700000762939453,27.251949310302734,31628000
2015-02-20T03:00:00Z,30.899999618530273,31.299999237060547,30.700000762939453,31.100000381469727,27.60702133178711,9923000
2015-02-23T03:00:00Z,31.200000762939453,31.200000762939453,30.600000381469727,30.700000762939453,27.251949310302734,14090000
2015-02-24T03:00:00Z,30.799999237060547,31.100000381469727,30.600000381469727,30.600000381469727,27.163183212280273,17323000
2015-02-25T03:00:00Z,30.700000762939453,30.899999618530273,30.399999618530273,30.399999618530273,26.985641479492188,14377000
2015-02-26T03:00:00Z,30.200000762939453,31.399999618530273,30.200000762939453,31.399999618530273,27.873329162597656,24591000
2015-02-27T03:00:00Z,31.100000381469727,31.399999618530273,30.899999618530273,30.899999618530273,27.429487228393555,18497000
2015-03-02T03:00:00Z,30.600000381469727,30.799999237060547,29.899999618530273,30.299999237060547,26.896875381469727,34964000
2015-03-03T03:00:00Z,30,30.200000762939453,29.700000762939453,29.700000762939453,26.36426544189453,26161000
2015-03-05T03:00:00Z,29.700000762939453,29.700000762939453,29,29.299999237060547,26.009191513061523,28083000
2015-03-06T03:00:00Z,29.299999237060547,30.200000762939453,29.299999237060547,30.100000381469727,26.71933364868164,31808000
2015-03-09T03:00:00Z,29.600000381469727,30.200000762939453,29.5,29.700000762939453,26.36426544189453,16458000
2015-03-10T03:00:00Z,29.799999237060547,30,29.299999237060547,29.5,26.186725616455078,26934000
2015-03-11T03:00:00Z,29.5,29.799999237060547,29.299999237060547,29.700000762939453,26.36426544189453,36721000
2015-03-12T03:00:00Z,29.799999237060547,29.799999237060547,29.5,29.600000381469727,26.275495529174805,12997000
2015-03-13T03:00:00Z,29.899999618530273,29.899999618530273,29.399999618530273,29.5,26.186725616455078,12435000
2015-03-16T03:00:00Z,29.5,29.600000381469727,29.299999237060547,29.399999618530273,26.097957611083984,16430000
2015-03-17T03:00:00Z,29.5,29.5,29,29.100000381469727,25.831653594970703,26952000
2015-03-18T03:00:00Z,29.100000381469727,30,29.100000381469727,29.799999237060547,26.45302963256836,21553000
2015-03-19T03:00:00Z,30.100000381469727,30.399999618530273,29.899999618530273,29.899999618530273,26.541799545288086,17650000
2015-03-20T03:00:00Z,29.799999237060547,30.200000762939453,29.299999237060547,29.700000762939453,26.36426544189453,18931000
2015-03-23T03:00:00Z,29.899999618530273,30.399999618530273,29.899999618530273,30.299999237060547,26.896875381469727,14907000
2015-03-24T03:00:00Z,30.399999618530273,30.399999618530273,29.700000762939453,29.799999237060547,26.45302963256836,18328000
2015-03-25T03:00:00Z,29.799999237060547,30.200000762939453,29.700000762939453,30.100000381469727,26.71933364868164,11349000
2015-03-26T03:00:00Z,29.899999618530273,30.100000381469727,29.5,29.5,26.186725616455078,19141000
2015-03-27T03:00:00Z,29.399999618530273,29.600000381469727,28.600000381469727,29.299999237060547,26.009191513061523,33128000
2015-03-30T03:00:00Z,29.600000381469727,29.600000381469727,27.899999618530273,28,24.85519790649414,105690000
2015-03-31T03:00:00Z,28.200000762939453,28.299999237060547,27.399999618530273,28,24.85519790649414,87167000
2015-04-01T03:00:00Z,28.5,29.299999237060547,28.299999237060547,29.100000381469727,25.831653594970703,47750000
2015-04-02T03:00:00Z,29.399999618530273,29.700000762939453,29.100000381469727,29.299999237060547,26.009191513061523,35890000
2015-04-03T03:00:00Z,29.399999618530273,29.399999618530273,29.100000381469727,29.200000762939453,25.920421600341797,7141000
2015-04-07T03:00:00Z,29.299999237060547,29.5,28.899999618530273,29.100000381469727,25.831653594970703,15614000
2015-04-08T03:00:00Z,29.299999237060547,29.600000381469727,29.100000381469727,29.200000762939453,25.920421600341797,14919000
2015-04-09T03:00:00Z,29.200000762939453,29.5,29.200000762939453,29.299999237060547,26.009191513061523,16862000
2015-04-10T03:00:00Z,29.299999237060547,29.299999237060547,29.100000381469727,29.299999237060547,26.009191513061523,8858000
2015-04-16T03:00:00Z,29.299999237060547,30.100000381469727,29,30,26.630571365356445,43694000
2015-04-17T03:00:00Z,30,30,29.200000762939453,29.200000762939453,25.920421600341797,34151000
2015-04-20T03:00:00Z,29.299999237060547,29.600000381469727,29.100000381469727,29.399999618530273,26.097957611083984,20447000
2015-04-21T03:00:00Z,29.5,29.600000381469727,29.200000762939453,29.200000762939453,25.920421600341797,14745000
2015-04-22T03:00:00Z,29.299999237060547,29.399999618530273,29,29.100000381469727,25.831653594970703,16022000
2015-04-23T03:00:00Z,29.200000762939453,29.399999618530273,28.899999618530273,29.100000381469727,25.831653594970703,21438000
2015-04-24T03:00:00Z,29.299999237060547,29.600000381469727,29.200000762939453,29.5,26.186725616455078,20616000
2015-04-27T03:00:00Z,29.5,29.5,29.100000381469727,29.200000762939453,25.920421600341797,16634000
2015-04-28T03:00:00Z,29.200000762939453,29.200000762939453,28.700000762939453,29.100000381469727,25.831653594970703,22494000
2015-04-29T03:00:00Z,28.799999237060547,29.100000381469727,28.700000762939453,28.899999618530273,25.654109954833984,19541000
2015-04-30T03:00:00Z,28.799999237060547,29,28.600000381469727,29,25.742883682250977,25538000
2015-05-04T03:00:00Z,29,29,29,29,25.742883682250977,0
2015-05-06T03:00:00Z,28.700000762939453,29.200000762939453,28.600000381469727,29.200000762939453,25.920421600341797,27049000
2015-05-07T03:00:00Z,28.799999237060547,29.200000762939453,28.799999237060547,28.799999237060547,25.565345764160156,13915000
2015-05-08T03:00:00Z,28.899999618530273,29,28.700000762939453,28.799999237060547,25.565345764160156,14209000
2015-05-11T03:00:00Z,29,29.399999618530273,28.899999618530273,28.899999618530273,25.654109954833984,27644000
2015-05-12T03:00:00Z,28.899999618530273,29,28.399999618530273,28.799999237060547,25.565345764160156,25036000
2015-05-13T03:00:00Z,28.700000762939453,28.899999618530273,28.5,28.899999618530273,25.654109954833984,9409000
2015-05-14T03:00:00Z,28.899999618530273,29.200000762939453,28.5,28.700000762939453,25.47657585144043,20888000
2015-05-15T03:00:00Z,29.100000381469727,29.100000381469727,28.399999618530273,28.799999237060547,25.565345764160156,24787000
2015-05-18T03:00:00Z,29,29.200000762939453,28.600000381469727,28.600000381469727,25.38780975341797,16089000
2015-05-19T03:00:00Z,28.799999237060547,29.899999618530273,28.700000762939453,29.899999618530273,26.541799545288086,32929000
2015-05-20T03:00:00Z,30,30.200000762939453,29.799999237060547,30.100000381469727,26.71933364868164,56617000
2015-05-21T03:00:00Z,30.200000762939453,30.799999237060547,30.100000381469727,30.600000381469727,27.163183212280273,54428000
2015-05-22T03:00:00Z,30.700000762939453,30.700000762939453,30.299999237060547,30.299999237060547,26.896875381469727,21781000
2015-05-25T03:00:00Z,30.299999237060547,30.299999237060547,29.299999237060547,29.399999618530273,26.097957611083984,32925000
2015-05-26T03:00:00Z,29.5,29.899999618530273,29.100000381469727,29.200000762939453,25.920421600341797,22373000
2015-05-27T03:00:00Z,29.200000762939453,29.799999237060547,29,29.799999237060547,26.45302963256836,22718000
2015-05-28T03:00:00Z,29.899999618530273,29.899999618530273,29.5,29.600000381469727,26.275495529174805,26394000
2015-05-29T03:00:00Z,29.600000381469727,30.200000762939453,29.5,29.799999237060547,26.591379165649414,44890000
2015-06-02T03:00:00Z,30,30.5,29.700000762939453,30.200000762939453,26.948314666748047,41065000
2015-06-03T03:00:00Z,30.399999618530273,30.700000762939453,30,30,26.769845962524414,23565000
2015-06-04T03:00:00Z,30.200000762939453,30.399999618530273,29.799999237060547,30.299999237060547,27.037540435791016,13416000
2015-06-05T03:00:00Z,30.299999237060547,31,30.299999237060547,30.799999237060547,27.483705520629883,69753000
2015-06-08T03:00:00Z,30.799999237060547,30.899999618530273,30.5,30.799999237060547,27.483705520629883,15629000
2015-06-09T03:00:00Z,30.899999618530273,31.5,30.799999237060547,31,27.662172317504883,52654000
2015-06-10T03:00:00Z,31.100000381469727,31.600000381469727,31.100000381469727,31.5,28.108335494995117,31266000
2015-06-11T03:00:00Z,31.700000762939453,31.700000762939453,31.299999237060547,31.399999618530273,28.01910400390625,33982000
2015-06-12T03:00:00Z,31.5,31.700000762939453,30.700000762939453,31,27.662172317504883,34775000
2015-06-15T03:00:00Z,31,31.399999618530273,30.899999618530273,30.899999618530273,27.57294273376465,24311000
2015-06-16T03:00:00Z,31,31.399999618530273,30.899999618530273,31.299999237060547,27.929874420166016,19877000
2015-06-17T03:00:00Z,31.5,31.899999618530273,31.299999237060547,31.700000762939453,28.286802291870117,33113000
2015-06-18T03:00:00Z,31.700000762939453,32.20000076293945,30.399999618530273,30.700000762939453,27.39447784423828,125956000
2015-06-19T03:00:00Z,29.399999618530273,29.5,29,29,25.87751579284668,141726000
2015-06-22T03:00:00Z,29.299999237060547,29.899999618530273,29.200000762939453,29.600000381469727,26.412914276123047,91207000
2015-06-23T03:00:00Z,29.799999237060547,30,29.5,29.600000381469727,26.412914276123047,61081000
2015-06-24T03:00:00Z,29.700000762939453,30.5,29.600000381469727,30.5,27.21600914001465,63202000
2015-06-25T03:00:00Z,30.200000762939453,30.899999618530273,29.899999618530273,30,26.769845962524414,76824000
2015-06-26T03:00:00Z,30.299999237060547,30.700000762939453,30.200000762939453,30.600000381469727,27.305240631103516,36924000
2015-06-29T03:00:00Z,30.200000762939453,30.799999237060547,30,30.399999618530273,27.12677574157715,48495000
2015-06-30T03:00:00Z,30.700000762939453,30.799999237060547,30.299999237060547,30.299999237060547,27.037540435791016,24313000
2015-07-02T03:00:00Z,30.5,30.899999618530273,30.399999618530273,30.700000762939453,27.39447784423828,24735000
2015-07-03T03:00:00Z,30.899999618530273,31.299999237060547,30.799999237060547,31,27.662172317504883,28558000
2015-07-06T03:00:00Z,30.799999237060547,31,30.399999618530273,30.600000381469727,27.305240631103516,18685000
2015-07-07T03:00:00Z,30.799999237060547,30.899999618530273,30.5,30.700000762939453,27.39447784423828,25326000
2015-07-08T03:00:00Z,30.700000762939453,30.899999618530273,30.299999237060547,30.299999237060547,27.037540435791016,32940000
2015-07-09T03:00:00Z,30.5,30.799999237060547,30.5,30.5,27.21600914001465,19894000
2015-07-10T03:00:00Z,30.799999237060547,31.100000381469727,30.700000762939453,30.899999618530273,27.57294273376465,19877000
2015-07-13T03:00:00Z,31,31.299999237060547,30.799999237060547,31.100000381469727,27.751405715942383,13884000
2015-07-14T03:00:00Z,31.399999618530273,31.399999618530273,31.100000381469727,31.100000381469727,27.751405715942383,11331000
2015-07-15T03:00:00Z,31,31.200000762939453,30.399999618530273,30.399999618530273,27.12677574157715,37630000
2015-07-16T03:00:00Z,30,30.200000762939453,29.5,29.700000762939453,26.50214958190918,65841000
2015-07-17T03:00:00Z,29.899999618530273,30,29.700000762939453,29.799999237060547,26.591379165649414,18840000
2015-07-20T03:00:00Z,29.700000762939453,29.799999237060547,29.399999618530273,29.399999618530273,26.234447479248047,18835000
2015-07-21T03:00:00Z,29.600000381469727,29.600000381469727,29.100000381469727,29.200000762939453,26.05598258972168,29090000
2015-07-22T03:00:00Z,29.100000381469727,29.5,28.700000762939453,29.399999618530273,26.234447479248047,38925000
2015-07-23T03:00:00Z,29.5,29.899999618530273,29.399999618530273,29.5,26.323680877685547,35569000
2015-07-24T03:00:00Z,29.399999618530273,29.700000762939453,29.299999237060547,29.5,26.323680877685547,14687000
2015-07-27T03:00:00Z,29.399999618530273,29.5,28.899999618530273,29.100000381469727,25.966753005981445,26779000
2015-07-28T03:00:00Z,29,29.299999237060547,28.600000381469727,28.899999618530273,25.78828239440918,26937000
2015-07-29T03:00:00Z,28.899999618530273,29.5,28.799999237060547,29.299999237060547,26.145214080810547,25533000
2015-07-31T03:00:00Z,29.700000762939453,29.899999618530273,29.299999237060547,29.399999618530273,26.234447479248047,27574000
2015-08-03T03:00:00Z,29.299999237060547,29.600000381469727,29.200000762939453,29.600000381469727,26.412914276123047,12001000
2015-08-04T03:00:00Z,29.299999237060547,29.399999618530273,28.899999618530273,28.899999618530273,25.78828239440918,33469000
2015-08-05T03:00:00Z,29.100000381469727,29.399999618530273,29,29.200000762939453,26.05598258972168,14383000
2015-08-06T03:00:00Z,29.100000381469727,29.299999237060547,28.799999237060547,28.799999237060547,25.699050903320312,26669000
2015-08-07T03:00:00Z,28.799999237060547,29.100000381469727,28.700000762939453,29.100000381469727,25.966753005981445,17258000
2015-08-10T03:00:00Z,28.799999237060547,29,28.399999618530273,28.399999618530273,25.342121124267578,27220000
2015-08-11T03:00:00Z,28.600000381469727,28.700000762939453,27.200000762939453,27.299999237060547,24.36055564880371,77012000
2015-08-13T03:00:00Z,27.399999618530273,28.100000381469727,26.600000381469727,27.799999237060547,24.806724548339844,93974000
2015-08-14T03:00:00Z,27.799999237060547,28.5,27.700000762939453,28.299999237060547,25.252887725830078,37454000
2015-08-17T03:00:00Z,28.399999618530273,29,28.299999237060547,28.700000762939453,25.609817504882812,51852000
2015-08-18T03:00:00Z,26.200000762939453,27.100000381469727,26.200000762939453,26.799999237060547,23.91439437866211,440769000
2015-08-19T03:00:00Z,26.799999237060547,27,26.200000762939453,26.200000762939453,23.378999710083008,209649000
2015-08-20T03:00:00Z,26.200000762939453,27.200000762939453,26.100000381469727,26.799999237060547,23.91439437866211,138045000
2015-08-21T03:00:00Z,26.600000381469727,26.799999237060547,26.399999618530273,26.5,23.646697998046875,60631000
2015-08-24T03:00:00Z,26,26.299999237060547,25.200000762939453,25.399999618530273,22.66513442993164,101594000
2015-08-25T03:00:00Z,25.899999618530273,26.5,25.5,26.299999237060547,23.468233108520508,77937000
2015-08-26T03:00:00Z,26.200000762939453,26.799999237060547,26.200000762939453,26.5,23.646697998046875,45667000
2015-08-27T03:00:00Z,27,27.299999237060547,26.700000762939453,27.200000762939453,24.27132797241211,66096000
2015-08-28T03:00:00Z,27.5,27.5,26.899999618530273,27.100000381469727,24.182092666625977,24493000
2015-08-31T03:00:00Z,27.200000762939453,27.600000381469727,27.100000381469727,27.600000381469727,24.628259658813477,76982000
2015-09-01T03:00:00Z,27.600000381469727,27.600000381469727,27.200000762939453,27.399999618530273,24.449792861938477,20649000
2015-09-02T03:00:00Z,27.399999618530273,27.799999237060547,27.100000381469727,27.700000762939453,24.71748924255371,54613000
2015-09-03T03:00:00Z,27.799999237060547,28,27.700000762939453,28,24.985185623168945,34340000
2015-09-04T03:00:00Z,27.600000381469727,27.899999618530273,27.600000381469727,27.700000762939453,24.71748924255371,18433000
2015-09-07T03:00:00Z,27.5,27.799999237060547,27.399999618530273,27.600000381469727,24.628259658813477,16569000
2015-09-08T03:00:00Z,27.5,28.200000762939453,27.5,28.100000381469727,25.07442283630371,26308000
2015-09-09T03:00:00Z,28.299999237060547,28.899999618530273,28.200000762939453,28.700000762939453,25.609817504882812,52565000
2015-09-10T03:00:00Z,28.5,28.799999237060547,28.5,28.5,25.431352615356445,21189000
2015-09-11T03:00:00Z,28.700000762939453,28.700000762939453,28.100000381469727,28.100000381469727,25.07442283630371,23839000
2015-09-14T03:00:00Z,28.100000381469727,28.200000762939453,27.100000381469727,27.100000381469727,24.182092666625977,65668000
2015-09-15T03:00:00Z,27.100000381469727,27.399999618530273,27,27.100000381469727,24.182092666625977,39188000
2015-09-16T03:00:00Z,27.399999618530273,27.899999618530273,27.299999237060547,27.700000762939453,24.71748924255371,38600000
2015-09-17T03:00:00Z,27.899999618530273,28.100000381469727,27.700000762939453,27.899999618530273,24.89595603942871,30637000
2015-09-18T03:00:00Z,28,28.200000762939453,27.799999237060547,28,24.985185623168945,28383000
2015-09-21T03:00:00Z,27.700000762939453,28,27.700000762939453,27.899999618530273,24.89595603942871,14996000
2015-09-22T03:00:00Z,28.100000381469727,28.100000381469727,27.5,27.600000381469727,24.628259658813477,17947000
2015-09-23T03:00:00Z,27.399999618530273,27.799999237060547,27.399999618530273,27.600000381469727,24.628259658813477,29507000
2015-09-24T03:00:00Z,27.700000762939453,28,27.5,27.899999618530273,24.89595603942871,16546000
2015-09-25T03:00:00Z,28,28.299999237060547,27.700000762939453,28.200000762939453,25.163654327392578,31794000
2015-09-28T03:00:00Z,27.899999618530273,28.100000381469727,27.799999237060547,27.799999237060547,24.806724548339844,19593000
2015-09-29T03:00:00Z,27.700000762939453,28.100000381469727,27.600000381469727,27.799999237060547,24.806724548339844,25746000
2015-09-30T03:00:00Z,27.899999618530273,28.200000762939453,27.799999237060547,28.100000381469727,25.07442283630371,31718000
2015-10-01T03:00:00Z,28.299999237060547,28.299999237060547,27.899999618530273,28,24.985185623168945,16240000
2015-10-02T03:00:00Z,28.200000762939453,28.399999618530273,28,28.200000762939453,25.163654327392578,15675000
2015-10-05T03:00:00Z,28.5,29.299999237060547,28.399999618530273,29.299999237060547,26.145214080810547,45363000
2015-10-06T03:00:00Z,29.299999237060547,29.600000381469727,29.100000381469727,29.399999618530273,26.234447479248047,34914000
2015-10-07T03:00:00Z,29.5,29.600000381469727,29.299999237060547,29.5,26.323680877685547,26946000
2015-10-08T03:00:00Z,29.5,29.600000381469727,29.200000762939453,29.5,26.323680877685547,18718000
2015-10-09T03:00:00Z,29.600000381469727,29.799999237060547,29.5,29.600000381469727,26.412914276123047,44408000
2015-10-12T03:00:00Z,29.700000762939453,29.700000762939453,29,29.299999237060547,26.145214080810547,26838000
2015-10-13T03:00:00Z,29.299999237060547,29.600000381469727,29.200000762939453,29.399999618530273,26.234447479248047,20659000
2015-10-14T03:00:00Z,29.5,29.799999237060547,29.399999618530273,29.5,26.323680877685547,25581000
2015-10-15T03:00:00Z,29.700000762939453,30.100000381469727,29.700000762939453,30,26.769845962524414,43250000
2015-10-16T03:00:00Z,30.299999237060547,30.5,30,30.100000381469727,26.85907745361328,41001000
2015-10-19T03:00:00Z,30.299999237060547,30.299999237060547,29.799999237060547,29.799999237060547,26.591379165649414,19418000
2015-10-20T03:00:00Z,29.700000762939453,30.200000762939453,29.600000381469727,30,26.769845962524414,15530000
2015-10-21T03:00:00Z,30.100000381469727,30.200000762939453,29.799999237060547,30,26.769845962524414,18560000
2015-10-22T03:00:00Z,30.100000381469727,30.200000762939453,29.799999237060547,29.799999237060547,26.591379165649414,15716000
2015-10-26T03:00:00Z,30.200000762939453,30.299999237060547,29.899999618530273,30.200000762939453,26.948314666748047,37371000
2015-10-27T03:00:00Z,30.200000762939453,30.299999237060547,29.899999618530273,30.100000381469727,26.85907745361328,19271000
2015-10-28T03:00:00Z,29.899999618530273,30.299999237060547,29.799999237060547,29.899999618530273,26.68060874938965,23185000
2015-10-29T03:00:00Z,29.899999618530273,30.100000381469727,29.299999237060547,29.5,26.323680877685547,29286000
2015-10-30T03:00:00Z,29.600000381469727,29.799999237060547,29.5,29.799999237060547,26.591379165649414,22571000
2015-11-02T03:00:00Z,29.899999618530273,30.399999618530273,29.700000762939453,30.399999618530273,27.12677574157715,23489000
2015-11-03T03:00:00Z,30.5,30.5,30.200000762939453,30.5,27.21600914001465,27090000
2015-11-04T03:00:00Z,30.5,30.899999618530273,30.399999618530273,30.700000762939453,27.39447784423828,41097000
2015-11-05T03:00:00Z,30.700000762939453,30.799999237060547,30.399999618530273,30.799999237060547,27.483705520629883,12587000
2015-11-06T03:00:00Z,30.799999237060547,30.899999618530273,30.600000381469727,30.799999237060547,27.483705520629883,12096000
2015-11-09T03:00:00Z,30.799999237060547,31,30.700000762939453,30.899999618530273,27.57294273376465,14650000
2015-11-10T03:00:00Z,30.700000762939453,31.399999618530273,30.700000762939453,31.100000381469727,27.751405715942383,39265000
2015-11-11T03:00:00Z,31,31.100000381469727,30.600000381469727,30.600000381469727,27.305240631103516,22220000
2015-11-12T03:00:00Z,30.5,31,30.5,30.700000762939453,27.39447784423828,9947000
2015-11-13T03:00:00Z,30.700000762939453,31.100000381469727,30.700000762939453,31.100000381469727,27.751405715942383,12312000
2015-11-16T03:00:00Z,30.700000762939453,31.200000762939453,30.700000762939453,31.200000762939453,27.84063720703125,21360000
2015-11-17T03:00:00Z,31.200000762939453,31.5,31.100000381469727,31.5,28.108335494995117,42453000
2015-11-18T03:00:00Z,31.5,32,31.200000762939453,31.299999237060547,27.929874420166016,29296000
2015-11-19T03:00:00Z,31.600000381469727,32,31.399999618530273,31.799999237060547,28.37603759765625,24658000
2015-11-20T03:00:00Z,31.799999237060547,32.79999923706055,31.799999237060547,32.29999923706055,28.82219886779785,45299000
2015-11-23T03:00:00Z,32.5,32.599998474121094,31.899999618530273,31.899999618530273,28.46526527404785,20472000
2015-11-24T03:00:00Z,32.099998474121094,32.400001525878906,31.799999237060547,31.899999618530273,28.46526527404785,20771000
2015-11-25T03:00:00Z,32,32.20000076293945,31,31.299999237060547,27.929874420166016,40838000
2015-11-26T03:00:00Z,31.299999237060547,31.600000381469727,31,31.100000381469727,27.751405715942383,33805000
2015-11-27T03:00:00Z,31.100000381469727,31.299999237060547,30.5,30.600000381469727,27.305240631103516,28667000
2015-11-30T03:00:00Z,30.700000762939453,31.399999618530273,30.700000762939453,31.100000381469727,27.751405715942383,55522000
2015-12-01T03:00:00Z,31.5,32.5,31.399999618530273,32.400001525878906,28.911436080932617,54851000
2015-12-02T03:00:00Z,32,32.29999923706055,31.700000762939453,32.20000076293945,28.73296546936035,45457000
2015-12-03T03:00:00Z,32.20000076293945,32.400001525878906,31.899999618530273,32,28.554502487182617,30490000
2015-12-04T03:00:00Z,31.899999618530273,32.20000076293945,31.700000762939453,32.20000076293945,28.73296546936035,22815000
2015-12-08T03:00:00Z,32,32.20000076293945,31.700000762939453,31.799999237060547,28.37603759765625,14686000
2015-12-09T03:00:00Z,32,32,31.399999618530273,31.399999618530273,28.01910400390625,18821000
2015-12-11T03:00:00Z,32,32.70000076293945,32,32.70000076293945,29.179128646850586,38777000
2015-12-14T03:00:00Z,32.099998474121094,32.29999923706055,31.700000762939453,32.29999923706055,29.26974868774414,30563000
2015-12-15T03:00:00Z,32.29999923706055,32.400001525878906,31.899999618530273,32.29999923706055,29.26974868774414,20075000
2015-12-16T03:00:00Z,32.5,33.900001525878906,32.400001525878906,33.099998474121094,29.99469566345215,56311000
2015-12-17T03:00:00Z,33.29999923706055,33.70000076293945,33.20000076293945,33.70000076293945,30.538408279418945,23886000
2015-12-18T03:00:00Z,33.5,33.79999923706055,33.5,33.70000076293945,30.538408279418945,20539000
2015-12-21T03:00:00Z,33.70000076293945,35,33.599998474121094,34.70000076293945,31.44459342956543,30264000
2015-12-22T03:00:00Z,35,35.29999923706055,34.5,35,31.716447830200195,26051000
2015-12-23T03:00:00Z,35.20000076293945,35.20000076293945,33.79999923706055,34.099998474121094,30.90087890625,28809000
2015-12-24T03:00:00Z,34.5,34.900001525878906,34.099998474121094,34.79999923706055,31.53520965576172,15990000
2015-12-25T03:00:00Z,34.900001525878906,34.900001525878906,34.400001525878906,34.70000076293945,31.44459342956543,8222000
2015-12-28T03:00:00Z,34.599998474121094,34.900001525878906,34.20000076293945,34.400001525878906,31.172740936279297,12358000
2015-12-29T03:00:00Z,34.5,35.099998474121094,34.20000076293945,35,31.716447830200195,20140000
2015-12-30T03:00:00Z,35.20000076293945,35.29999923706055,34.5,34.599998474121094,31.353967666625977,20338000
2016-01-04T03:00:00Z,34.900001525878906,35.099998474121094,33.900001525878906,34.29999923706055,31.082115173339844,30288000
2016-01-05T03:00:00Z,34.400001525878906,34.5,33.900001525878906,34,30.81026268005371,31804000
2016-01-06T03:00:00Z,34,34.29999923706055,33.79999923706055,34,30.81026268005371,27878000
2016-01-07T03:00:00Z,33.79999923706055,33.79999923706055,33.29999923706055,33.70000076293945,30.538408279418945,30974000
2016-01-08T03:00:00Z,33.900001525878906,34.099998474121094,33.599998474121094,33.79999923706055,30.629024505615234,27068000
2016-01-11T03:00:00Z,33.599998474121094,33.70000076293945,32.599998474121094,33.29999923706055,30.17593002319336,34468000
2016-01-12T03:00:00Z,33.400001525878906,34.5,33.400001525878906,34.400001525878906,31.172740936279297,35613000
2016-01-13T03:00:00Z,34.79999923706055,35,34.5,34.5,31.263351440429688,29425000
2016-01-14T03:00:00Z,34.70000076293945,34.79999923706055,34,34.400001525878906,31.172740936279297,24844000
2016-01-15T03:00:00Z,34.5,35.29999923706055,34.20000076293945,34.599998474121094,31.353967666625977,49268000
2016-01-18T03:00:00Z,34.5,35.20000076293945,34.29999923706055,35.099998474121094,31.807064056396484,29149000
2016-01-19T03:00:00Z,34.900001525878906,35.5,34.599998474121094,34.79999923706055,31.53520965576172,39976000
2016-01-20T03:00:00Z,34.5,34.900001525878906,34,34,30.81026268005371,32178000
2016-01-21T03:00:00Z,34.599998474121094,35,34.20000076293945,34.900001525878906,31.625835418701172,33439000
2016-01-22T03:00:00Z,35.20000076293945,35.20000076293945,34.70000076293945,35,31.716447830200195,17195000
2016-01-25T03:00:00Z,35.099998474121094,35.099998474121094,34.70000076293945,34.70000076293945,31.44459342956543,19023000
2016-01-26T03:00:00Z,34.70000076293945,35.20000076293945,34.70000076293945,35.099998474121094,31.807064056396484,17266000
2016-01-27T03:00:00Z,35.099998474121094,35.599998474121094,35,35.599998474121094,32.26015090942383,27843000
2016-01-28T03:00:00Z,35.900001525878906,37,35.900001525878906,37,33.528812408447266,41743000
2016-01-29T03:00:00Z,37.099998474121094,37.79999923706055,36.70000076293945,37.79999923706055,34.253761291503906,37300000
2016-02-01T03:00:00Z,37.900001525878906,38,37,37.20000076293945,33.71004867553711,39598000
2016-02-02T03:00:00Z,37.400001525878906,37.70000076293945,37.20000076293945,37.20000076293945,33.71004867553711,32087000
2016-02-03T03:00:00Z,36.79999923706055,36.900001525878906,36.29999923706055,36.900001525878906,33.438194274902344,56101000
2016-02-04T03:00:00Z,36.900001525878906,37.400001525878906,36.79999923706055,37.400001525878906,33.89128875732422,25961000
2016-02-05T03:00:00Z,37.5,37.5,37,37.5,33.98190689086914,19567000
2016-02-08T03:00:00Z,37.599998474121094,37.70000076293945,37.400001525878906,37.400001525878906,33.89128875732422,22174000
2016-02-09T03:00:00Z,37.20000076293945,37.400001525878906,36.900001525878906,37.20000076293945,33.71004867553711,19702000
2016-02-10T03:00:00Z,37,37.20000076293945,36.70000076293945,36.900001525878906,33.438194274902344,20116000
2016-02-11T03:00:00Z,36.900001525878906,37.29999923706055,36.79999923706055,36.79999923706055,33.34757614135742,23750000
2016-02-12T03:00:00Z,37.099998474121094,37.099998474121094,36.5,36.599998474121094,33.166343688964844,25501000
2016-02-15T03:00:00Z,37,37.29999923706055,36.79999923706055,36.900001525878906,33.438194274902344,18479000
2016-02-16T03:00:00Z,37.599998474121094,38.29999923706055,37.599998474121094,38,34.43499755859375,58856000
2016-02-17T03:00:00Z,38.099998474121094,40,38,39.599998474121094,35.88489532470703,67061000
2016-02-18T03:00:00Z,40,41.599998474121094,39.900001525878906,40,36.24736785888672,68393000
2016-02-19T03:00:00Z,40,40.400001525878906,39.70000076293945,40,36.24736785888672,36564000
2016-02-23T03:00:00Z,40,41.20000076293945,40,40.400001525878906,36.60984420776367,42727000
2016-02-24T03:00:00Z,40.400001525878906,41,40.20000076293945,41,37.15355682373047,18257000
2016-02-25T03:00:00Z,40.599998474121094,41,39.400001525878906,39.5,35.79427719116211,58257000
2016-02-26T03:00:00Z,39.900001525878906,40.20000076293945,39.70000076293945,40,36.24736785888672,20797000
2016-02-29T03:00:00Z,40,40.400001525878906,39.900001525878906,39.900001525878906,36.15675735473633,15842000
2016-03-01T03:00:00Z,40,40.599998474121094,39.900001525878906,40.400001525878906,36.60984420776367,21913000
2016-03-02T03:00:00Z,40.79999923706055,41.79999923706055,40.599998474121094,41.20000076293945,37.33478927612305,47071000
2016-03-03T03:00:00Z,41.79999923706055,42.79999923706055,41.400001525878906,42.20000076293945,38.24097442626953,45764000
2016-03-04T03:00:00Z,42.599998474121094,43,42,42.20000076293945,38.24097442626953,47990000
2016-03-07T03:00:00Z,42,42.599998474121094,41.599998474121094,42.20000076293945,38.24097442626953,45062000
2016-03-08T03:00:00Z,41.79999923706055,42,40.400001525878906,40.400001525878906,36.60984420776367,51704000
2016-03-09T03:00:00Z,41,41.400001525878906,40.79999923706055,41.20000076293945,37.33478927612305,38394000
2016-03-10T03:00:00Z,41,41.20000076293945,40.400001525878906,40.599998474121094,36.791072845458984,22404000
2016-03-11T03:00:00Z,40.79999923706055,41.79999923706055,40.599998474121094,41.20000076293945,37.33478927612305,37272000
2016-03-14T03:00:00Z,41.599998474121094,41.79999923706055,41,41.599998474121094,37.69725799560547,15479000
2016-03-15T03:00:00Z,40.599998474121094,41.20000076293945,40.599998474121094,41.20000076293945,37.33478927612305,37598000
2016-03-16T03:00:00Z,41.20000076293945,41.20000076293945,40,40.20000076293945,36.4286003112793,50418000
2016-03-17T03:00:00Z,40.400001525878906,40.599998474121094,40.20000076293945,40.20000076293945,36.4286003112793,26990000
2016-03-18T03:00:00Z,40.20000076293945,40.599998474121094,40.20000076293945,40.599998474121094,36.791072845458984,27079000
2016-03-21T03:00:00Z,40.400001525878906,40.599998474121094,40,40.400001525878906,36.60984420776367,29241000
2016-03-22T03:00:00Z,40.400001525878906,40.599998474121094,39.099998474121094,39.400001525878906,35.70365524291992,85240000
2016-03-23T03:00:00Z,39.20000076293945,39.70000076293945,38.70000076293945,39.70000076293945,35.97550582885742,85868000
2016-03-24T03:00:00Z,39.599998474121094,40.400001525878906,39.5,40,36.24736785888672,41101000
2016-03-25T03:00:00Z,40.20000076293945,40.400001525878906,39.599998474121094,39.599998474121094,35.88489532470703,23765000
2016-03-28T03:00:00Z,39.70000076293945,39.900001525878906,39.29999923706055,39.70000076293945,35.97550582885742,13608000
2016-03-29T03:00:00Z,39.599998474121094,39.70000076293945,39,39.29999923706055,35.613037109375,39144000
2016-03-30T03:00:00Z,39.599998474121094,40.400001525878906,39.400001525878906,39.900001525878906,36.15675735473633,68717000
2016-03-31T03:00:00Z,39.70000076293945,40.400001525878906,39.599998474121094,40.20000076293945,36.4286003112793,43100000
2016-04-01T03:00:00Z,40,40.20000076293945,39.599998474121094,39.599998474121094,35.88489532470703,33316000
2016-04-04T03:00:00Z,39.5,39.79999923706055,39.099998474121094,39.099998474121094,35.431800842285156,45539000
2016-04-05T03:00:00Z,39,39.400001525878906,38.79999923706055,38.79999923706055,35.159942626953125,43659000
2016-04-07T03:00:00Z,38.79999923706055,38.900001525878906,37.29999923706055,37.599998474121094,34.0725212097168,81641000
2016-04-08T03:00:00Z,37.900001525878906,39,37.79999923706055,39,35.341182708740234,37319000
2016-04-11T03:00:00Z,39,39.29999923706055,38.70000076293945,38.70000076293945,35.069332122802734,19954000
2016-04-12T03:00:00Z,39,39.29999923706055,38.70000076293945,39.29999923706055,35.613037109375,16728000
2016-04-18T03:00:00Z,38.900001525878906,39.70000076293945,38.79999923706055,39.70000076293945,35.97550582885742,31236000
2016-04-19T03:00:00Z,39.79999923706055,40.599998474121094,39.599998474121094,40.400001525878906,36.60984420776367,33827000
2016-04-20T03:00:00Z,40.20000076293945,40.400001525878906,39.900001525878906,40.400001525878906,36.60984420776367,23854000
2016-04-21T03:00:00Z,40.599998474121094,41,40,40.20000076293945,36.4286003112793,38403000
2016-04-22T03:00:00Z,41.20000076293945,41.400001525878906,40.599998474121094,40.599998474121094,36.791072845458984,38365000
2016-04-25T03:00:00Z,40.400001525878906,40.79999923706055,40.400001525878906,40.599998474121094,36.791072845458984,11568000
2016-04-26T03:00:00Z,40.79999923706055,41.20000076293945,40.599998474121094,40.599998474121094,36.791072845458984,23723000
2016-04-27T03:00:00Z,40.79999923706055,40.79999923706055,40.20000076293945,40.20000076293945,36.4286003112793,16200000
2016-04-28T03:00:00Z,40.20000076293945,40.400001525878906,39.20000076293945,39.29999923706055,35.613037109375,53384000
2016-04-29T03:00:00Z,39.20000076293945,39.29999923706055,38.70000076293945,39.20000076293945,35.52241897583008,42693000
2016-05-03T03:00:00Z,39.400001525878906,39.70000076293945,39.20000076293945,39.5,35.79427719116211,27171000
2016-05-04T03:00:00Z,39.29999923706055,39.400001525878906,39.099998474121094,39.400001525878906,35.70365524291992,18016000
2016-05-09T03:00:00Z,39.70000076293945,39.70000076293945,39.20000076293945,39.599998474121094,35.88489532470703,22255000
2016-05-10T03:00:00Z,39.400001525878906,39.70000076293945,39,39.099998474121094,35.431800842285156,32652000
2016-05-11T03:00:00Z,39,39.29999923706055,38.79999923706055,38.79999923706055,35.159942626953125,26279000
2016-05-12T03:00:00Z,38.79999923706055,39.599998474121094,38.79999923706055,39.599998474121094,35.88489532470703,26357000
2016-05-13T03:00:00Z,39.599998474121094,40,39.599998474121094,39.599998474121094,35.88489532470703,28193000
2016-05-16T03:00:00Z,39.599998474121094,40.20000076293945,38.900001525878906,39.099998474121094,35.431800842285156,52920000
2016-05-17T03:00:00Z,39.29999923706055,39.5,39.099998474121094,39.5,35.79427719116211,28424000
2016-05-18T03:00:00Z,39.5,39.599998474121094,39.20000076293945,39.29999923706055,35.613037109375,18296000
2016-05-19T03:00:00Z,39.20000076293945,39.400001525878906,39.099998474121094,39.29999923706055,35.613037109375,19661000
2016-05-23T03:00:00Z,39.5,39.70000076293945,39.29999923706055,39.599998474121094,35.88489532470703,27391000
2016-05-24T03:00:00Z,39.70000076293945,39.79999923706055,39.099998474121094,39.400001525878906,35.70365524291992,25236000
2016-05-25T03:00:00Z,39.599998474121094,39.599998474121094,39.20000076293945,39.599998474121094,35.88489532470703,12172000
2016-05-26T03:00:00Z,39.5,39.599998474121094,39.20000076293945,39.29999923706055,35.613037109375,11571000
2016-05-27T03:00:00Z,39.29999923706055,39.5,39.099998474121094,39.29999923706055,35.613037109375,17446000
2016-05-30T03:00:00Z,39.599998474121094,39.599998474121094,39,39.29999923706055,35.613037109375,34211000
2016-05-31T03:00:00Z,39.29999923706055,39.79999923706055,39.20000076293945,39.599998474121094,35.88489532470703,70524000
2016-06-01T03:00:00Z,39.5,39.599998474121094,39,39,35.341182708740234,36942000
2016-06-02T03:00:00Z,38.900001525878906,39,38.599998474121094,38.70000076293945,35.069332122802734,56419000
2016-06-03T03:00:00Z,38.599998474121094,39.099998474121094,38.400001525878906,39,35.341182708740234,61005000
2016-06-06T03:00:00Z,39.099998474121094,39.099998474121094,38.70000076293945,38.70000076293945,35.069332122802734,34322000
2016-06-07T03:00:00Z,38.79999923706055,39.099998474121094,38.70000076293945,38.70000076293945,35.069332122802734,43179000
2016-06-08T03:00:00Z,38.70000076293945,39,38.599998474121094,38.900001525878906,35.25056457519531,34517000
2016-06-09T03:00:00Z,38.79999923706055,38.900001525878906,38.5,38.599998474121094,34.97870635986328,35385000
2016-06-10T03:00:00Z,38.5,38.79999923706055,38.5,38.70000076293945,35.069332122802734,24954000
2016-06-13T03:00:00Z,38.5,38.900001525878906,38.400001525878906,38.599998474121094,34.97870635986328,13298000
2016-06-14T03:00:00Z,38.599998474121094,38.900001525878906,38.599998474121094,38.70000076293945,35.069332122802734,21906000
2016-06-15T03:00:00Z,38.79999923706055,39,38.599998474121094,39,35.341182708740234,19557000
2016-06-16T03:00:00Z,38.79999923706055,38.900001525878906,38.29999923706055,38.400001525878906,34.7974739074707,26611000
2016-06-17T03:00:00Z,38.5,38.70000076293945,38.400001525878906,38.5,34.888092041015625,16719000
2016-06-20T03:00:00Z,38.5,38.70000076293945,38.400001525878906,38.5,34.888092041015625,22655000
2016-06-21T03:00:00Z,38.5,38.599998474121094,37.900001525878906,38.599998474121094,34.97870635986328,50550000
2016-06-22T03:00:00Z,38.599998474121094,39.099998474121094,38.5,38.900001525878906,35.25056457519531,29478000
2016-06-23T03:00:00Z,38.79999923706055,39.20000076293945,38.599998474121094,39.20000076293945,35.52241897583008,27689000
2016-06-24T03:00:00Z,38.900001525878906,39,38.20000076293945,38.29999923706055,34.706851959228516,71115000
2016-06-27T03:00:00Z,38.29999923706055,38.900001525878906,38.29999923706055,38.79999923706055,35.159942626953125,18232000
2016-06-28T03:00:00Z,38.70000076293945,38.900001525878906,38.5,38.900001525878906,35.25056457519531,17602000
2016-06-29T03:00:00Z,39,39,38.599998474121094,38.70000076293945,35.069332122802734,24754000
2016-06-30T03:00:00Z,38.79999923706055,39,38.599998474121094,39,35.341182708740234,19337000
2016-07-04T03:00:00Z,39.099998474121094,39.29999923706055,38.900001525878906,39.099998474121094,35.431800842285156,32776000
2016-07-05T03:00:00Z,39.20000076293945,39.29999923706055,38.70000076293945,39.20000076293945,35.52241897583008,20328000
2016-07-06T03:00:00Z,38.900001525878906,39,38.70000076293945,38.70000076293945,35.069332122802734,15728000
2016-07-07T03:00:00Z,38.900001525878906,38.900001525878906,38.400001525878906,38.5,34.888092041015625,16891000
2016-07-08T03:00:00Z,38.400001525878906,38.70000076293945,38.400001525878906,38.5,34.888092041015625,19202000
2016-07-11T03:00:00Z,38.599998474121094,38.70000076293945,38.5,38.5,34.888092041015625,17395000
2016-07-12T03:00:00Z,38.5,38.599998474121094,38.400001525878906,38.400001525878906,34.7974739074707,18586000
2016-07-13T03:00:00Z,38.29999923706055,38.599998474121094,38.099998474121094,38.400001525878906,34.7974739074707,28142000
2016-07-14T03:00:00Z,38.5,38.70000076293945,38.20000076293945,38.29999923706055,34.706851959228516,38418000
2016-07-15T03:00:00Z,38.5,38.70000076293945,38.29999923706055,38.29999923706055,34.706851959228516,27079000
2016-07-20T03:00:00Z,38.29999923706055,39.099998474121094,38.29999923706055,39.099998474121094,35.431800842285156,62674000
2016-07-21T03:00:00Z,39.400001525878906,39.79999923706055,39.29999923706055,39.29999923706055,35.613037109375,79194000
2016-07-22T03:00:00Z,39.400001525878906,39.5,39.20000076293945,39.29999923706055,35.613037109375,25845000
2016-07-25T03:00:00Z,39.400001525878906,39.79999923706055,39.400001525878906,39.70000076293945,35.97550582885742,52439000
2016-07-26T03:00:00Z,39.900001525878906,40,39.29999923706055,39.400001525878906,35.70365524291992,61128000
2016-07-27T03:00:00Z,39.599998474121094,39.70000076293945,39.599998474121094,39.70000076293945,35.97550582885742,17636000
2016-07-28T03:00:00Z,39.70000076293945,39.79999923706055,39.400001525878906,39.599998474121094,35.88489532470703,22126000
2016-07-29T03:00:00Z,39.70000076293945,39.900001525878906,39.5,39.5,35.79427719116211,28373000
2016-08-01T03:00:00Z,39.79999923706055,39.79999923706055,39.5,39.599998474121094,35.88489532470703,25272000
2016-08-02T03:00:00Z,39.5,39.599998474121094,39.20000076293945,39.20000076293945,35.52241897583008,16909000
2016-08-03T03:00:00Z,39.20000076293945,39.400001525878906,38.900001525878906,39.20000076293945,35.52241897583008,20637000
2016-08-04T03:00:00Z,39.20000076293945,39.29999923706055,39,39,35.341182708740234,8794000
2016-08-05T03:00:00Z,39.29999923706055,39.5,39.29999923706055,39.5,35.79427719116211,13221000
2016-08-08T03:00:00Z,40.20000076293945,41.20000076293945,40,41.20000076293945,37.33478927612305,83661000
2016-08-09T03:00:00Z,41.20000076293945,42,41,41.599998474121094,37.69725799560547,51878000
2016-08-10T03:00:00Z,41.79999923706055,42,41.400001525878906,41.599998474121094,37.69725799560547,23400000
2016-08-11T03:00:00Z,41.79999923706055,42,41.400001525878906,42,38.059730529785156,29821000
2016-08-15T03:00:00Z,40.79999923706055,41.400001525878906,40.599998474121094,41,37.15355682373047,75144000
2016-08-16T03:00:00Z,41,41.599998474121094,40.599998474121094,40.79999923706055,36.97231674194336,26117000
2016-08-17T03:00:00Z,40.599998474121094,41,39.79999923706055,40.20000076293945,36.4286003112793,54514000
2016-08-18T03:00:00Z,40.400001525878906,40.599998474121094,40.20000076293945,40.400001525878906,36.60984420776367,11596000
2016-08-19T03:00:00Z,40.20000076293945,40.400001525878906,39.70000076293945,39.70000076293945,35.97550582885742,37875000
2016-08-22T03:00:00Z,39.70000076293945,40.20000076293945,39.599998474121094,40.20000076293945,36.4286003112793,15500000
2016-08-23T03:00:00Z,40,40.599998474121094,39.900001525878906,40.599998474121094,36.791072845458984,19818000
2016-08-24T03:00:00Z,40.400001525878906,40.79999923706055,40.20000076293945,40.599998474121094,36.791072845458984,14772000
2016-08-25T03:00:00Z,40.400001525878906,41.20000076293945,39.900001525878906,41.20000076293945,37.33478927612305,29142000
2016-08-26T03:00:00Z,40.79999923706055,41,40.400001525878906,40.599998474121094,36.791072845458984,18367000
2016-08-29T03:00:00Z,40.79999923706055,40.79999923706055,40,40.599998474121094,36.791072845458984,14759000
2016-08-30T03:00:00Z,40.599998474121094,40.599998474121094,40,40,36.24736785888672,16814000
2016-08-31T03:00:00Z,40.20000076293945,40.400001525878906,39.79999923706055,40.20000076293945,36.4286003112793,29128000
2016-09-01T03:00:00Z,40,40.20000076293945,39.70000076293945,39.70000076293945,35.97550582885742,39729000
2016-09-02T03:00:00Z,39.79999923706055,40.20000076293945,39.70000076293945,40.20000076293945,36.4286003112793,41119000
2016-09-05T03:00:00Z,40.20000076293945,40.20000076293945,39.29999923706055,39.5,35.79427719116211,45969000
2016-09-06T03:00:00Z,39.599998474121094,40.20000076293945,39.5,39.70000076293945,35.97550582885742,24612000
2016-09-07T03:00:00Z,39.900001525878906,40.20000076293945,39.79999923706055,40,36.24736785888672,29804000
2016-09-08T03:00:00Z,39.900001525878906,40,39.29999923706055,39.5,35.79427719116211,65649000
2016-09-09T03:00:00Z,39.400001525878906,39.79999923706055,39.29999923706055,39.70000076293945,35.97550582885742,44768000
2016-09-12T03:00:00Z,39.29999923706055,39.5,39,39,35.341182708740234,32437000
2016-09-13T03:00:00Z,39.20000076293945,39.599998474121094,39.099998474121094,39.5,35.79427719116211,37395000
2016-09-14T03:00:00Z,39.5,39.79999923706055,39.20000076293945,39.79999923706055,36.06612777709961,17564000
2016-09-15T03:00:00Z,40,40,39.599998474121094,39.70000076293945,35.97550582885742,11530000
2016-09-16T03:00:00Z,39.599998474121094,40.400001525878906,39.599998474121094,40.20000076293945,36.4286003112793,24684000
2016-09-19T03:00:00Z,40.20000076293945,40.400001525878906,39.900001525878906,40.20000076293945,36.4286003112793,9145000
2016-09-20T03:00:00Z,40,40.20000076293945,39.5,39.5,35.79427719116211,19884000
2016-09-21T03:00:00Z,39.599998474121094,40.20000076293945,39.599998474121094,40,36.24736785888672,18615000
2016-09-22T03:00:00Z,40,40.400001525878906,39.900001525878906,40.400001525878906,36.60984420776367,15410000
2016-09-23T03:00:00Z,40,40.20000076293945,39.70000076293945,39.70000076293945,35.97550582885742,34720000
2016-09-26T03:00:00Z,39.599998474121094,39.900001525878906,39.5,39.70000076293945,35.97550582885742,14150000
2016-09-27T03:00:00Z,39.79999923706055,40,39.79999923706055,39.900001525878906,36.15675735473633,10712000
2016-09-28T03:00:00Z,39.79999923706055,39.900001525878906,39.5,39.900001525878906,36.15675735473633,13322000
2016-09-29T03:00:00Z,39.900001525878906,40,39.5,39.70000076293945,35.97550582885742,29295000
2016-09-30T03:00:00Z,39.599998474121094,39.900001525878906,39.5,39.900001525878906,36.15675735473633,18365000
2016-10-03T03:00:00Z,39.900001525878906,39.900001525878906,39.5,39.79999923706055,36.06612777709961,9651000
2016-10-04T03:00:00Z,39.70000076293945,39.900001525878906,39.599998474121094,39.79999923706055,36.06612777709961,21012000
2016-10-05T03:00:00Z,39.79999923706055,39.900001525878906,39.5,39.599998474121094,35.88489532470703,17009000
2016-10-06T03:00:00Z,39.599998474121094,39.79999923706055,39.400001525878906,39.599998474121094,35.88489532470703,24443000
2016-10-07T03:00:00Z,39.400001525878906,39.5,39.20000076293945,39.29999923706055,35.613037109375,25865000
2016-10-10T03:00:00Z,38.5,39.20000076293945,38.5,39,35.341182708740234,52390000
2016-10-11T03:00:00Z,38.900001525878906,39,37.79999923706055,38,34.43499755859375,72421000
2016-10-12T03:00:00Z,37.70000076293945,37.79999923706055,30,35.599998474121094,32.26015090942383,208246000
2016-10-13T03:00:00Z,35.70000076293945,36.400001525878906,34,36.20000076293945,32.803863525390625,194065000
2016-10-14T03:00:00Z,38,39.5,37.599998474121094,39.400001525878906,35.70365524291992,156883000
2016-10-17T03:00:00Z,38.599998474121094,39.29999923706055,38.599998474121094,39.099998474121094,35.431800842285156,43018000
2016-10-18T03:00:00Z,39,39.099998474121094,38.29999923706055,38.5,34.888092041015625,52499000
2016-10-19T03:00:00Z,38.29999923706055,38.599998474121094,38.20000076293945,38.20000076293945,34.616241455078125,40158000
2016-10-20T03:00:00Z,38.5,38.599998474121094,38.20000076293945,38.20000076293945,34.616241455078125,22973000
2016-10-21T03:00:00Z,38.29999923706055,38.599998474121094,38.20000076293945,38.5,34.888092041015625,14783000
2016-10-25T03:00:00Z,38.599998474121094,38.79999923706055,38.20000076293945,38.5,34.888092041015625,17733000
2016-10-26T03:00:00Z,38.5,38.599998474121094,38.20000076293945,38.20000076293945,34.616241455078125,15078000
2016-10-27T03:00:00Z,38.20000076293945,38.599998474121094,38.20000076293945,38.29999923706055,34.706851959228516,14594000
2016-10-28T03:00:00Z,38.29999923706055,38.29999923706055,37.900001525878906,38.29999923706055,34.706851959228516,24162000
2016-10-31T03:00:00Z,38.29999923706055,38.400001525878906,38.099998474121094,38.099998474121094,34.525611877441406,17554000
2016-11-01T03:00:00Z,38.20000076293945,38.29999923706055,38,38,34.43499755859375,28701000
2016-11-02T03:00:00Z,38.099998474121094,38.099998474121094,37.599998474121094,37.79999923706055,34.253761291503906,20774000
2016-11-03T03:00:00Z,37.900001525878906,37.900001525878906,37.20000076293945,37.20000076293945,33.71004867553711,44491000
2016-11-04T03:00:00Z,36.900001525878906,37,36.5,36.70000076293945,33.256961822509766,35405000
2016-11-07T03:00:00Z,37,37.79999923706055,36.900001525878906,37.79999923706055,34.253761291503906,21809000
2016-11-08T03:00:00Z,37.79999923706055,37.79999923706055,37.400001525878906,37.70000076293945,34.163143157958984,20614000
2016-11-09T03:00:00Z,37.400001525878906,37.5,37,37.29999923706055,33.80067443847656,42772000
2016-11-10T03:00:00Z,37.400001525878906,37.70000076293945,37.29999923706055,37.400001525878906,33.89128875732422,20422000
2016-11-11T03:00:00Z,37.20000076293945,37.29999923706055,36.79999923706055,36.900001525878906,33.438194274902344,46919000
2016-11-14T03:00:00Z,36.70000076293945,36.70000076293945,36,36,32.62262725830078,42578000
2016-11-15T03:00:00Z,36,36.599998474121094,35.900001525878906,36.5,33.075721740722656,45285000
2016-11-16T03:00:00Z,36.5,36.70000076293945,36,36,32.62262725830078,30071000
2016-11-17T03:00:00Z,36.099998474121094,36.20000076293945,35.599998474121094,36,32.62262725830078,34071000
2016-11-18T03:00:00Z,35.900001525878906,35.900001525878906,35.5,35.599998474121094,32.26015090942383,27026000
2016-11-21T03:00:00Z,35.79999923706055,36.5,35.70000076293945,36.29999923706055,32.89448165893555,18425000
2016-11-22T03:00:00Z,36.599998474121094,36.70000076293945,36.29999923706055,36.599998474121094,33.166343688964844,17645000
2016-11-23T03:00:00Z,36.900001525878906,37.29999923706055,36.79999923706055,37.20000076293945,33.71004867553711,27548000
2016-11-24T03:00:00Z,37.400001525878906,37.599998474121094,37.20000076293945,37.599998474121094,34.0725212097168,25862000
2016-11-25T03:00:00Z,37.599998474121094,38.400001525878906,37.400001525878906,38.29999923706055,34.706851959228516,44980000
2016-11-28T03:00:00Z,38.5,38.900001525878906,38.400001525878906,38.5,34.888092041015625,30662000
2016-11-29T03:00:00Z,38.70000076293945,39.099998474121094,38.599998474121094,38.900001525878906,35.25056457519531,45416000
2016-11-30T03:00:00Z,39.900001525878906,40.400001525878906,39.29999923706055,40.20000076293945,36.4286003112793,144408000
2016-12-01T03:00:00Z,40.400001525878906,40.79999923706055,39.900001525878906,40.20000076293945,36.4286003112793,73863000
2016-12-02T03:00:00Z,40.20000076293945,40.400001525878906,39.70000076293945,39.70000076293945,35.97550582885742,33992000
2016-12-06T03:00:00Z,39.900001525878906,40,39.5,39.900001525878906,36.15675735473633,32547000
2016-12-07T03:00:00Z,39.79999923706055,40,39.599998474121094,40,36.24736785888672,34184000
2016-12-08T03:00:00Z,39.599998474121094,39.79999923706055,39.5,39.599998474121094,36.50827407836914,19397000
2016-12-09T03:00:00Z,39.70000076293945,39.79999923706055,39.29999923706055,39.400001525878906,36.32388687133789,31045000
2016-12-13T03:00:00Z,39.599998474121094,39.70000076293945,39.29999923706055,39.599998474121094,36.50827407836914,31684000
2016-12-14T03:00:00Z,39.599998474121094,39.79999923706055,39.29999923706055,39.70000076293945,36.6004638671875,28101000
2016-12-15T03:00:00Z,39.599998474121094,40,39.5,39.79999923706055,36.692657470703125,30376000
2016-12-16T03:00:00Z,39.79999923706055,39.79999923706055,39.599998474121094,39.599998474121094,36.50827407836914,36161000
2016-12-19T03:00:00Z,39.599998474121094,39.70000076293945,39.29999923706055,39.400001525878906,36.32388687133789,33655000
2016-12-20T03:00:00Z,39.5,39.5,39,39.099998474121094,36.04730987548828,22212000
2016-12-21T03:00:00Z,39,39.099998474121094,38.70000076293945,38.900001525878906,35.86292266845703,37349000
2016-12-22T03:00:00Z,38.79999923706055,39,38.70000076293945,38.900001525878906,35.86292266845703,18931000
2016-12-23T03:00:00Z,38.900001525878906,39,38.70000076293945,38.79999923706055,35.77072525024414,15346000
2016-12-26T03:00:00Z,39.099998474121094,39.70000076293945,39,39.400001525878906,36.32388687133789,21080000
2016-12-27T03:00:00Z,39.5,39.5,39.20000076293945,39.29999923706055,36.231693267822266,20892000
2016-12-28T03:00:00Z,39.400001525878906,39.5,39.29999923706055,39.400001525878906,36.32388687133789,17582000
2016-12-29T03:00:00Z,39.5,39.79999923706055,39.400001525878906,39.599998474121094,36.50827407836914,30529000
2016-12-30T03:00:00Z,39.70000076293945,40,39.70000076293945,39.79999923706055,36.692657470703125,21980000
2017-01-04T03:00:00Z,39.900001525878906,40.20000076293945,39.70000076293945,39.79999923706055,36.692657470703125,32333000
2017-01-05T03:00:00Z,39.900001525878906,40,39.599998474121094,39.599998474121094,36.50827407836914,36294000
2017-01-06T03:00:00Z,39.599998474121094,39.70000076293945,39.400001525878906,39.400001525878906,36.32388687133789,37487000
2017-01-09T03:00:00Z,39.400001525878906,39.599998474121094,39.400001525878906,39.400001525878906,36.32388687133789,15158000
2017-01-10T03:00:00Z,39.20000076293945,39.5,39.20000076293945,39.29999923706055,36.231693267822266,17693000
2017-01-11T03:00:00Z,39.29999923706055,39.400001525878906,39.099998474121094,39.099998474121094,36.04730987548828,32612000
2017-01-12T03:00:00Z,39.20000076293945,39.5,39.099998474121094,39.20000076293945,36.13949966430664,18453000
2017-01-16T03:00:00Z,39.20000076293945,39.5,39.20000076293945,39.400001525878906,36.32388687133789,15862000
2017-01-17T03:00:00Z,39.400001525878906,39.5,39.400001525878906,39.400001525878906,36.32388687133789,10309000
2017-01-18T03:00:00Z,39.5,39.599998474121094,39.20000076293945,39.20000076293945,36.13949966430664,19958000
2017-01-19T03:00:00Z,39.29999923706055,39.5,39.099998474121094,39.400001525878906,36.32388687133789,25124000
2017-01-20T03:00:00Z,39.29999923706055,39.5,39.20000076293945,39.400001525878906,36.32388687133789,27335000
2017-01-23T03:00:00Z,39.400001525878906,39.5,39.20000076293945,39.29999923706055,36.231693267822266,15894000
2017-01-24T03:00:00Z,39.400001525878906,40.20000076293945,39.400001525878906,39.79999923706055,36.692657470703125,80050000
2017-01-25T03:00:00Z,39.900001525878906,40,39.70000076293945,39.79999923706055,36.692657470703125,41291000
2017-01-26T03:00:00Z,40.20000076293945,41.20000076293945,39.900001525878906,40.79999923706055,37.614585876464844,116653000
2017-01-27T03:00:00Z,40.79999923706055,41,40.400001525878906,40.599998474121094,37.43019104003906,31433000
2017-01-30T03:00:00Z,40.79999923706055,41.20000076293945,40.400001525878906,40.79999923706055,37.614585876464844,40466000
2017-01-31T03:00:00Z,40.79999923706055,41.79999923706055,40.599998474121094,41.400001525878906,38.16774368286133,101055000
2017-02-01T03:00:00Z,41.400001525878906,41.400001525878906,40.79999923706055,41.20000076293945,37.98335266113281,29567000
2017-02-02T03:00:00Z,41.20000076293945,41.79999923706055,41,41.599998474121094,38.35212326049805,55343000
2017-02-03T03:00:00Z,41.599998474121094,41.599998474121094,41.400001525878906,41.599998474121094,38.35212326049805,14785000
2017-02-06T03:00:00Z,41.599998474121094,42.20000076293945,41,41.400001525878906,38.16774368286133,62939000
2017-02-07T03:00:00Z,41.400001525878906,41.599998474121094,40.79999923706055,41.20000076293945,37.98335266113281,45049000
2017-02-08T03:00:00Z,41.20000076293945,42.20000076293945,41.20000076293945,42,38.720890045166016,96567000
2017-02-09T03:00:00Z,42.5,42.5,40.25,40.25,37.107521057128906,121386200
2017-02-10T03:00:00Z,40.75,41,40.25,40.5,37.338008880615234,43110100
2017-02-14T03:00:00Z,40.5,40.75,39,39.5,36.41607666015625,114175200
2017-02-15T03:00:00Z,37.75,39.25,37.25,39,35.95512008666992,290182600
2017-02-16T03:00:00Z,39.5,40.25,39.25,39.75,36.64656066894531,132149400
2017-02-17T03:00:00Z,40,40.25,39.5,40,36.87704086303711,95819400
2017-02-20T03:00:00Z,40,40.25,39.75,40.25,37.107521057128906,26441200
2017-02-21T03:00:00Z,40,40.25,39.25,39.25,36.18560028076172,37411700
2017-02-22T03:00:00Z,39.5,40,39.25,39.75,36.64656066894531,24814400
2017-02-23T03:00:00Z,39.5,39.75,38.5,38.75,35.72463607788086,55933700
2017-02-24T03:00:00Z,39,39.25,38.75,38.75,35.72463607788086,16221600
2017-02-27T03:00:00Z,38.75,39.25,38.5,38.75,35.72463607788086,14764700
2017-02-28T03:00:00Z,39,39,38.75,38.75,35.72463607788086,10656900
2017-03-01T03:00:00Z,39,39,38.5,39,35.95512008666992,16205200
2017-03-02T03:00:00Z,39,39.25,38.75,38.75,35.72463607788086,13415500
2017-03-03T03:00:00Z,38.5,38.75,38,38.25,35.263671875,37660200
2017-03-06T03:00:00Z,38,38.75,37.75,38.5,35.49415588378906,45379400
2017-03-07T03:00:00Z,38.25,38.5,38,38.25,35.263671875,14192600
2017-03-08T03:00:00Z,38.5,39,38,39,35.95512008666992,33141300
2017-03-09T03:00:00Z,38.75,39.25,38.5,39,35.95512008666992,23994200
2017-03-10T03:00:00Z,39,39,38.25,38.5,35.49415588378906,17914600
2017-03-13T03:00:00Z,38.5,39,38.25,39,35.95512008666992,17247100
2017-03-14T03:00:00Z,38.75,39,38.5,38.5,35.49415588378906,13734600
2017-03-15T03:00:00Z,38.5,38.75,38.25,38.25,35.263671875,13722900
2017-03-16T03:00:00Z,38.5,39.25,38.25,39.25,36.18560028076172,27532300
2017-03-17T03:00:00Z,39.25,39.5,38.75,38.75,35.72463607788086,23274300
2017-03-20T03:00:00Z,39,39.5,38.75,39,35.95512008666992,21778000
2017-03-21T03:00:00Z,39,39.75,39,39.25,36.18560028076172,31453300
2017-03-22T03:00:00Z,39,39.75,39,39.5,36.41607666015625,20435600
2017-03-23T03:00:00Z,39.5,40.25,39.5,40,36.87704086303711,41723300
2017-03-24T03:00:00Z,39.75,40.25,39.75,39.75,36.64656066894531,14783400
2017-03-27T03:00:00Z,40,40.25,39.75,39.75,36.64656066894531,16639000
2017-03-28T03:00:00Z,40,40.25,40,40.25,37.107521057128906,15390200
2017-03-29T03:00:00Z,40.25,40.5,39.75,40,36.87704086303711,18844900
2017-03-30T03:00:00Z,39.75,40.25,39.75,40,36.87704086303711,29835900
2017-03-31T03:00:00Z,40,40,39.25,39.25,36.18560028076172,20990700
2017-04-03T03:00:00Z,39.25,39.75,39.25,39.25,36.18560028076172,15748000
2017-04-04T03:00:00Z,39.5,39.75,39.25,39.75,36.64656066894531,12182900
2017-04-05T03:00:00Z,39.75,40,39.25,39.5,36.41607666015625,19754400
2017-04-07T03:00:00Z,39.5,39.75,39.25,39.75,36.64656066894531,17041300
2017-04-10T03:00:00Z,39.5,39.5,39,39.25,36.18560028076172,18236500
2017-04-11T03:00:00Z,39.25,39.5,39.25,39.25,36.18560028076172,5621300
2017-04-12T03:00:00Z,39.5,39.75,39.25,39.75,36.64656066894531,17955900
2017-04-17T03:00:00Z,39.5,40,39.25,39.75,36.64656066894531,15018100
2017-04-18T03:00:00Z,40,40.25,39.75,40,36.87704086303711,23357400
2017-04-19T03:00:00Z,40,40.5,39.75,40.25,37.107521057128906,32770300
2017-04-20T03:00:00Z,40.25,41.5,40.25,41.25,38.029449462890625,73789100
2017-04-21T03:00:00Z,41.5,42,41,41.25,38.029449462890625,42710700
2017-04-24T03:00:00Z,41,41.5,40.75,41,37.79896926879883,35314600
2017-04-25T03:00:00Z,41,41.5,40.75,41.25,38.029449462890625,39140700
2017-04-26T03:00:00Z,41.5,41.75,41,41.5,38.25992965698242,39840000
2017-04-27T03:00:00Z,41.5,41.5,40.75,40.75,37.56848907470703,23371400
2017-04-28T03:00:00Z,40.75,41,40.25,40.25,37.107521057128906,24434600
2017-05-02T03:00:00Z,40.5,41,40.25,40.5,37.338008880615234,28157300
2017-05-03T03:00:00Z,40.75,41.25,40.5,40.75,37.56848907470703,16466400
2017-05-04T03:00:00Z,41.25,41.25,41,41,37.79896926879883,9779500
2017-05-08T03:00:00Z,41.25,41.5,41,41.5,38.25992965698242,15628400
2017-05-09T03:00:00Z,41.75,41.75,41,41.5,38.25992965698242,34734400
2017-05-11T03:00:00Z,41.75,42,41.25,41.75,38.49040603637695,49253800
2017-05-12T03:00:00Z,41.75,41.75,40.75,41.5,38.25992965698242,21278900
2017-05-15T03:00:00Z,41.25,41.25,41.25,41.25,38.029449462890625,1258600
2017-05-16T03:00:00Z,41.25,42,40.75,41.25,38.029449462890625,50337700
2017-05-17T03:00:00Z,41.5,42,41,42,38.720890045166016,90540500
2017-05-18T03:00:00Z,41.75,42.25,41.5,42,38.720890045166016,30453400
2017-05-19T03:00:00Z,42,42.25,41.75,41.75,38.49040603637695,18597400
2017-05-22T03:00:00Z,42,42.25,41.75,42,38.720890045166016,20609500
2017-05-23T03:00:00Z,42,42.25,42,42,38.720890045166016,32204600
2017-05-24T03:00:00Z,42,42.25,42,42,38.720890045166016,11853600
2017-05-25T03:00:00Z,42,42.25,42,42.25,38.95137405395508,7695500
2017-05-26T03:00:00Z,42,42.25,42,42.25,38.95137405395508,4083500
2017-05-29T03:00:00Z,42.25,43,42,42.75,39.41233825683594,82666100
2017-05-30T03:00:00Z,42.75,43.25,42.75,43,39.642818450927734,19192700
2017-05-31T03:00:00Z,43.25,43.25,42.5,42.5,39.18185806274414,34270600
2017-06-01T03:00:00Z,42.5,44,42.5,44,40.56474685668945,72555700
2017-06-02T03:00:00Z,44.25,44.75,44,44.5,41.02571105957031,70959300
2017-06-05T03:00:00Z,44.75,45,44.25,45,41.48667526245117,35842400
2017-06-06T03:00:00Z,45,45,44.5,45,41.48667526245117,21220100
2017-06-07T03:00:00Z,45,45,43.75,44,40.56474685668945,44914300
2017-06-08T03:00:00Z,44,44.75,43.75,44.75,41.25619125366211,13376900
2017-06-09T03:00:00Z,44.75,44.75,44,44.5,41.02571105957031,13472100
2017-06-12T03:00:00Z,44.25,44.5,44,44,40.56474685668945,10634900
2017-06-13T03:00:00Z,44,44.25,43.5,44.25,40.795230865478516,24874700
2017-06-14T03:00:00Z,44,44.5,44,44.25,40.795230865478516,11370400
2017-06-15T03:00:00Z,44.25,44.5,44,44.5,41.02571105957031,9404700
2017-06-16T03:00:00Z,45,45.5,44.75,45.25,41.71715545654297,81361600
2017-06-19T03:00:00Z,45.5,47,45.25,46.5,42.869564056396484,73876500
2017-06-20T03:00:00Z,46.5,46.5,45.75,46,42.40860366821289,27788900
2017-06-21T03:00:00Z,46,46,45.5,46,42.40860366821289,19045000
2017-06-22T03:00:00Z,46,46.5,46,46.5,42.869564056396484,33006700
2017-06-23T03:00:00Z,46.75,46.75,46.25,46.25,42.63908004760742,13884800
2017-06-26T03:00:00Z,46.5,46.75,45.75,46,42.40860366821289,16529700
2017-06-27T03:00:00Z,46.25,47.25,46,47,43.33052444458008,37346900
2017-06-28T03:00:00Z,47,47.5,46.75,46.75,43.10004425048828,31468800
2017-06-29T03:00:00Z,47.25,48,47,47.25,43.56100845336914,48579500
2017-06-30T03:00:00Z,47.25,47.5,47,47.25,43.56100845336914,17965500
2017-07-03T03:00:00Z,47.5,47.5,46.75,47.25,43.56100845336914,14724600
2017-07-04T03:00:00Z,47,47.25,46.5,46.5,42.869564056396484,15809300
2017-07-05T03:00:00Z,46.75,47.75,46.75,47.25,43.56100845336914,37055000
2017-07-06T03:00:00Z,47.5,50,47.25,49.75,45.865821838378906,94469100
2017-07-07T03:00:00Z,49.5,49.75,48.25,48.5,44.71341323852539,59996700
2017-07-11T03:00:00Z,48.5,49.25,48.25,49,45.17437744140625,37131500
2017-07-12T03:00:00Z,49.25,50.25,49,49.5,45.63534164428711,55374200
2017-07-13T03:00:00Z,49.75,50,48.75,49,45.17437744140625,28083500
2017-07-14T03:00:00Z,49,49,48.5,48.75,44.94389343261719,21740000
2017-07-17T03:00:00Z,49,49,47.5,47.5,43.7914924621582,45591800
2017-07-18T03:00:00Z,47.5,48.5,47.5,48.25,44.482933044433594,30903100
2017-07-19T03:00:00Z,48.5,49.25,48.25,49,45.17437744140625,23642200
2017-07-20T03:00:00Z,49.75,50.75,49.25,50.5,46.55726623535156,67337800
2017-07-21T03:00:00Z,50.75,51.75,50,51.25,47.248714447021484,42381100
2017-07-24T03:00:00Z,51.25,52,51.25,51.75,47.70967483520508,33240600
2017-07-25T03:00:00Z,52,52.25,51.5,52,47.94015884399414,43146000
2017-07-26T03:00:00Z,51.75,52.25,51.25,52,47.94015884399414,27414500
2017-07-27T03:00:00Z,52,52.25,51.5,52,47.94015884399414,16303300
2017-07-31T03:00:00Z,51.75,51.75,51,51.5,47.47919464111328,40336800
2017-08-01T03:00:00Z,51.5,52,51.25,52,47.94015884399414,16173800
2017-08-02T03:00:00Z,52.25,53,52,52.25,48.17063903808594,42332500
2017-08-03T03:00:00Z,52.25,52.75,52.25,52.5,48.401119232177734,17820400
2017-08-04T03:00:00Z,52.75,53.5,52.5,53.25,49.09256362915039,21811000
2017-08-07T03:00:00Z,53.5,54.25,53.25,54,49.78400802612305,32575800
2017-08-08T03:00:00Z,54.25,54.5,54,54.25,50.01449203491211,18697200
2017-08-09T03:00:00Z,54,54,52.75,53,48.862083435058594,66640100
2017-08-10T03:00:00Z,53.25,53.5,52.75,53.5,49.32304763793945,20997400
2017-08-11T03:00:00Z,53,53.25,52,52.5,48.401119232177734,56276300
2017-08-15T03:00:00Z,52.75,53,51.75,51.75,47.70967483520508,27051100
2017-08-16T03:00:00Z,52,53,52,52.75,48.6316032409668,19372800
2017-08-17T03:00:00Z,53,53,52.25,52.75,48.6316032409668,23155700
2017-08-18T03:00:00Z,52.5,52.75,52.25,52.75,48.6316032409668,15285400
2017-08-21T03:00:00Z,52.75,52.75,50.75,51.25,47.248714447021484,56150000
2017-08-22T03:00:00Z,51.25,51.75,51.25,51.5,47.47919464111328,13866000
2017-08-23T03:00:00Z,51.75,52.25,51.5,52,47.94015884399414,18821700
2017-08-24T03:00:00Z,52.25,53,52,52.75,48.6316032409668,23935000
2017-08-25T03:00:00Z,52.5,52.75,52,52.25,48.17063903808594,22694400
2017-08-28T03:00:00Z,52.25,52.25,52.25,52.25,48.17063903808594,4063400
2017-08-29T03:00:00Z,52.25,54.5,52,54.25,50.01449203491211,85814200
2017-08-30T03:00:00Z,54.5,55.25,54.25,54.75,50.47544860839844,58396000
2017-08-31T03:00:00Z,54.75,55,53.75,54.5,50.24496841430664,30605700
2017-09-01T03:00:00Z,54.5,55,54.25,55,50.7059326171875,22029200
2017-09-04T03:00:00Z,54.75,55,54,54.25,50.01449203491211,29514200
2017-09-05T03:00:00Z,54.5,54.5,54,54.25,50.01449203491211,13720600
2017-09-06T03:00:00Z,54,54.5,54,54.5,50.24496841430664,17253000
2017-09-07T03:00:00Z,54.25,54.75,54.25,54.75,50.47544860839844,23293500
2017-09-08T03:00:00Z,55,55.75,54.75,55.25,50.9364128112793,52543200
2017-09-11T03:00:00Z,55.5,57.5,55.5,56.75,52.31930160522461,69834200
2017-09-12T03:00:00Z,57,57.25,56.5,56.75,52.31930160522461,23739600
2017-09-13T03:00:00Z,56.5,57.25,56.25,57,52.549781799316406,24580800
2017-09-14T03:00:00Z,57,57.75,56.75,57.5,53.010746002197266,29472500
2017-09-15T03:00:00Z,57.5,58,57.25,57.75,53.24122619628906,41737800
2017-09-18T03:00:00Z,58,59.25,57.75,59.25,54.624122619628906,48344700
2017-09-19T03:00:00Z,58.5,61,57.5,61,56.237483978271484,95973500
2017-09-20T03:00:00Z,60,60.75,59,59.25,54.624122619628906,127724800
2017-09-21T03:00:00Z,59.75,60,59,59.25,54.624122619628906,42473500
2017-09-22T03:00:00Z,59.25,59.25,58,58,53.47171401977539,79232900
2017-09-25T03:00:00Z,58,58.75,58,58.75,54.16316223144531,32487200
2017-09-26T03:00:00Z,58.75,59,58.25,58.25,53.70219802856445,29952100
2017-09-27T03:00:00Z,58.25,58.5,58,58,53.47171401977539,23894700
2017-09-28T03:00:00Z,58,60,57.75,59,54.39364242553711,69078000
2017-09-29T03:00:00Z,59,59.5,58.75,59,54.39364242553711,26688300
2017-10-02T03:00:00Z,59.25,59.75,59,59.5,54.8546028137207,35919500
2017-10-03T03:00:00Z,59.5,59.75,59,59,54.39364242553711,19870500
2017-10-04T03:00:00Z,59.25,59.5,58,58.25,53.70219802856445,47829300
2017-10-05T03:00:00Z,58.25,58.75,58,58.5,53.93267822265625,24468600
2017-10-06T03:00:00Z,58.75,59,58.25,58.25,53.70219802856445,13331600
2017-10-09T03:00:00Z,58.75,59.75,58.75,59.5,54.8546028137207,51310900
2017-10-10T03:00:00Z,59.5,59.75,59,59.25,54.624122619628906,38716600
2017-10-11T03:00:00Z,59.5,59.75,59,59.25,54.624122619628906,34461800
2017-10-12T03:00:00Z,59.25,59.5,58.5,58.5,53.93267822265625,38895900
2017-10-16T03:00:00Z,59.25,59.25,59.25,59.25,54.624122619628906,4727200
2017-10-17T03:00:00Z,59.25,59.5,58.75,59.25,54.624122619628906,33832500
2017-10-18T03:00:00Z,59.25,59.25,58.75,58.75,54.16316223144531,23305400
2017-10-19T03:00:00Z,58.75,59,57,57.5,53.010746002197266,64375300
2017-10-20T03:00:00Z,57.5,58.5,57.5,58.25,53.70219802856445,30555100
2017-10-24T03:00:00Z,58.5,59,58.25,58.25,53.70219802856445,17852000
2017-10-25T03:00:00Z,58.75,58.75,58.25,58.25,53.70219802856445,15942700
2017-10-27T03:00:00Z,58.25,59,58.25,58.5,53.93267822265625,24981900
2017-10-30T03:00:00Z,58.5,59,58,58.5,53.93267822265625,31966500
2017-10-31T03:00:00Z,58.75,59.75,58.5,59.5,54.8546028137207,63616200
2017-11-01T03:00:00Z,59.5,59.75,58,58.25,53.70219802856445,50944300
2017-11-02T03:00:00Z,58.25,58.75,58,58.25,53.70219802856445,19639300
2017-11-03T03:00:00Z,58.5,58.75,58,58.5,53.93267822265625,13535900
2017-11-06T03:00:00Z,58.5,58.75,57.75,58,53.47171401977539,42154200
2017-11-07T03:00:00Z,58,58.5,58,58.5,53.93267822265625,22220400
2017-11-08T03:00:00Z,58.75,58.75,58.25,58.5,53.93267822265625,13506600
2017-11-09T03:00:00Z,58.75,58.75,57.75,58,53.47171401977539,45615800
2017-11-10T03:00:00Z,58,58.25,57.25,57.75,53.24122619628906,40827500
2017-11-13T03:00:00Z,57.5,57.75,56.75,57,52.549781799316406,38387600
2017-11-14T03:00:00Z,57,57.75,56.75,57.5,53.010746002197266,34765900
2017-11-15T03:00:00Z,57.5,57.5,57,57,52.549781799316406,20180900
2017-11-16T03:00:00Z,57.25,57.25,56.75,57.25,52.78026580810547,26107900
2017-11-17T03:00:00Z,57.5,58.5,57.5,58.25,53.70219802856445,27728100
2017-11-20T03:00:00Z,58.5,58.5,58,58,53.47171401977539,7341300
2017-11-21T03:00:00Z,59,59,59,59,54.39364242553711,41498000
2017-11-22T03:00:00Z,59.25,59.25,58.75,58.75,54.16316223144531,18118600
2017-11-23T03:00:00Z,59,59,58.5,58.75,54.16316223144531,12234500
2017-11-24T03:00:00Z,58.75,58.75,57.5,58,53.47171401977539,25102600
2017-11-27T03:00:00Z,57.75,58.5,57.75,58.5,53.93267822265625,14335900
2017-11-28T03:00:00Z,59,61.5,59,61.5,56.698448181152344,137027500
2017-11-29T03:00:00Z,61.75,63,61.5,62,57.15941619873047,122388700
2017-11-30T03:00:00Z,61.5,62.25,61,62.25,57.389896392822266,59005100
2017-12-01T03:00:00Z,62.5,62.5,61.75,61.75,56.92892837524414,28130300
2017-12-04T03:00:00Z,62,62.25,61,61.25,56.46796798706055,35927700
2017-12-06T03:00:00Z,61,61.5,60.75,61.5,56.698448181152344,21854800
2017-12-07T03:00:00Z,61.75,63,61.25,63,58.08134078979492,29125600
2017-12-08T03:00:00Z,63,63.5,62.5,62.5,57.62037658691406,35463800
2017-12-12T03:00:00Z,62.25,63.25,62,62.25,58.19059753417969,38825700
2017-12-13T03:00:00Z,62.5,63,62.25,62.75,58.65799331665039,15767700
2017-12-14T03:00:00Z,63,63.75,62.75,63.5,59.35908126831055,33005400
2017-12-15T03:00:00Z,63.5,64,63.25,64,59.82647705078125,27020600
2017-12-18T03:00:00Z,64,64.25,63.5,63.75,59.59278106689453,18613500
2017-12-19T03:00:00Z,63.5,64.5,63.5,64.5,60.29387283325195,28275400
2017-12-20T03:00:00Z,64.5,65,64.25,64.75,60.52756881713867,18484300
2017-12-21T03:00:00Z,64.75,64.75,64.25,64.5,60.29387283325195,9746500
2017-12-22T03:00:00Z,64.5,64.75,64.25,64.75,60.52756881713867,7953000
2017-12-25T03:00:00Z,65,66.75,64.75,66.5,62.163455963134766,30096100
2017-12-26T03:00:00Z,66.5,69,66.25,68.5,64.03302764892578,35599600
2017-12-27T03:00:00Z,68.75,70,67.25,67.5,63.098236083984375,55436900
2017-12-28T03:00:00Z,67.5,68,66.25,66.75,62.39714431762695,36446400
2017-12-29T03:00:00Z,67.25,68.75,67.25,68,63.56563186645508,25642800
2018-01-03T03:00:00Z,69,71,68.75,70.5,65.90260314941406,61069900
2018-01-04T03:00:00Z,71.25,71.25,70,70.5,65.90260314941406,37773200
2018-01-05T03:00:00Z,70.75,72.25,70.5,72,67.30477905273438,48929600
2018-01-08T03:00:00Z,72.75,77.75,72.5,74.25,69.40806579589844,127056900
2018-01-09T03:00:00Z,74,74,72.25,73.25,68.47327423095703,89764400
2018-01-10T03:00:00Z,72.75,73,71,71.25,66.60369873046875,101608200
2018-01-11T03:00:00Z,70.75,71,69,69.75,65.2015151977539,177499800
2018-01-12T03:00:00Z,69.75,70.75,69.5,69.5,64.96781158447266,90278500
2018-01-15T03:00:00Z,70,71.5,69.75,71.25,66.60369873046875,84101800
2018-01-16T03:00:00Z,71.5,71.75,70.5,70.75,66.13630676269531,49091200
2018-01-17T03:00:00Z,71,71.25,70,70.5,65.90260314941406,44505400
2018-01-18T03:00:00Z,70.5,71.25,70,70.25,65.66890716552734,61537000
2018-01-19T03:00:00Z,70,70.5,69.75,70.25,65.66890716552734,31284200
2018-01-22T03:00:00Z,70.5,71.5,70.25,70.5,65.90260314941406,37154300
2018-01-23T03:00:00Z,70.75,70.75,69,69.75,65.2015151977539,76034900
2018-01-24T03:00:00Z,69.75,70.75,69.5,70.25,65.66890716552734,32295000
2018-01-25T03:00:00Z,70.25,70.75,70,70,65.43521881103516,22599400
2018-01-26T03:00:00Z,70,70.5,69.75,70.5,65.90260314941406,23602100
2018-01-29T03:00:00Z,70.75,71,70.25,70.5,65.90260314941406,27606200
2018-01-30T03:00:00Z,70.5,70.75,69.75,69.75,65.2015151977539,38779500
2018-01-31T03:00:00Z,69.75,70.25,69.75,70,65.43521881103516,24446000
2018-02-01T03:00:00Z,70,70.5,70,70,65.43521881103516,19114900
2018-02-02T03:00:00Z,70,70.25,69.75,70,65.43521881103516,13921600
2018-02-05T03:00:00Z,69.25,69.75,69.25,69.75,65.2015151977539,26726500
2018-02-06T03:00:00Z,68.5,69.25,67.25,69.25,64.73412322998047,89197600
2018-02-07T03:00:00Z,69.5,69.75,68.75,69,64.50041961669922,35689400
2018-02-08T03:00:00Z,69,69.25,68.5,68.75,64.2667236328125,24638600
2018-02-09T03:00:00Z,68,68.25,67.25,67.75,63.33193588256836,74647700
2018-02-12T03:00:00Z,67.75,68.25,67.25,67.5,63.098236083984375,60287400
2018-02-13T03:00:00Z,67.75,69,67.25,68.75,64.2667236328125,52994400
2018-02-14T03:00:00Z,69.25,70,69.25,69.25,64.73412322998047,43254600
2018-02-15T03:00:00Z,69.75,69.75,69.25,69.25,64.73412322998047,24987500
2018-02-16T03:00:00Z,69.5,69.5,68.75,68.75,64.2667236328125,20776300
2018-02-19T03:00:00Z,69,69.5,68.75,69.25,64.73412322998047,26699700
2018-02-20T03:00:00Z,69.25,69.5,68.5,68.5,64.03302764892578,23135000
2018-02-21T03:00:00Z,68.75,69,67.75,68,63.56563186645508,31132000
2018-02-22T03:00:00Z,67.75,68,67,67.75,63.33193588256836,46962700
2018-02-23T03:00:00Z,67.75,69,67.75,68.75,64.2667236328125,27669400
2018-02-26T03:00:00Z,69,71.5,68.75,71.25,66.60369873046875,65017400
2018-02-27T03:00:00Z,72,72.25,70.75,70.75,66.13630676269531,93106200
2018-02-28T03:00:00Z,70.5,71.5,70.25,70.75,66.13630676269531,44256900
2018-03-02T03:00:00Z,70.25,70.5,69,69.5,64.96781158447266,39297800
2018-03-05T03:00:00Z,69,69.5,68.5,69,64.50041961669922,35993800
2018-03-06T03:00:00Z,68.75,68.75,68.75,68.75,64.2667236328125,2799800
2018-03-07T03:00:00Z,68.5,68.75,68,68.25,63.799339294433594,22358900
2018-03-08T03:00:00Z,68,69.25,68,68,63.56563186645508,33334200
2018-03-09T03:00:00Z,68,68.25,67,67.5,63.098236083984375,42433000
2018-03-12T03:00:00Z,68,68.5,67.75,68.5,64.03302764892578,23495900
2018-03-13T03:00:00Z,68.25,68.75,67.75,68.5,64.03302764892578,19493000
2018-03-14T03:00:00Z,68.25,69,67.75,68,63.56563186645508,25482000
2018-03-15T03:00:00Z,68,68.25,67.75,67.75,63.33193588256836,19164200
2018-03-16T03:00:00Z,67.5,68,67.5,68,63.56563186645508,18893100
2018-03-19T03:00:00Z,68,68.25,67.5,67.75,63.33193588256836,20205300
2018-03-20T03:00:00Z,67.75,68,67.5,67.75,63.33193588256836,15022100
2018-03-21T03:00:00Z,68,69,67.75,68.5,64.03302764892578,33520600
2018-03-22T03:00:00Z,68.75,69,68,68,63.56563186645508,19540800
2018-03-23T03:00:00Z,67.75,68,67.5,68,63.56563186645508,23326300
2018-03-26T03:00:00Z,67.75,68,67.5,67.75,63.33193588256836,12771500
2018-03-27T03:00:00Z,68,68.25,67.5,67.75,63.33193588256836,11238200
2018-03-28T03:00:00Z,67.75,68,67.5,67.75,63.33193588256836,12780200
2018-03-29T03:00:00Z,67.5,67.5,65.5,66,61.69606018066406,99647000
2018-03-30T03:00:00Z,66.5,67.5,66,67.5,63.098236083984375,32113200
2018-04-02T03:00:00Z,67.25,67.5,66.75,67.5,63.098236083984375,9723300
2018-04-03T03:00:00Z,67.5,69.75,67.25,69.5,64.96781158447266,60402400
2018-04-04T03:00:00Z,69.75,70.75,68.5,68.5,64.03302764892578,56665700
2018-04-05T03:00:00Z,69,69.75,68.75,69.75,65.2015151977539,27810400
2018-04-09T03:00:00Z,70,70.75,69.75,70.5,65.90260314941406,38962400
2018-04-10T03:00:00Z,71,72,70.25,72,67.30477905273438,46229500
2018-04-11T03:00:00Z,71.75,72,71,71.25,66.60369873046875,19067000
2018-04-12T03:00:00Z,71.5,71.5,70.5,71,66.3699951171875,9819600
2018-04-17T03:00:00Z,70.75,71.25,69.25,70,65.43521881103516,24110400
2018-04-18T03:00:00Z,70,70.25,69.75,70.25,65.66890716552734,15774600
2018-04-19T03:00:00Z,70.5,70.75,69.5,70.25,65.66890716552734,22515800
2018-04-20T03:00:00Z,70.25,70.5,69.75,70,65.43521881103516,14645500
2018-04-23T03:00:00Z,70,72,70,71,66.3699951171875,49030600
2018-04-24T03:00:00Z,71,71.5,70.25,70.5,65.90260314941406,28212800
2018-04-25T03:00:00Z,70.25,71.25,70.25,70.75,66.13630676269531,22353800
2018-04-26T03:00:00Z,71,71.25,70.75,71,66.3699951171875,15442700
2018-04-27T03:00:00Z,71,71.75,70.75,71.75,67.07109832763672,29858300
2018-04-30T03:00:00Z,71.75,72.25,71,71.25,66.60369873046875,69177800
2018-05-02T03:00:00Z,71,71.75,70.5,71.5,66.83739471435547,31751900
2018-05-03T03:00:00Z,71.75,72.25,71.5,71.5,66.83739471435547,30945400
2018-05-04T03:00:00Z,71.5,71.75,71,71,66.3699951171875,19825400
2018-05-07T03:00:00Z,71.25,71.5,71,71,66.3699951171875,10469500
2018-05-08T03:00:00Z,70.75,71.25,69.5,69.75,65.2015151977539,27200700
2018-05-09T03:00:00Z,69.75,70.5,69.5,70.25,65.66890716552734,14540900
2018-05-10T03:00:00Z,70.25,70.75,69.75,70.25,65.66890716552734,11093200
2018-05-11T03:00:00Z,70.25,71.25,70.25,71.25,66.60369873046875,15495800
2018-05-14T03:00:00Z,71.25,71.75,71,71.5,66.83739471435547,13777500
2018-05-15T03:00:00Z,71.5,71.5,70.5,71,66.3699951171875,9189200
2018-05-16T03:00:00Z,71,71,70,70,65.43521881103516,13855400
2018-05-17T03:00:00Z,70.25,71,70.25,70.5,65.90260314941406,15574200
2018-05-18T03:00:00Z,70.25,70.25,69.25,69.75,65.2015151977539,38975200
2018-05-21T03:00:00Z,70,70.25,69.25,69.5,64.96781158447266,22197000
2018-05-22T03:00:00Z,69.5,69.75,68.75,69,64.50041961669922,19517000
2018-05-23T03:00:00Z,68.75,69.25,68.5,68.75,64.2667236328125,11752000
2018-05-24T03:00:00Z,68.5,69,68.5,69,64.50041961669922,11994400
2018-05-25T03:00:00Z,68.75,69,68,69,64.50041961669922,31610000
2018-05-28T03:00:00Z,69,69.25,68,68.25,63.799339294433594,14943500
2018-05-30T03:00:00Z,67.5,67.75,67,67.5,63.098236083984375,31339800
2018-05-31T03:00:00Z,67.5,69,67,68.5,64.03302764892578,40154000
2018-06-01T03:00:00Z,68.5,68.75,68,68.5,64.03302764892578,10417800
2018-06-04T03:00:00Z,68.5,70.25,68.25,69.75,65.2015151977539,26688000
2018-06-05T03:00:00Z,69.75,69.75,69,69.75,65.2015151977539,21112900
2018-06-06T03:00:00Z,70,70,69.5,69.75,65.2015151977539,9214700
2018-06-07T03:00:00Z,69.75,70,68.75,69,64.50041961669922,18146000
2018-06-08T03:00:00Z,69,69,68.25,68.5,64.03302764892578,15685500
2018-06-11T03:00:00Z,68.25,68.5,68,68.25,63.799339294433594,11550000
2018-06-12T03:00:00Z,68.5,69,68.25,68.25,63.799339294433594,13457100
2018-06-13T03:00:00Z,68.25,68.25,67.25,67.5,63.098236083984375,26211000
2018-06-14T03:00:00Z,67.5,68,67,67.25,62.864540100097656,29935100
2018-06-15T03:00:00Z,67,67.5,66,67.25,62.864540100097656,42578000
2018-06-18T03:00:00Z,67,67.25,66.5,66.75,62.39714431762695,21854300
2018-06-19T03:00:00Z,66.75,67,64.5,65,60.761268615722656,67552100
2018-06-20T03:00:00Z,65.25,65.75,64.75,65.25,60.99496078491211,36763700
2018-06-21T03:00:00Z,65.5,65.75,63.75,64.25,60.060176849365234,35863600
2018-06-22T03:00:00Z,64.25,65.5,64,65,60.761268615722656,26237800
2018-06-25T03:00:00Z,64.75,65,64,64,59.82647705078125,19320200
2018-06-26T03:00:00Z,63.5,64,62.25,64,59.82647705078125,33721600
2018-06-27T03:00:00Z,64.5,64.5,62.75,63,58.89168930053711,28356900
2018-06-28T03:00:00Z,63,64,62.75,63,58.89168930053711,39774900
2018-06-29T03:00:00Z,63,63.75,61.75,63,58.89168930053711,46993600
2018-07-02T03:00:00Z,63,65.25,63,64.75,60.52756881713867,23534000
2018-07-03T03:00:00Z,64.5,66.75,64.25,66.25,61.929752349853516,25814600
2018-07-04T03:00:00Z,66.5,68,66.25,67,62.63084030151367,35240800
2018-07-05T03:00:00Z,67,67,65.5,66.5,62.163455963134766,24245400
2018-07-06T03:00:00Z,66.25,67.25,65.25,66.5,62.163455963134766,26213800
2018-07-09T03:00:00Z,67,68,66.5,66.5,62.163455963134766,20269000
2018-07-10T03:00:00Z,66.75,67,64.25,65.5,61.22866439819336,43425900
2018-07-11T03:00:00Z,64.5,65.25,64.25,64.75,60.52756881713867,26411400
2018-07-12T03:00:00Z,64.75,65.5,64.5,64.75,60.52756881713867,16706100
2018-07-13T03:00:00Z,65,65.75,64.75,65,60.761268615722656,17757400
2018-07-16T03:00:00Z,65,65,62.75,63.25,59.12538146972656,42095300
2018-07-17T03:00:00Z,63,63,60,61.5,57.489501953125,75425100
2018-07-18T03:00:00Z,62,62.25,60.75,61,57.0221061706543,43382400
2018-07-19T03:00:00Z,61.25,63.5,60.75,63,58.89168930053711,43009000
2018-07-20T03:00:00Z,63.25,65,62.75,64.25,60.060176849365234,35959300
2018-07-23T03:00:00Z,64.25,64.75,63.5,64,59.82647705078125,15420400
2018-07-24T03:00:00Z,64.75,65.75,64.25,65.75,61.46236038208008,38017600
2018-07-25T03:00:00Z,65.75,66.5,65.5,65.75,61.46236038208008,34889600
2018-07-26T03:00:00Z,66.25,66.75,65.75,66,61.69606018066406,22460900
2018-07-31T03:00:00Z,66.25,66.75,65.75,66.25,61.929752349853516,26064800
2018-08-01T03:00:00Z,66.25,67,66,67,62.63084030151367,31997400
2018-08-02T03:00:00Z,66.5,66.75,65.25,66,61.69606018066406,28708700
2018-08-03T03:00:00Z,66,66.5,65.75,66.25,61.929752349853516,13137700
2018-08-06T03:00:00Z,66.5,66.5,65.25,65.25,60.99496078491211,20081300
2018-08-07T03:00:00Z,65.5,66.25,65.25,65.5,61.22866439819336,13441800
2018-08-08T03:00:00Z,65.25,66.25,65.25,66.25,61.929752349853516,14584700
2018-08-09T03:00:00Z,66.25,66.5,65.5,65.5,61.22866439819336,16403500
2018-08-10T03:00:00Z,65.5,66,65.25,65.5,61.22866439819336,16363600
2018-08-14T03:00:00Z,65.25,65.5,64.5,65.5,61.22866439819336,22802000
2018-08-15T03:00:00Z,65,65.25,64.75,64.75,60.52756881713867,15651000
2018-08-16T03:00:00Z,64.75,65,64,64.75,60.52756881713867,20924500
2018-08-17T03:00:00Z,65,65.5,64.5,64.5,60.29387283325195,18551900
2018-08-20T03:00:00Z,65,65.5,64.75,65,60.761268615722656,16737500
2018-08-21T03:00:00Z,65,66.5,65,65.5,61.22866439819336,39608300
2018-08-22T03:00:00Z,65.75,66.25,65.25,65.5,61.22866439819336,14677900
2018-08-23T03:00:00Z,66,66.5,65.75,66,61.69606018066406,19237200
2018-08-24T03:00:00Z,65.75,66.25,65.5,65.75,61.46236038208008,12803800
2018-08-27T03:00:00Z,66.25,66.5,66,66.25,61.929752349853516,13689900
2018-08-28T03:00:00Z,66.25,66.5,66,66,61.69606018066406,32377500
2018-08-29T03:00:00Z,66.25,66.5,66,66.25,61.929752349853516,12411900
2018-08-30T03:00:00Z,66.25,67,66.25,66.5,62.163455963134766,30282000
2018-08-31T03:00:00Z,66,66.75,66,66.75,62.39714431762695,15581100
2018-09-03T03:00:00Z,66.75,67,66.25,66.5,62.163455963134766,11078500
2018-09-04T03:00:00Z,66.75,66.75,65.25,65.5,61.22866439819336,25136300
2018-09-05T03:00:00Z,65,65.5,64.5,65,60.761268615722656,19137900
2018-09-06T03:00:00Z,65,65.75,64.5,65.5,61.22866439819336,23418700
2018-09-07T03:00:00Z,65.25,65.5,64.5,64.75,60.52756881713867,14212900
2018-09-10T03:00:00Z,64.5,64.75,64,64.25,60.060176849365234,17119800
2018-09-11T03:00:00Z,64.5,65,62,62,57.95690155029297,66091000
2018-09-12T03:00:00Z,61.5,62.5,60.75,62.25,58.19059753417969,43421400
2018-09-13T03:00:00Z,63,65.25,62.75,64.5,60.29387283325195,43116300
2018-09-14T03:00:00Z,64.75,65.25,64.5,64.5,60.29387283325195,19510800
2018-09-17T03:00:00Z,64.5,64.75,64,64.5,60.29387283325195,16742200
2018-09-18T03:00:00Z,64.25,66.5,64.25,66,61.69606018066406,33327200
2018-09-19T03:00:00Z,66.25,66.75,66,66,61.69606018066406,29301700
2018-09-20T03:00:00Z,66.25,66.75,66.25,66.25,61.929752349853516,15907800
2018-09-21T03:00:00Z,66.5,67.25,66,66.5,62.163455963134766,56163900
2018-09-24T03:00:00Z,66.25,66.5,66,66,61.69606018066406,8575300
2018-09-25T03:00:00Z,66.25,66.75,66,66.5,62.163455963134766,11714100
2018-09-26T03:00:00Z,66.25,66.5,64.5,65,60.761268615722656,50786800
2018-09-27T03:00:00Z,64.75,65.5,64.25,65.25,60.99496078491211,33308300
2018-09-28T03:00:00Z,65.25,65.5,64.75,65.5,61.22866439819336,18841400
2018-10-01T03:00:00Z,65.5,65.75,64.75,65,60.761268615722656,15439700
2018-10-02T03:00:00Z,64.75,65,64,64.5,60.29387283325195,33194600
2018-10-03T03:00:00Z,64.75,64.75,64.25,64.25,60.060176849365234,11223600
2018-10-04T03:00:00Z,64.25,64.5,63.25,63.5,59.35908126831055,23775600
2018-10-05T03:00:00Z,63,63.5,62.75,63,58.89168930053711,21689400
2018-10-08T03:00:00Z,63,63.5,62,62.25,58.19059753417969,21429700
2018-10-09T03:00:00Z,62.5,62.75,62,62.25,58.19059753417969,16787000
2018-10-10T03:00:00Z,62.5,63.25,62.5,63,58.89168930053711,12740800
2018-10-11T03:00:00Z,61.75,62.5,61.25,62.5,58.424293518066406,38048400
2018-10-12T03:00:00Z,62.75,64,62.5,63.5,59.35908126831055,19551100
2018-10-16T03:00:00Z,63.5,63.75,63,63.5,59.35908126831055,16600700
2018-10-17T03:00:00Z,64,64,62.75,62.75,58.65799331665039,18094800
2018-10-18T03:00:00Z,62.75,63,61.75,62,57.95690155029297,30296500
2018-10-19T03:00:00Z,61.75,62,60,61,57.0221061706543,59532500
2018-10-22T03:00:00Z,61,61.5,60.75,61.5,57.489501953125,17431700
2018-10-24T03:00:00Z,61,61.5,60.5,61,57.0221061706543,31480400
2018-10-25T03:00:00Z,60.5,62,60,61.75,57.72319793701172,42985000
2018-10-26T03:00:00Z,61.25,61.75,60.5,61,57.0221061706543,23661100
2018-10-29T03:00:00Z,61.25,62.5,61.25,62.25,58.19059753417969,28607500
2018-10-30T03:00:00Z,62.25,62.75,61.75,62.5,58.424293518066406,11630400
2018-10-31T03:00:00Z,62.75,64,62.5,64,59.82647705078125,45015200
2018-11-01T03:00:00Z,64,64.25,63.5,63.75,59.59278106689453,26293200
2018-11-02T03:00:00Z,64,64.75,63.75,64.25,60.060176849365234,25101600
2018-11-05T03:00:00Z,63.75,64.5,63.5,64.5,60.29387283325195,13146000
2018-11-06T03:00:00Z,64.75,65.5,64.5,65.25,60.99496078491211,56852800
2018-11-07T03:00:00Z,65.25,65.25,64.5,65,60.761268615722656,27463100
2018-11-08T03:00:00Z,65.5,66,65.25,65.5,61.22866439819336,31688800
2018-11-09T03:00:00Z,65.25,65.5,64.5,65,60.761268615722656,11943500
2018-11-12T03:00:00Z,65,65.25,64.25,64.75,60.52756881713867,10642200
2018-11-13T03:00:00Z,64.25,65.25,64,65.25,60.99496078491211,16249200
2018-11-14T03:00:00Z,65.25,65.5,64.75,65.5,61.22866439819336,13778100
2018-11-15T03:00:00Z,65.5,65.5,64.75,64.75,60.52756881713867,10939900
2018-11-16T03:00:00Z,64.75,65.25,64.5,64.5,60.29387283325195,9957900
2018-11-19T03:00:00Z,64.5,65.5,64.5,65.25,60.99496078491211,15614400
2018-11-20T03:00:00Z,64.75,65,64,64,59.82647705078125,15931200
2018-11-21T03:00:00Z,63.5,63.75,62.5,63,58.89168930053711,35533900
2018-11-22T03:00:00Z,61.5,62,61,61.5,57.489501953125,44512700
2018-11-23T03:00:00Z,61.5,63.25,61.25,63,58.89168930053711,24218700
2018-11-26T03:00:00Z,63,63.75,62.25,63.75,59.59278106689453,13162200
2018-11-27T03:00:00Z,63.5,64,63.25,63.25,59.12538146972656,10519100
2018-11-28T03:00:00Z,63.5,64.25,63.5,64.25,60.060176849365234,15794900
2018-11-29T03:00:00Z,64.25,65,64.25,64.75,60.52756881713867,13864500
2018-11-30T03:00:00Z,64.75,65,63.5,63.75,59.59278106689453,28329400
2018-12-03T03:00:00Z,65.25,65.75,65,65.75,61.46236038208008,32879600
2018-12-04T03:00:00Z,65.75,66,65.25,66,61.69606018066406,24073700
2018-12-06T03:00:00Z,65,65.5,64.75,65.25,60.99496078491211,26664700
2018-12-07T03:00:00Z,65.5,65.75,65,65.25,60.99496078491211,8359400
2018-12-11T03:00:00Z,65.5,65.5,63.25,63.5,59.35908126831055,28981600
2018-12-12T03:00:00Z,63.5,64.75,63.5,64.5,60.29387283325195,19827600
2018-12-13T03:00:00Z,64.25,64.5,63.25,63.25,60.10382080078125,12932400
2018-12-14T03:00:00Z,63.5,63.75,62.5,63,59.86625289916992,14137100
2018-12-17T03:00:00Z,63,63.75,63,63.25,60.10382080078125,14612400
2018-12-18T03:00:00Z,63,63.5,62,62.75,59.628692626953125,28948300
2018-12-19T03:00:00Z,62.75,64,62.25,63.75,60.57894515991211,22566400
2018-12-20T03:00:00Z,63.25,64.5,63.25,64.5,61.29164123535156,15332500
2018-12-21T03:00:00Z,63.75,65.25,63.75,64.5,61.29164123535156,23184100
2018-12-24T03:00:00Z,64.25,65.75,64.25,65,61.76677322387695,23454000
2018-12-25T03:00:00Z,64,64.25,62.5,62.75,59.628692626953125,20588900
2018-12-26T03:00:00Z,62.75,64,62.75,64,60.81651306152344,12024100
2018-12-27T03:00:00Z,64.75,65,63,63.25,60.10382080078125,23784700
2018-12-28T03:00:00Z,63.25,64.25,63.25,64.25,61.054080963134766,13762400
2019-01-02T03:00:00Z,64.75,64.75,64.25,64.25,61.054080963134766,10022000
2019-01-03T03:00:00Z,64.75,64.75,63,63.5,60.34138488769531,17587200
2019-01-04T03:00:00Z,63.5,64.5,63.25,64.5,61.29164123535156,13012700
2019-01-07T03:00:00Z,64.5,65,63.75,64.25,61.054080963134766,23352600
2019-01-08T03:00:00Z,64.5,65.25,64.25,64.75,61.529205322265625,21696800
2019-01-09T03:00:00Z,65.5,66,65.5,66,62.7170295715332,33902300
2019-01-10T03:00:00Z,65.75,66.25,65.5,66,62.7170295715332,41617000
2019-01-11T03:00:00Z,66.25,68.75,66.25,68.5,65.09268188476562,58713700
2019-01-14T03:00:00Z,68.5,69.25,67.75,68.25,64.85511016845703,32633000
2019-01-15T03:00:00Z,68.25,68.5,66.25,66.5,63.192161560058594,36927400
2019-01-16T03:00:00Z,66.75,68.25,66.25,67.75,64.3799819946289,30224000
2019-01-17T03:00:00Z,68.25,69,67.75,67.75,64.3799819946289,35445200
2019-01-18T03:00:00Z,68,68.5,67.5,68.5,65.09268188476562,16159900
2019-01-21T03:00:00Z,68.75,69,68.25,68.5,65.09268188476562,12596500
2019-01-22T03:00:00Z,68.5,68.75,68.25,68.5,65.09268188476562,17083200
2019-01-23T03:00:00Z,68.5,69.75,68.25,69.25,65.80536651611328,43969700
2019-01-24T03:00:00Z,69.25,69.75,67.75,68.25,64.85511016845703,37019300
2019-01-25T03:00:00Z,68.25,68.75,68,68.5,65.09268188476562,12127200
2019-01-28T03:00:00Z,68.75,69.25,68.5,68.5,65.09268188476562,20607600
2019-01-29T03:00:00Z,68.5,69,68.25,68.75,65.33023834228516,14596600
2019-01-30T03:00:00Z,69.25,69.75,68.75,69.75,66.2804946899414,20005300
2019-01-31T03:00:00Z,70,70,68.75,69,65.56780242919922,30244500
2019-02-01T03:00:00Z,69,70,68.75,69.75,66.2804946899414,24703000
2019-02-04T03:00:00Z,69.75,70,69,69.25,65.80536651611328,12622500
2019-02-05T03:00:00Z,69,70,69,70,66.51807403564453,10037700
2019-02-06T03:00:00Z,70,70.5,69.5,69.5,66.04293823242188,17886800
2019-02-07T03:00:00Z,69.75,70.25,68.75,69,65.56780242919922,22696500
2019-02-08T03:00:00Z,68.75,69.25,68,69,65.56780242919922,34891400
2019-02-11T03:00:00Z,68.5,68.75,68,68,64.6175537109375,15419700
2019-02-12T03:00:00Z,67.75,68.5,67.5,68,64.6175537109375,19992500
2019-02-13T03:00:00Z,68.5,69.25,68.25,69,65.56780242919922,15452100
2019-02-14T03:00:00Z,69,69.25,68.5,68.75,65.33023834228516,9254700
2019-02-15T03:00:00Z,68.5,68.5,67,67.25,63.904850006103516,34020200
2019-02-18T03:00:00Z,67.5,67.75,67,67,63.667293548583984,19685600
2019-02-20T03:00:00Z,67.75,68.75,67.25,68.5,65.09268188476562,28011300
2019-02-21T03:00:00Z,68.75,69,68.25,68.5,65.09268188476562,16464400
2019-02-22T03:00:00Z,68.25,69.5,68.25,68.75,65.33023834228516,25714300
2019-02-25T03:00:00Z,69,69.5,68.5,69,65.56780242919922,20400000
2019-02-26T03:00:00Z,68.75,69.25,68.5,69,65.56780242919922,17087500
2019-02-27T03:00:00Z,68.75,69,68.5,68.75,65.33023834228516,12274100
2019-02-28T03:00:00Z,68.5,68.5,67.25,67.5,64.14241790771484,38502600
2019-03-01T03:00:00Z,67.75,68.25,67.25,67.5,64.14241790771484,14089000
2019-03-04T03:00:00Z,67.5,67.75,66.5,66.75,63.429718017578125,25415200
2019-03-05T03:00:00Z,66.75,67.75,66,67.25,63.904850006103516,24827700
2019-03-06T03:00:00Z,67.75,68.25,67.25,67.75,64.3799819946289,24975000
2019-03-07T03:00:00Z,67.5,68,67.25,67.75,64.3799819946289,12072400
2019-03-08T03:00:00Z,67.75,68.25,67.25,67.75,64.3799819946289,10710200
2019-03-11T03:00:00Z,67.75,68,67.25,67.75,64.3799819946289,12831500
2019-03-12T03:00:00Z,67.75,68,67,67,63.667293548583984,10680500
2019-03-13T03:00:00Z,67,68.75,67,68.75,65.33023834228516,27688300
2019-03-14T03:00:00Z,69,69.25,68.5,69,65.56780242919922,18796100
2019-03-15T03:00:00Z,69,69.25,68,68,64.6175537109375,23432700
2019-03-18T03:00:00Z,67.75,68,66.75,67,63.667293548583984,25104200
2019-03-19T03:00:00Z,67,68.5,67,67.75,64.3799819946289,19145000
2019-03-20T03:00:00Z,67.75,68.25,67.5,67.5,64.14241790771484,13943100
2019-03-21T03:00:00Z,67.75,68.25,67.5,67.75,64.3799819946289,12581200
2019-03-22T03:00:00Z,67.75,68.5,67.75,68.25,64.85511016845703,17857800
2019-03-25T03:00:00Z,67.75,68,67,67.75,64.3799819946289,21995900
2019-03-26T03:00:00Z,67.5,67.75,67.25,67.75,64.3799819946289,18307500
2019-03-27T03:00:00Z,68,68,67.25,67.5,64.14241790771484,15359800
2019-03-28T03:00:00Z,67.5,68.25,67.25,67.75,64.3799819946289,18095600
2019-03-29T03:00:00Z,68,68.25,67.5,68,64.6175537109375,14567500
2019-04-01T03:00:00Z,68.25,68.25,67.25,67.25,63.904850006103516,15614000
2019-04-02T03:00:00Z,68.25,68.25,67.25,67.5,64.14241790771484,17979100
2019-04-03T03:00:00Z,67.75,68,67.25,67.5,64.14241790771484,13177000
2019-04-04T03:00:00Z,67.5,67.75,67,67.25,63.904850006103516,11838600
2019-04-05T03:00:00Z,67.25,67.75,67,67.25,63.904850006103516,8153900
2019-04-09T03:00:00Z,67.25,68.25,67.25,68,64.6175537109375,17679900
2019-04-10T03:00:00Z,68,68.5,67.75,68.25,64.85511016845703,16305500
2019-04-11T03:00:00Z,68.5,68.5,68,68,64.6175537109375,8495400
2019-04-12T03:00:00Z,68.25,68.5,67.75,68.25,64.85511016845703,13816300
2019-04-17T03:00:00Z,68.25,68.5,68,68.5,65.09268188476562,12884400
2019-04-18T03:00:00Z,68.5,68.75,68,68.75,65.33023834228516,26834800
2019-04-19T03:00:00Z,68.75,69.5,68.5,69,65.56780242919922,31310100
2019-04-22T03:00:00Z,69.25,69.5,68.5,68.5,65.09268188476562,18660100
2019-04-23T03:00:00Z,68.5,69,68.5,68.5,65.09268188476562,11369500
2019-04-24T03:00:00Z,68.5,68.75,68,68.25,64.85511016845703,8078700
2019-04-25T03:00:00Z,68.25,68.75,68,68,64.6175537109375,13982300
2019-04-26T03:00:00Z,68,68.5,67.75,68,64.6175537109375,13382000
2019-04-29T03:00:00Z,68,68.5,68,68,64.6175537109375,8716300
2019-04-30T03:00:00Z,68.25,68.75,68,68.5,65.09268188476562,16952800
2019-05-02T03:00:00Z,68.75,69,68.5,68.75,65.33023834228516,17593200
2019-05-03T03:00:00Z,68.75,69.25,68.75,69.25,65.80536651611328,11423600
2019-05-07T03:00:00Z,68.75,69,68.5,68.5,65.09268188476562,13581500
2019-05-08T03:00:00Z,68.25,68.75,68,68.25,64.85511016845703,13137200
2019-05-09T03:00:00Z,68.25,68.5,67.5,67.75,64.3799819946289,16735500
2019-05-10T03:00:00Z,68,68.25,67.5,67.75,64.3799819946289,13658400
2019-05-13T03:00:00Z,67.75,68.25,67.5,68.25,64.85511016845703,12200000
2019-05-14T03:00:00Z,67.75,68,67.5,68,64.6175537109375,15978200
2019-05-15T03:00:00Z,68,68.25,67.5,67.5,64.14241790771484,11098500
2019-05-16T03:00:00Z,67.5,68,67.25,68,64.6175537109375,15938800
2019-05-17T03:00:00Z,68.25,68.25,67.25,67.25,63.904850006103516,21730000
2019-05-21T03:00:00Z,67,67.5,66.25,66.75,63.429718017578125,28503100
2019-05-22T03:00:00Z,67,67.5,66.5,66.75,63.429718017578125,14422200
2019-05-23T03:00:00Z,66.75,67.25,66.25,66.75,63.429718017578125,25425900
2019-05-24T03:00:00Z,66.25,66.5,65.25,65.75,62.479461669921875,42533100
2019-05-27T03:00:00Z,65.75,66.5,64.5,66.5,63.192161560058594,45920500
2019-05-28T03:00:00Z,66.25,67,66,67,63.667293548583984,41696900
2019-05-29T03:00:00Z,66.75,67,66.25,66.5,63.192161560058594,13208400
2019-05-30T03:00:00Z,67,67.25,66.25,66.5,63.192161560058594,16350900
2019-05-31T03:00:00Z,66.5,67,62.75,63.75,60.57894515991211,153207900
2019-06-04T03:00:00Z,64,65.25,63.75,65,61.76677322387695,54809300
2019-06-05T03:00:00Z,65.75,65.75,64.5,64.75,61.529205322265625,28534400
2019-06-06T03:00:00Z,64.75,65.5,64.5,65,61.76677322387695,24613100
2019-06-07T03:00:00Z,65.25,66,65,66,62.7170295715332,20259300
2019-06-10T03:00:00Z,66.25,66.75,65.75,66,62.7170295715332,35110100
2019-06-11T03:00:00Z,66,66.75,65.5,66.25,62.954593658447266,25413900
2019-06-12T03:00:00Z,66.25,66.75,66,66.5,63.192161560058594,9432500
2019-06-13T03:00:00Z,66.25,67,66,66.5,63.192161560058594,15980500
2019-06-14T03:00:00Z,66.5,66.75,66.25,66.75,63.429718017578125,11464500
2019-06-17T03:00:00Z,66.75,67,66.25,66.5,63.192161560058594,14447000
2019-06-18T03:00:00Z,66.25,68,66.25,68,64.6175537109375,46459400
2019-06-19T03:00:00Z,68.75,74.75,68.25,73.75,70.08153533935547,316825600
2019-06-20T03:00:00Z,74.25,75,73.5,74.25,70.5566635131836,76366100
2019-06-21T03:00:00Z,74.5,75,74,74.5,70.79422760009766,53254900
2019-06-24T03:00:00Z,75,76.25,75,75.5,71.74447631835938,55190700
2019-06-25T03:00:00Z,75.5,75.75,74.75,75,71.26935577392578,42381600
2019-06-26T03:00:00Z,74.5,74.75,73.5,74,70.31909942626953,55651700
2019-06-27T03:00:00Z,74,74.5,73.75,74,70.31909942626953,24223200
2019-06-28T03:00:00Z,73.75,74.25,73.5,73.5,69.84395599365234,25800300
2019-07-01T03:00:00Z,74.25,74.5,74,74.25,70.5566635131836,25945300
2019-07-02T03:00:00Z,74,74.5,73.5,74,70.31909942626953,14556800
2019-07-03T03:00:00Z,74.25,75,74.25,75,71.26935577392578,21896800
2019-07-04T03:00:00Z,75,75.25,74,74.25,70.5566635131836,28336000
2019-07-05T03:00:00Z,74.75,75,74.5,74.75,71.03179168701172,14766200
2019-07-08T03:00:00Z,74.25,74.5,73.75,74,70.31909942626953,18316900
2019-07-09T03:00:00Z,73.5,74.25,73.5,73.5,69.84395599365234,16444800
2019-07-10T03:00:00Z,73.75,74.5,73.25,74.25,70.5566635131836,26014100
2019-07-11T03:00:00Z,74.5,74.5,73.75,73.75,70.08153533935547,10931900
2019-07-12T03:00:00Z,74,74.25,73.25,74,70.31909942626953,14659800
2019-07-15T03:00:00Z,74,74.25,73.75,73.75,70.08153533935547,8628100
2019-07-17T03:00:00Z,73.75,74,73.5,73.5,69.84395599365234,11195000
2019-07-18T03:00:00Z,73.5,73.75,72.5,73,69.36883544921875,24234200
2019-07-19T03:00:00Z,73.5,74,72.75,72.75,69.13127136230469,13484900
2019-07-22T03:00:00Z,72.5,72.75,71.25,71.5,67.94344329833984,32674300
2019-07-23T03:00:00Z,71.5,72.75,71.5,72.25,68.6561508178711,23599000
2019-07-24T03:00:00Z,72.25,72.75,72,72.25,68.6561508178711,19738400
2019-07-25T03:00:00Z,72.25,72.25,71.5,72,68.4185791015625,19122400
2019-07-26T03:00:00Z,71.75,72,71.25,71.75,68.18101501464844,11825200
2019-07-30T03:00:00Z,72,72,71.25,72,68.4185791015625,13190800
2019-07-31T03:00:00Z,71.75,72.25,71.5,72,68.4185791015625,12864000
2019-08-01T03:00:00Z,71.5,72,71.25,71.75,68.18101501464844,13525400
2019-08-02T03:00:00Z,70.5,71,69.25,70.75,67.23075866699219,66051300
2019-08-05T03:00:00Z,69.5,70.5,69.25,69.5,66.04293823242188,35613200
2019-08-06T03:00:00Z,69,69.75,69,69.25,65.80536651611328,41961800
2019-08-07T03:00:00Z,69.25,70.25,68.5,69.5,66.04293823242188,28198800
2019-08-08T03:00:00Z,69.5,71.25,69.5,71,67.46831512451172,26483200
2019-08-09T03:00:00Z,71.5,71.5,69.5,69.75,66.2804946899414,18692100
2019-08-13T03:00:00Z,69.25,70,67.25,67.25,63.904850006103516,45881200
2019-08-14T03:00:00Z,68,69,68,68.75,65.33023834228516,28349900
2019-08-15T03:00:00Z,68.5,70.25,67.75,69.5,66.04293823242188,45594100
2019-08-16T03:00:00Z,69.25,70.75,69.25,70.5,66.9931869506836,28443600
2019-08-19T03:00:00Z,71,71.75,70.75,71.5,67.94344329833984,27436400
2019-08-20T03:00:00Z,71.75,72,70,70.25,66.75563049316406,33899200
2019-08-21T03:00:00Z,70.25,71,70.25,70.25,66.75563049316406,20258000
2019-08-22T03:00:00Z,69.75,70.25,69.5,70.25,66.75563049316406,19688000
2019-08-23T03:00:00Z,70.5,71,70.25,71,67.46831512451172,14251500
2019-08-26T03:00:00Z,69.75,70.75,69.5,70.5,66.9931869506836,16142000
2019-08-27T03:00:00Z,70.25,71.5,70,71,67.46831512451172,32556400
2019-08-28T03:00:00Z,71,71.5,70.5,71.25,67.70587921142578,17674100
2019-08-29T03:00:00Z,71.25,71.75,71,71.25,67.70587921142578,11072300
2019-08-30T03:00:00Z,71.75,72.5,71,72,68.4185791015625,31340200
2019-09-02T03:00:00Z,72,73,72,72.5,68.89370727539062,26939200
2019-09-03T03:00:00Z,72.5,72.75,72,72,68.4185791015625,16358500
2019-09-04T03:00:00Z,72.25,74.5,72.25,74.25,70.5566635131836,50565600
2019-09-05T03:00:00Z,74.75,75.25,74,74.5,70.79422760009766,40885300
2019-09-06T03:00:00Z,74.5,74.75,73.75,74.25,70.5566635131836,17310000
2019-09-09T03:00:00Z,74,74.25,73.75,74.25,70.5566635131836,9358000
2019-09-10T03:00:00Z,74.5,74.75,73.75,74.25,70.5566635131836,16014100
2019-09-11T03:00:00Z,74.5,74.5,74,74.25,70.5566635131836,11774100
2019-09-12T03:00:00Z,74.25,74.25,73,73,69.36883544921875,17554900
2019-09-13T03:00:00Z,72.75,73,72,72,68.4185791015625,22107400
2019-09-16T03:00:00Z,72,73.5,71.75,73.5,69.84395599365234,17273500
2019-09-17T03:00:00Z,73.25,74.25,73,73.5,69.84395599365234,20878100
2019-09-18T03:00:00Z,73.5,74,73,74,70.31909942626953,18641600
2019-09-19T03:00:00Z,74.25,74.75,73.75,74,70.31909942626953,19309700
2019-09-20T03:00:00Z,74,74.25,73.25,73.75,70.08153533935547,19224800
2019-09-23T03:00:00Z,74,74,72,72.5,68.89370727539062,20848300
2019-09-24T03:00:00Z,72.75,73.75,72.75,73,69.36883544921875,12067500
2019-09-25T03:00:00Z,72.75,74.25,72.75,73.75,70.08153533935547,20912000
2019-09-26T03:00:00Z,74.25,74.25,73.5,73.75,70.08153533935547,13333900
2019-09-27T03:00:00Z,73.5,74.5,73.5,74.25,70.5566635131836,20748600
2019-09-30T03:00:00Z,74,75.25,73.75,74.75,71.03179168701172,30101800
2019-10-01T03:00:00Z,75,75.25,74.25,74.25,70.5566635131836,18968900
2019-10-02T03:00:00Z,74,74,72.5,73,69.36883544921875,26127000
2019-10-03T03:00:00Z,72.75,73.75,72.75,73.25,69.60639953613281,14772600
2019-10-04T03:00:00Z,73.5,73.5,73,73.25,69.60639953613281,10641600
2019-10-07T03:00:00Z,73.5,74,73,74,70.31909942626953,11424200
2019-10-08T03:00:00Z,74.5,74.5,73.5,73.75,70.08153533935547,8944300
2019-10-09T03:00:00Z,73.75,74.5,73.5,74.5,70.79422760009766,10744300
2019-10-10T03:00:00Z,74.25,74.5,73.5,73.75,70.08153533935547,9596700
2019-10-11T03:00:00Z,74,75,74,75,71.26935577392578,23816000
2019-10-15T03:00:00Z,75.25,75.5,74.75,75.5,71.74447631835938,17764900
2019-10-16T03:00:00Z,75.75,77.25,75.5,77,73.16986083984375,52013700
2019-10-17T03:00:00Z,77.5,77.75,76.5,77,73.16986083984375,27176500
2019-10-18T03:00:00Z,77,77.5,76,77.25,73.40742492675781,18200000
2019-10-21T03:00:00Z,77.25,77.75,76.5,77,73.16986083984375,10042900
2019-10-22T03:00:00Z,77.25,77.75,76.5,77,73.16986083984375,8359600
2019-10-24T03:00:00Z,77.25,78.25,76.75,78,74.12013244628906,34292300
2019-10-25T03:00:00Z,78,78.25,76,76.25,72.4571762084961,32608700
2019-10-28T03:00:00Z,76.25,77.5,75.75,77.5,73.64498901367188,16444900
2019-10-29T03:00:00Z,77.5,78.75,77.25,78.25,74.3576889038086,29714200
2019-10-30T03:00:00Z,78.5,79,78,78.75,74.83281707763672,19591500
2019-10-31T03:00:00Z,78.75,79.5,78.25,78.25,74.3576889038086,21721000
2019-11-01T03:00:00Z,78,78.75,77.5,78,74.12013244628906,16253300
2019-11-04T03:00:00Z,78.25,80.25,78.25,80,76.02064514160156,31148500
2019-11-05T03:00:00Z,80,80.25,78.5,79.25,75.30793762207031,26693100
2019-11-06T03:00:00Z,79.25,80.5,79,80,76.02064514160156,25905700
2019-11-07T03:00:00Z,80,80.5,79.25,80,76.02064514160156,19693600
2019-11-08T03:00:00Z,79.75,80.75,79.5,80.25,76.25820922851562,11348400
2019-11-11T03:00:00Z,80,80.25,79.25,80,76.02064514160156,16446500
2019-11-12T03:00:00Z,80.25,80.5,79,79.5,75.5455093383789,16357700
2019-11-13T03:00:00Z,79,79.5,78,78.25,74.3576889038086,21827800
2019-11-14T03:00:00Z,78.25,79.25,78,79,75.07038116455078,16115900
2019-11-15T03:00:00Z,79.25,80,79,80,76.02064514160156,11046000
2019-11-18T03:00:00Z,80,81.5,79.5,80.75,76.73332977294922,27237500
2019-11-19T03:00:00Z,80.5,81.75,80.25,81,76.97090148925781,22166800
2019-11-20T03:00:00Z,80.5,80.75,79.75,80.25,76.25820922851562,17375300
2019-11-21T03:00:00Z,80,80.5,79.25,80,76.02064514160156,14100500
2019-11-22T03:00:00Z,80,80.25,79.5,80.25,76.25820922851562,8920700
2019-11-25T03:00:00Z,80,80.5,79.75,80.5,76.49577331542969,11687500
2019-11-26T03:00:00Z,80.5,80.5,78.25,79.25,75.30793762207031,42820000
2019-11-27T03:00:00Z,78.75,78.75,77.75,78.25,74.3576889038086,29480100
2019-11-28T03:00:00Z,77.5,77.5,75.5,75.5,71.74447631835938,65932300
2019-11-29T03:00:00Z,75,75.5,74.75,75.5,71.74447631835938,47477400
2019-12-02T03:00:00Z,75.5,75.5,74,74.75,71.03179168701172,44998000
2019-12-03T03:00:00Z,74.75,75.75,74,74.25,70.5566635131836,42865500
2019-12-04T03:00:00Z,74,75,73.5,74.75,71.03179168701172,23514700
2019-12-06T03:00:00Z,75.5,76,75,75.25,71.50691986083984,27212300
2019-12-09T03:00:00Z,73.25,73.5,72.5,73,69.36883544921875,41112600
2019-12-11T03:00:00Z,73.5,74.75,73.25,74.5,70.79422760009766,25949100
2019-12-12T03:00:00Z,75.25,76,74.5,75.5,72.77009582519531,28637500
2019-12-13T03:00:00Z,76.25,76.5,75.25,75.5,72.77009582519531,14829400
2019-12-16T03:00:00Z,75,75.25,74,74.25,71.56529998779297,16472500
2019-12-17T03:00:00Z,74,74.5,73.25,73.75,71.08338165283203,25186600
2019-12-18T03:00:00Z,73.75,75.25,73.75,75,72.2881851196289,18556500
2019-12-19T03:00:00Z,74.25,75.5,74,75,72.2881851196289,18416000
2019-12-20T03:00:00Z,74.75,75.5,74.5,75.25,72.52914428710938,15689100
2019-12-23T03:00:00Z,75,75.5,75,75,72.2881851196289,9969500
2019-12-24T03:00:00Z,74.5,74.5,73.25,73.25,70.60145568847656,35224900
2019-12-25T03:00:00Z,73.25,74,73,74,71.32433319091797,7225200
2019-12-26T03:00:00Z,73.75,75,73.75,74.75,72.0472183227539,15169700
2019-12-27T03:00:00Z,75.25,75.25,73.75,74.25,71.56529998779297,22607400
2019-12-30T03:00:00Z,74.75,74.75,74.25,74.25,71.56529998779297,9372600
2020-01-02T03:00:00Z,74.5,75.5,74.25,75.25,72.52914428710938,11500200
2020-01-03T03:00:00Z,74.75,74.75,73.75,74,71.32433319091797,22661500
2020-01-06T03:00:00Z,73,73.25,71.75,72.25,69.63761901855469,41290900
2020-01-07T03:00:00Z,73,73.75,72.75,73.75,71.08338165283203,14769400
2020-01-08T03:00:00Z,72.25,73,72,73,70.3604965209961,21980500
2020-01-09T03:00:00Z,74,74.5,73.75,74.25,71.56529998779297,18048300
2020-01-10T03:00:00Z,74.25,74.75,73.75,74,71.32433319091797,7232600
2020-01-13T03:00:00Z,74.25,75,74,74.75,72.0472183227539,14862400
2020-01-14T03:00:00Z,76.25,76.75,75,75.5,72.77009582519531,31872700
2020-01-15T03:00:00Z,75.25,75.5,74.5,74.75,72.0472183227539,12519900
2020-01-16T03:00:00Z,74.75,75.25,74.5,75,72.2881851196289,6227000
2020-01-17T03:00:00Z,74.75,75.25,74.5,75,72.2881851196289,8544300
2020-01-20T03:00:00Z,75.25,75.5,74,74.25,71.56529998779297,14928900
2020-01-21T03:00:00Z,72,72,71,72,69.39664459228516,59497200
2020-01-22T03:00:00Z,71.5,71.75,70.75,71,68.43280792236328,51754100
2020-01-23T03:00:00Z,70.75,72,70.75,71.25,68.67376708984375,25763400
2020-01-24T03:00:00Z,71,72,71,71.5,68.91472625732422,17997100
2020-01-27T03:00:00Z,67.5,69.25,67.25,68.75,66.26416015625,98120100
2020-01-28T03:00:00Z,68,68.75,67.75,68,65.5412826538086,87751400
2020-01-29T03:00:00Z,68.5,70.25,68.25,69.5,66.98704528808594,66506800
2020-01-30T03:00:00Z,69,70,68.75,69.5,66.98704528808594,32592900
2020-01-31T03:00:00Z,71.5,71.5,70.25,70.5,67.95088195800781,42526500
2020-02-03T03:00:00Z,69.75,71.25,69.75,70.25,67.70993041992188,36925300
2020-02-04T03:00:00Z,70,71.75,69.75,70.75,68.19184875488281,42736100
2020-02-05T03:00:00Z,71,73.25,70.5,73,70.3604965209961,45555300
2020-02-06T03:00:00Z,73.5,73.5,72.5,73,70.3604965209961,27948100
2020-02-07T03:00:00Z,72.5,72.75,71,71.5,68.91472625732422,32966400
2020-02-11T03:00:00Z,71.25,71.75,70.25,70.5,67.95088195800781,28902400
2020-02-12T03:00:00Z,70.75,71.25,70.5,70.75,68.19184875488281,20896400
2020-02-13T03:00:00Z,71,71,70.25,70.5,67.95088195800781,18113200
2020-02-14T03:00:00Z,70.5,70.75,70,70,67.4689712524414,17041900
2020-02-17T03:00:00Z,70.25,70.75,69.25,70,67.4689712524414,24478600
2020-02-18T03:00:00Z,69.25,69.75,69,69.25,66.74608612060547,38447400
2020-02-19T03:00:00Z,69.25,69.75,67.75,67.75,65.30032348632812,63493300
2020-02-20T03:00:00Z,63.75,65,62.25,64.5,62.16783142089844,184600300
2020-02-21T03:00:00Z,64,65.5,63.75,65.25,62.890708923339844,50594600
2020-02-24T03:00:00Z,63.5,64.25,63.25,63.25,60.96302795410156,57504500
2020-02-25T03:00:00Z,63.25,65.25,62.5,64.75,62.40879440307617,69176800
2020-02-26T03:00:00Z,64.25,65.25,62.5,62.5,60.24014663696289,83153400
2020-02-27T03:00:00Z,62.5,63,61.25,62.75,60.481109619140625,62881300
2020-02-28T03:00:00Z,60.75,61.5,59.75,59.75,57.58958053588867,46169600
2020-03-02T03:00:00Z,60.75,62,59.5,61.25,59.03533935546875,47579600
2020-03-03T03:00:00Z,62.25,62.75,61.75,62.5,60.24014663696289,40120400
2020-03-04T03:00:00Z,62,63.75,61.75,63.25,60.96302795410156,34917300
2020-03-05T03:00:00Z,63.5,65,63.25,64.25,61.92687225341797,47174200
2020-03-06T03:00:00Z,63.5,64,62.75,63.5,61.2039909362793,24235600
2020-03-09T03:00:00Z,62.25,63.25,60,60.25,58.071502685546875,38558300
2020-03-10T03:00:00Z,60.5,62.5,60.25,61.25,59.03533935546875,36199600
2020-03-11T03:00:00Z,60.5,62,60.25,60.5,58.312461853027344,36412600
2020-03-12T03:00:00Z,55.25,56.25,50,52.75,50.842681884765625,133008400
2020-03-13T03:00:00Z,48,59,46.75,56.5,54.45709228515625,134202700
2020-03-16T03:00:00Z,53,54.25,50,50,48.192115783691406,66908700
2020-03-17T03:00:00Z,50,51.25,49.5,49.5,47.7101936340332,50698800
2020-03-18T03:00:00Z,50,51.25,48.5,49,47.228271484375,50344400
2020-03-19T03:00:00Z,46.75,48,45.25,47,45.30059051513672,53845000
2020-03-20T03:00:00Z,49.5,53.75,49,53.75,51.80652618408203,68263200
2020-03-23T03:00:00Z,48.25,50,47,47.25,45.54155349731445,53805200
2020-03-24T03:00:00Z,50,50.75,46.5,48,46.26443099975586,65675600
2020-03-25T03:00:00Z,49.75,51.5,49,50.25,48.433074951171875,51101100
2020-03-26T03:00:00Z,49.75,51,49.75,50.75,48.91499710083008,32934700
2020-03-27T03:00:00Z,52.5,52.5,50,50.5,48.67403793334961,36509500
2020-03-30T03:00:00Z,50,50.25,49,49.75,47.95115280151367,32353800
2020-03-31T03:00:00Z,51,51.5,50.25,50.75,48.91499710083008,36759400
2020-04-01T03:00:00Z,50,51,49.25,49.5,47.7101936340332,41862500
2020-04-02T03:00:00Z,49.75,50.75,49.25,50.25,48.433074951171875,36141200
2020-04-03T03:00:00Z,50.5,50.75,50,50,48.192115783691406,14389100
2020-04-07T03:00:00Z,53.5,57.5,52.5,57.5,55.420936584472656,75766900
2020-04-08T03:00:00Z,57.25,57.25,55,56.75,54.69805145263672,51460200
2020-04-09T03:00:00Z,56.75,60,56.25,56.75,54.69805145263672,57493200
2020-04-10T03:00:00Z,56.25,57.25,56.25,57.25,55.17997360229492,23715200
2020-04-13T03:00:00Z,56.5,56.5,52.75,55.75,53.73420715332031,56568400
2020-04-14T03:00:00Z,56,57,55.25,56.25,54.21613311767578,41546600
2020-04-15T03:00:00Z,55.5,56.25,54.75,54.75,52.77036666870117,31083200
2020-04-16T03:00:00Z,54.5,55.25,54,54,52.047489166259766,26129900
2020-04-17T03:00:00Z,55.75,58.5,55.5,58.5,56.38478088378906,51936400
2020-04-20T03:00:00Z,58.5,63.25,58.25,62,59.75822067260742,72231800
2020-04-21T03:00:00Z,60.5,61.25,60,60.5,58.312461853027344,43351300
2020-04-22T03:00:00Z,60.25,61.25,58.25,61.25,59.03533935546875,46722900
2020-04-23T03:00:00Z,60.5,61,59.5,60.25,58.071502685546875,35754500
2020-04-24T03:00:00Z,59.75,60,58.75,58.75,56.62574005126953,33376500
2020-04-27T03:00:00Z,59.5,59.75,58.75,58.75,56.62574005126953,13851500
2020-04-28T03:00:00Z,58.75,61,58.5,59.5,57.34862518310547,30584500
2020-04-29T03:00:00Z,60.25,60.5,59.5,60,57.83053970336914,12386600
2020-04-30T03:00:00Z,61.25,62.5,61,62.25,59.999183654785156,52315000
2020-05-05T03:00:00Z,61.75,61.75,60.25,60.5,58.312461853027344,27189300
2020-05-07T03:00:00Z,60,60.25,59,59.5,57.34862518310547,22432800
2020-05-08T03:00:00Z,60,60.75,59.5,59.75,57.58958053588867,23722300
2020-05-11T03:00:00Z,60.25,61,60,60,57.83053970336914,20542200
2020-05-12T03:00:00Z,59.75,61.25,59.5,61,58.79438018798828,20076600
2020-05-13T03:00:00Z,61,61,60,60.25,58.071502685546875,12675800
2020-05-14T03:00:00Z,59.5,60.25,59.25,59.75,57.58958053588867,19842200
2020-05-15T03:00:00Z,60,60.25,59,59,56.86669921875,18701400
2020-05-18T03:00:00Z,59.25,59.5,58.5,58.5,56.38478088378906,18312300
2020-05-19T03:00:00Z,60.5,60.75,59.75,60,57.83053970336914,29824400
2020-05-20T03:00:00Z,60,60.25,59,59.5,57.34862518310547,17100500
2020-05-21T03:00:00Z,59.25,59.5,58.25,58.75,56.62574005126953,29165000
2020-05-22T03:00:00Z,58.25,58.5,57,57.25,55.17997360229492,31839400
2020-05-25T03:00:00Z,57,58.25,57,58,55.90285873413086,11576600
2020-05-26T03:00:00Z,59,60,58.5,59.25,57.107662200927734,24640600
2020-05-27T03:00:00Z,59.25,61.75,59.25,61.5,59.276302337646484,58719600
2020-05-28T03:00:00Z,62,62.5,61.25,61.25,59.03533935546875,42225600
2020-05-29T03:00:00Z,60.75,62,60.5,62,59.75822067260742,31922800
2020-06-01T03:00:00Z,62.5,63,61.75,61.75,59.51726531982422,29840800
2020-06-02T03:00:00Z,62.25,64.75,62,63.5,61.2039909362793,79200000
2020-06-04T03:00:00Z,66.5,67.5,66,67.5,65.05935668945312,92895000
2020-06-05T03:00:00Z,67,67.25,65.75,67,64.57744598388672,33012900
2020-06-08T03:00:00Z,67,67.5,66.25,67,64.57744598388672,24364900
2020-06-09T03:00:00Z,66.75,67.75,65,65.75,63.37263488769531,34428700
2020-06-10T03:00:00Z,66,67,65.5,66.5,64.09552001953125,25560400
2020-06-11T03:00:00Z,66,66.25,63.75,64,61.685909271240234,34928000
2020-06-12T03:00:00Z,62,65,62,65,62.64975357055664,36512700
2020-06-15T03:00:00Z,64.5,64.5,62,62.5,60.24014663696289,32977900
2020-06-16T03:00:00Z,64.5,64.75,63.25,63.25,60.96302795410156,17259500
2020-06-17T03:00:00Z,63.25,64.25,62.75,63.25,60.96302795410156,20369400
2020-06-18T03:00:00Z,61.5,62.5,61,61.75,59.51726531982422,48304100
2020-06-19T03:00:00Z,61.75,62.5,61.5,61.5,59.276302337646484,19888600
2020-06-22T03:00:00Z,61.25,61.75,60,60,57.83053970336914,28840200
2020-06-23T03:00:00Z,60.5,60.75,59.5,60.25,58.071502685546875,20043500
2020-06-24T03:00:00Z,60.25,61,59.5,59.75,57.58958053588867,23526800
2020-06-25T03:00:00Z,59.5,60,58.75,59,56.86669921875,36899600
2020-06-26T03:00:00Z,59.25,59.75,58.5,59,56.86669921875,22266200
2020-06-29T03:00:00Z,58.5,59.25,58,59.25,57.107662200927734,22826300
2020-06-30T03:00:00Z,60.75,61,60.25,60.5,58.312461853027344,26500400
2020-07-01T03:00:00Z,61,61.25,59.25,60,57.83053970336914,21746400
2020-07-02T03:00:00Z,60.75,62,60.5,61.75,59.51726531982422,24418500
2020-07-03T03:00:00Z,61.75,61.75,60,60.25,58.071502685546875,25636800
2020-07-07T03:00:00Z,60.5,60.75,59.25,59.5,57.34862518310547,29775500
2020-07-08T03:00:00Z,58.75,59,57.5,57.5,55.420936584472656,64743600
2020-07-09T03:00:00Z,57.5,57.5,55.5,56.25,54.21613311767578,83304900
2020-07-10T03:00:00Z,55.25,55.75,54.5,55,53.01132583618164,47952300
2020-07-13T03:00:00Z,55.5,55.75,54.25,54.5,52.5294075012207,33293000
2020-07-14T03:00:00Z,54,55.25,54,54.25,52.288448333740234,32195000
2020-07-15T03:00:00Z,54.75,56,54.5,55.25,53.252288818359375,33918800
2020-07-16T03:00:00Z,55.5,56,54.5,55,53.01132583618164,17802600
2020-07-17T03:00:00Z,55,55.75,54.75,55.75,53.73420715332031,9732700
2020-07-20T03:00:00Z,55.75,56.25,55.25,55.5,53.49325180053711,16477400
2020-07-21T03:00:00Z,56,57,55.75,56.5,54.45709228515625,30049100
2020-07-22T03:00:00Z,57,57.25,56.5,56.5,54.45709228515625,18693900
2020-07-23T03:00:00Z,56.25,56.75,55.75,56.25,54.21613311767578,18988500
2020-07-24T03:00:00Z,55.25,55.75,54.5,55.25,53.252288818359375,20283700
2020-07-29T03:00:00Z,55.5,55.75,54.5,54.5,52.5294075012207,20430900
2020-07-30T03:00:00Z,54.25,55,52,52.25,50.36076354980469,48981200
2020-07-31T03:00:00Z,51.5,52.5,50.75,51.5,49.637882232666016,46680700
2020-08-03T03:00:00Z,50,50.25,49,49.75,47.95115280151367,54156600
2020-08-04T03:00:00Z,50.5,51.75,50.25,51.25,49.39691925048828,29667700
2020-08-05T03:00:00Z,50.5,50.75,49.25,49.5,47.7101936340332,47163900
2020-08-06T03:00:00Z,49.25,50.75,49,49.75,47.95115280151367,31796900
2020-08-07T03:00:00Z,49.25,49.5,48.5,49,47.228271484375,33104900
2020-08-10T03:00:00Z,49,49.5,48.5,49,47.228271484375,20207300
2020-08-11T03:00:00Z,50.25,53.75,50,53.25,51.324607849121094,99620800
2020-08-13T03:00:00Z,56.75,56.75,55.5,56.25,54.21613311767578,68703400
2020-08-14T03:00:00Z,55.75,56,54,54,52.047489166259766,34937100
2020-08-17T03:00:00Z,54,54.5,53.25,54.25,52.288448333740234,21380200
2020-08-18T03:00:00Z,54.5,55.75,54,55.25,53.252288818359375,26335300
2020-08-19T03:00:00Z,55.25,55.25,52.5,53.25,51.324607849121094,34581100
2020-08-20T03:00:00Z,52.25,53,52,52.75,50.842681884765625,23899700
2020-08-21T03:00:00Z,53.25,54.5,53.25,54,52.047489166259766,22805300
2020-08-24T03:00:00Z,54.5,56.75,53.75,56.75,54.69805145263672,60348000
2020-08-25T03:00:00Z,57.25,57.5,56.5,57,54.93901443481445,39129300
2020-08-26T03:00:00Z,57,57.25,56,57,54.93901443481445,24502600
2020-08-27T03:00:00Z,56.75,57.25,56.5,56.75,54.69805145263672,18142900
2020-08-28T03:00:00Z,57.5,58,56.5,56.75,54.69805145263672,29740600
2020-08-31T03:00:00Z,57,57.5,56,56,53.97517013549805,16533200
2020-09-01T03:00:00Z,56.25,57,55.5,56.25,54.21613311767578,17038700
2020-09-02T03:00:00Z,55.75,57,55.5,57,54.93901443481445,12376400
2020-09-03T03:00:00Z,57.25,59,56.75,58.25,56.14381790161133,47007500
2020-09-08T03:00:00Z,58.25,59,57.5,58.25,56.14381790161133,46527200
2020-09-09T03:00:00Z,57,58.5,56.75,58,55.90285873413086,21440900
2020-09-10T03:00:00Z,58,58.5,57.5,58,55.90285873413086,21269800
2020-09-11T03:00:00Z,57.75,58.25,57.5,58.25,56.14381790161133,14282000
2020-09-14T03:00:00Z,58.25,58.25,57.25,58,55.90285873413086,17124600
2020-09-15T03:00:00Z,58.25,60,58,59.5,57.34862518310547,49724600
2020-09-16T03:00:00Z,59.75,61.5,59.5,61.5,59.276302337646484,60555200
2020-09-17T03:00:00Z,61,61,59.5,60.25,58.071502685546875,23804300
2020-09-18T03:00:00Z,59.75,60.25,59.25,60.25,58.071502685546875,26227400
2020-09-21T03:00:00Z,60.25,61.5,59.5,59.5,57.34862518310547,27299800
2020-09-22T03:00:00Z,59.25,60,58.75,59,56.86669921875,25739400
2020-09-23T03:00:00Z,59,59.75,59,59,56.86669921875,21724500
2020-09-24T03:00:00Z,57,57.25,56,56.5,54.45709228515625,49131300
2020-09-25T03:00:00Z,57,58,56.5,57.5,55.420936584472656,30380700
2020-09-28T03:00:00Z,58,59,57.5,58.75,56.62574005126953,20559300
2020-09-29T03:00:00Z,58.75,59,57.75,58,55.90285873413086,17331000
2020-09-30T03:00:00Z,58.25,58.25,56.5,56.5,54.45709228515625,24524800
2020-10-01T03:00:00Z,56.75,57,56,56.5,54.45709228515625,22234100
2020-10-02T03:00:00Z,56.25,56.5,55.75,56,53.97517013549805,18663600
2020-10-05T03:00:00Z,57,57.25,55.5,56.25,54.21613311767578,19584400
2020-10-06T03:00:00Z,56.75,57,55.5,55.5,53.49325180053711,21667700
2020-10-07T03:00:00Z,55,57.75,54.25,57.25,55.17997360229492,30795400
2020-10-08T03:00:00Z,57.25,57.75,56.75,57.25,55.17997360229492,23317700
2020-10-09T03:00:00Z,57.5,58.5,57,57.5,55.420936584472656,18364200
2020-10-12T03:00:00Z,57.5,58,57,57.5,55.420936584472656,12017000
2020-10-14T03:00:00Z,57,57.25,56.5,57.25,55.17997360229492,17876700
2020-10-15T03:00:00Z,56.5,56.75,55.5,55.75,53.73420715332031,18417500
2020-10-16T03:00:00Z,56,56.25,55,56,53.97517013549805,14897900
2020-10-19T03:00:00Z,55.5,55.75,52.75,53.5,51.56556701660156,45064100
2020-10-20T03:00:00Z,53,55,52.75,54.25,52.288448333740234,24191600
2020-10-21T03:00:00Z,54.5,55.75,54.25,55,53.01132583618164,23032500
2020-10-22T03:00:00Z,54.75,55.5,53.5,54,52.047489166259766,26987500
2020-10-26T03:00:00Z,54,54.5,53.5,53.75,51.80652618408203,10972900
2020-10-27T03:00:00Z,52.5,54.5,52.25,54.25,52.288448333740234,33519700
2020-10-28T03:00:00Z,53.75,53.75,52.75,53,51.08364486694336,30797900
2020-10-29T03:00:00Z,52.75,53.25,51.25,51.25,49.39691925048828,32311500
2020-10-30T03:00:00Z,51.5,52,50.5,51.75,49.87883758544922,41447200
2020-11-02T03:00:00Z,51.75,53.25,51.5,52.75,50.842681884765625,24684900
2020-11-03T03:00:00Z,53.25,53.75,52.75,53,51.08364486694336,17421700
2020-11-04T03:00:00Z,53,54.75,53,54.5,52.5294075012207,21571100
2020-11-05T03:00:00Z,55,57.25,54.5,56.75,54.69805145263672,38763400
2020-11-06T03:00:00Z,57,57,55,55.75,53.73420715332031,30347100
2020-11-09T03:00:00Z,57.25,57.75,56.5,57.25,55.17997360229492,34816200
2020-11-10T03:00:00Z,68,69,63,67.75,65.30032348632812,322032000
2020-11-11T03:00:00Z,68.25,68.75,67,67.75,65.30032348632812,108332300
2020-11-12T03:00:00Z,66.75,66.75,64.5,65.5,63.13167953491211,59557600
2020-11-13T03:00:00Z,64.5,66.5,64,65.5,63.13167953491211,36679400
2020-11-16T03:00:00Z,66.25,66.5,65.25,65.75,63.37263488769531,21799600
2020-11-17T03:00:00Z,66.75,67.5,66,66,63.61359405517578,45547800
2020-11-18T03:00:00Z,65.75,66.75,65.25,66.75,64.33647155761719,25682200
2020-11-19T03:00:00Z,66.5,67.5,66.25,67,64.57744598388672,29886400
2020-11-20T03:00:00Z,66.5,68,66.25,67.75,65.30032348632812,23158700
2020-11-23T03:00:00Z,67.75,68.75,67.25,68.25,65.78224182128906,37533400
2020-11-24T03:00:00Z,69,69.25,67,67.25,64.81839752197266,33648500
2020-11-25T03:00:00Z,67.5,68.25,64.25,67,64.57744598388672,66044000
2020-11-26T03:00:00Z,67.25,67.75,67,67.25,64.81839752197266,22466000
2020-11-27T03:00:00Z,67,67.5,66,66.25,63.854557037353516,28175900
2020-11-30T03:00:00Z,65.5,66,64,64,61.685909271240234,49764800
2020-12-01T03:00:00Z,65,66,64.75,65.5,63.13167953491211,23560700
2020-12-02T03:00:00Z,64.75,65.5,64.25,64.25,61.92687225341797,28534200
2020-12-03T03:00:00Z,64.75,65.5,64.25,64.75,62.40879440307617,22826300
2020-12-04T03:00:00Z,64,66.5,64,66.25,63.854557037353516,28317900
2020-12-08T03:00:00Z,66.5,68.5,65.25,67.5,65.2464828491211,50930600
2020-12-09T03:00:00Z,67.75,68.5,67.5,68,65.72978973388672,34221800
2020-12-14T03:00:00Z,67.5,67.5,64.75,64.75,62.58829116821289,59425900
2020-12-15T03:00:00Z,65,66.25,64.75,66,63.79655838012695,35095100
2020-12-16T03:00:00Z,66.5,67,65.75,67,64.76317596435547,33868200
2020-12-17T03:00:00Z,67.25,67.5,66,66,63.79655838012695,27251100
2020-12-18T03:00:00Z,66,66.25,65,65,62.82994842529297,38097500
2020-12-21T03:00:00Z,62,63.75,61.75,62.25,60.1717529296875,57178400
2020-12-22T03:00:00Z,62.25,63,61,62.25,60.1717529296875,25428700
2020-12-23T03:00:00Z,61.5,62.75,61,61.25,59.20513916015625,27012900
2020-12-24T03:00:00Z,61,62,60.25,61.75,59.688446044921875,23879900
2020-12-25T03:00:00Z,62.5,62.5,61.5,62.5,60.41341018676758,7923700
2020-12-28T03:00:00Z,63,63,61.5,61.5,59.44679260253906,13364300
2020-12-29T03:00:00Z,61.5,63.25,61.25,62.5,60.41341018676758,16118900
2020-12-30T03:00:00Z,62.75,63.25,61.5,62.25,60.1717529296875,21500800
2021-01-04T03:00:00Z,61,61.75,60.25,61.75,59.688446044921875,26513500
2021-01-05T03:00:00Z,61,64.5,60.75,64.5,62.34663772583008,30353300
2021-01-06T03:00:00Z,63.75,65,63.25,63.25,61.138370513916016,18784500
2021-01-07T03:00:00Z,63.5,65,63.25,64.75,62.58829116821289,23080800
2021-01-08T03:00:00Z,65,65.25,64.25,65.25,63.07159423828125,18593800
2021-01-11T03:00:00Z,65,65.25,63.5,63.5,61.38002395629883,16840100
2021-01-12T03:00:00Z,63,63.5,61.5,61.75,59.688446044921875,38881400
2021-01-13T03:00:00Z,61.75,62.75,61.25,61.75,59.688446044921875,30499100
2021-01-14T03:00:00Z,62,62.25,61,61.25,59.20513916015625,14484900
2021-01-15T03:00:00Z,61.25,61.5,60.75,60.75,58.72183609008789,18154800
2021-01-18T03:00:00Z,60.5,61,60,60.5,58.48017883300781,14244000
2021-01-19T03:00:00Z,61,61.25,60.25,60.75,58.72183609008789,15487800
2021-01-20T03:00:00Z,60.75,61.75,60.25,61.25,59.20513916015625,17013000
2021-01-21T03:00:00Z,61.5,61.75,60.25,60.5,58.48017883300781,19784700
2021-01-22T03:00:00Z,60.5,60.75,59.5,59.75,57.755218505859375,27812300
2021-01-25T03:00:00Z,59.75,60.5,59.5,59.75,57.755218505859375,10446500
2021-01-26T03:00:00Z,59.75,60.75,59.5,60.25,58.238529205322266,15439500
2021-01-27T03:00:00Z,60.25,60.75,60,60.25,58.238529205322266,12355000
2021-01-28T03:00:00Z,59.5,60.5,59.5,60,57.99687576293945,19675400
2021-01-29T03:00:00Z,60.25,60.5,59.5,59.5,57.51356887817383,23994200
2021-02-01T03:00:00Z,60,61.25,59.5,60.75,58.72183609008789,18080100
2021-02-02T03:00:00Z,61.5,63.75,61.25,62,59.93009948730469,38540200
2021-02-03T03:00:00Z,63,63.25,61.75,61.75,59.688446044921875,16749200
2021-02-04T03:00:00Z,62.25,62.25,61.25,61.5,59.44679260253906,14302100
2021-02-05T03:00:00Z,62,64,61.75,64,61.86333084106445,36509300
2021-02-08T03:00:00Z,64.75,65,64,64.75,62.58829116821289,19890800
2021-02-09T03:00:00Z,65,65,63.75,64,61.86333084106445,15277400
2021-02-10T03:00:00Z,64,64.5,63,63.75,61.62167739868164,16001900
2021-02-11T03:00:00Z,64.25,64.25,62.75,63.25,61.138370513916016,16081800
2021-02-15T03:00:00Z,63.25,63.5,62.5,62.75,60.65506362915039,11782100
2021-02-16T03:00:00Z,63.25,64,63,63.25,61.138370513916016,12234400
2021-02-17T03:00:00Z,63,63.5,62.25,62.25,60.1717529296875,12993800
2021-02-18T03:00:00Z,62.25,62.5,61.5,61.75,59.688446044921875,17407900
2021-02-19T03:00:00Z,61.25,61.5,60.5,61,58.96348571777344,14732600
2021-02-22T03:00:00Z,61.5,62,60.75,61.25,59.20513916015625,12632600
2021-02-23T03:00:00Z,61.75,64.25,61.5,64,61.86333084106445,41115900
2021-02-24T03:00:00Z,64.5,65,63.25,63.5,61.38002395629883,34312900
2021-02-25T03:00:00Z,65,66,63.75,64,61.86333084106445,39159600
2021-03-01T03:00:00Z,64,65.25,63.5,64,61.86333084106445,28857800
2021-03-02T03:00:00Z,64.75,65.25,64,65.25,63.07159423828125,28164900
2021-03-03T03:00:00Z,65.5,68,65.25,68,65.72978973388672,82916600
2021-03-04T03:00:00Z,67.75,68.25,65.75,66.5,64.27986907958984,49981800
2021-03-05T03:00:00Z,66,67.25,65.5,67,64.76317596435547,34826500
2021-03-08T03:00:00Z,67,67.5,66.25,66.5,64.27986907958984,17747000
2021-03-09T03:00:00Z,67.75,68.5,67,68,65.72978973388672,28860200
2021-03-10T03:00:00Z,68.25,69.25,67.75,68.5,66.21310424804688,44118000
2021-03-11T03:00:00Z,69.25,70,68.75,69.5,67.1797103881836,46672200
2021-03-12T03:00:00Z,69.25,69.5,68.25,69,66.69640350341797,28133500
2021-03-15T03:00:00Z,69.25,69.25,67.5,68.25,65.971435546875,19935700
2021-03-16T03:00:00Z,68.5,68.75,67.75,68.5,66.21310424804688,12605200
2021-03-17T03:00:00Z,68,69,67.75,68.5,66.21310424804688,10905200
2021-03-18T03:00:00Z,69.25,69.25,68.25,68.25,65.971435546875,12085600
2021-03-19T03:00:00Z,67.75,68,67,67.25,65.00482940673828,23188200
2021-03-22T03:00:00Z,67,67.75,66.5,67.25,65.00482940673828,16681000
2021-03-23T03:00:00Z,67.25,67.5,66.75,67.25,65.00482940673828,10643500
2021-03-24T03:00:00Z,66.5,67,66.25,67,64.76317596435547,12579100
2021-03-25T03:00:00Z,67,67.5,66.5,67,64.76317596435547,8531900
2021-03-26T03:00:00Z,67.25,68.75,66.75,67.75,65.4881362915039,20107500
2021-03-29T03:00:00Z,68,68.75,68,68.25,65.971435546875,12389700
2021-03-30T03:00:00Z,68.5,69.5,68.25,69,66.69640350341797,19710400
2021-03-31T03:00:00Z,69.25,69.5,68.75,69,66.69640350341797,14512000
2021-04-01T03:00:00Z,69,69,68,68.25,65.971435546875,11209300
2021-04-02T03:00:00Z,68.5,69.75,68.5,69.75,67.4213638305664,14328900
2021-04-05T03:00:00Z,69.75,69.75,68,68.25,65.971435546875,13283800
2021-04-07T03:00:00Z,67,67.25,65.5,65.75,63.55490493774414,30246900
2021-04-08T03:00:00Z,65.25,66.5,65.25,66.25,64.03821563720703,19952100
2021-04-09T03:00:00Z,67,67.25,65.75,66.75,64.52151489257812,15876900
2021-04-12T03:00:00Z,65.75,66,65,65.75,63.55490493774414,20929500
2021-04-16T03:00:00Z,66,66,65,65.5,63.313255310058594,24094600
2021-04-19T03:00:00Z,65.75,66.75,65.5,66.5,64.27986907958984,10780600
2021-04-20T03:00:00Z,66,66.5,65.25,65.75,63.55490493774414,13456000
2021-04-21T03:00:00Z,65.25,65.5,64.75,64.75,62.58829116821289,14733900
2021-04-22T03:00:00Z,64.75,65,63.5,63.75,61.62167739868164,26556100
2021-04-23T03:00:00Z,63.5,63.75,62.75,63,60.89671325683594,18257200
2021-04-26T03:00:00Z,63,63.5,62.25,63.5,61.38002395629883,16157700
2021-04-27T03:00:00Z,62.5,62.5,60.5,60.75,58.72183609008789,75612800
2021-04-28T03:00:00Z,61,62.75,61,62.75,60.65506362915039,32625500
2021-04-29T03:00:00Z,63,63.5,62.5,63,60.89671325683594,20294100
2021-04-30T03:00:00Z,62.5,62.75,61.75,62,59.93009948730469,13678600
2021-05-05T03:00:00Z,61,61.25,59.75,60,57.99687576293945,59790100
2021-05-06T03:00:00Z,60.25,61.25,60,61,58.96348571777344,23591100
2021-05-07T03:00:00Z,61.5,61.5,60.75,61.5,59.44679260253906,12930900
2021-05-10T03:00:00Z,62,62,60.5,60.75,58.72183609008789,13405100
2021-05-11T03:00:00Z,60.5,61,60,60.75,58.72183609008789,11580400
2021-05-12T03:00:00Z,60.5,60.5,59.5,60,57.99687576293945,27463300
2021-05-13T03:00:00Z,59.5,60.25,59,60,57.99687576293945,31135200
2021-05-14T03:00:00Z,59.75,60.25,59.5,59.75,57.755218505859375,23341800
2021-05-17T03:00:00Z,59.5,60.75,59.5,60.5,58.48017883300781,22887300
2021-05-18T03:00:00Z,61,61.5,60.5,60.75,58.72183609008789,22326300
2021-05-19T03:00:00Z,60.25,61,60.25,60.75,58.72183609008789,13932700
2021-05-20T03:00:00Z,60.75,61,60.25,60.25,58.238529205322266,10812200
2021-05-21T03:00:00Z,60.5,61.25,60.25,60.75,58.72183609008789,15415800
2021-05-24T03:00:00Z,60.75,61.25,60.5,60.75,58.72183609008789,13707300
2021-05-25T03:00:00Z,61.25,61.75,60.75,61,58.96348571777344,17715000
2021-05-27T03:00:00Z,61.25,63,61,63,60.89671325683594,66153400
2021-05-28T03:00:00Z,63,63.5,62.25,62.25,60.1717529296875,26031200
2021-05-31T03:00:00Z,62.25,63,62,63,60.89671325683594,12385900
2021-06-01T03:00:00Z,63.25,65,62.5,64.75,62.58829116821289,36781300
2021-06-02T03:00:00Z,65.25,65.25,64,64.5,62.34663772583008,19827900
2021-06-04T03:00:00Z,64.75,64.75,64,64,61.86333084106445,12678800
2021-06-07T03:00:00Z,64.5,65,64.25,64.5,62.34663772583008,11967800
2021-06-08T03:00:00Z,64.5,64.75,63.5,64.75,62.58829116821289,17415200
2021-06-09T03:00:00Z,65,66.25,64.5,64.75,62.58829116821289,31284100
2021-06-10T03:00:00Z,65.5,66,64.75,65,62.82994842529297,36784900
2021-06-11T03:00:00Z,65.5,68.75,65.25,68.5,66.21310424804688,91203900
2021-06-14T03:00:00Z,68.75,68.75,66.75,67.25,65.00482940673828,32550200
2021-06-15T03:00:00Z,67,68,66.75,67.5,65.2464828491211,14451800
2021-06-16T03:00:00Z,67.5,67.5,66.75,67.25,65.00482940673828,11388900
2021-06-17T03:00:00Z,67.5,68.25,67.25,67.5,65.2464828491211,22965100
2021-06-18T03:00:00Z,67.75,67.75,66,66,63.79655838012695,36698700
2021-06-21T03:00:00Z,65.75,66,64.75,65.75,63.55490493774414,34072200
2021-06-22T03:00:00Z,66,66.5,65.5,66,63.79655838012695,29049600
2021-06-23T03:00:00Z,66.25,66.5,65.5,65.75,63.55490493774414,13794000
2021-06-24T03:00:00Z,65.25,65.5,63,64,61.86333084106445,45120300
2021-06-25T03:00:00Z,64,64.5,63.25,63.5,61.38002395629883,16152200
2021-06-28T03:00:00Z,62.75,62.75,61.5,62,59.93009948730469,43112400
2021-06-29T03:00:00Z,62.5,63.25,62,62.75,60.65506362915039,16261000
2021-06-30T03:00:00Z,62.75,63.25,62,62,59.93009948730469,15568900
2021-07-01T03:00:00Z,62.25,63,62,62.5,60.41341018676758,20485400
2021-07-02T03:00:00Z,62,62.5,61.75,62.25,60.1717529296875,14926300
2021-07-05T03:00:00Z,62,62.25,61.5,61.75,59.688446044921875,10027900
2021-07-06T03:00:00Z,62,63,62,62.25,60.1717529296875,11082700
2021-07-07T03:00:00Z,61.75,62.25,61.5,61.75,59.688446044921875,19215700
2021-07-08T03:00:00Z,61,61.5,60.5,60.5,58.48017883300781,28468800
2021-07-09T03:00:00Z,60,61,59.5,60.25,58.238529205322266,24231100
2021-07-12T03:00:00Z,60.5,61.5,60.25,61.25,59.20513916015625,10484600
2021-07-13T03:00:00Z,61.75,62.5,61.5,62.25,60.1717529296875,13752200
2021-07-14T03:00:00Z,62.25,62.75,61.5,61.75,59.688446044921875,12514300
2021-07-15T03:00:00Z,61.75,62,60.25,60.25,58.238529205322266,29801500
2021-07-16T03:00:00Z,60,60.75,59.75,60.5,58.48017883300781,16701600
2021-07-19T03:00:00Z,59.75,60.25,59.5,59.75,57.755218505859375,25864000
2021-07-20T03:00:00Z,59.5,59.75,58,58,56.06364440917969,43816900
2021-07-21T03:00:00Z,58,58.5,56.75,58.25,56.3052978515625,36701800
2021-07-22T03:00:00Z,58.75,59,58,58.25,56.3052978515625,8649800
2021-07-23T03:00:00Z,58.25,58.75,57.75,58.25,56.3052978515625,7064200
2021-07-27T03:00:00Z,58.75,59.5,58.25,58.75,56.788604736328125,18468100
2021-07-29T03:00:00Z,58.5,58.75,57,57.25,55.338680267333984,30451600
2021-07-30T03:00:00Z,57.25,57.25,56.5,56.5,54.61371994018555,11893500
2021-08-02T03:00:00Z,56.25,57.25,55.5,57,55.09703063964844,21348600
2021-08-03T03:00:00Z,57,57.75,56.5,57.5,55.5803337097168,16238200
2021-08-04T03:00:00Z,57.25,57.75,56.75,57.5,55.5803337097168,6646900
2021-08-05T03:00:00Z,57.5,57.5,56,56.5,54.61371994018555,18415300
2021-08-06T03:00:00Z,56,56.25,55.5,55.75,53.88875961303711,16341800
2021-08-09T03:00:00Z,56,58.5,56,58.25,56.3052978515625,29428300
2021-08-10T03:00:00Z,57.75,58.25,57.25,57.75,55.821990966796875,17783300
2021-08-11T03:00:00Z,58.25,58.5,56.75,56.75,54.85537338256836,20853100
2021-08-13T03:00:00Z,56.5,56.75,55.5,56,54.13041305541992,29371300
2021-08-16T03:00:00Z,56.25,57,55.5,56.25,54.372066497802734,25221900
2021-08-17T03:00:00Z,56.5,57.5,56.25,57.25,55.338680267333984,21982000
2021-08-18T03:00:00Z,57.25,59,57.25,58.75,56.788604736328125,30305100
2021-08-19T03:00:00Z,58.25,59,57.75,58.5,56.54695129394531,13431800
2021-08-20T03:00:00Z,58.75,60,58.25,59.5,57.51356887817383,34043000
2021-08-23T03:00:00Z,60.25,61.5,59.75,61.5,59.44679260253906,41857400
2021-08-24T03:00:00Z,62,62.75,61.25,61.75,59.688446044921875,24110400
2021-08-25T03:00:00Z,62,62.5,61.5,62,59.93009948730469,17423700
2021-08-26T03:00:00Z,62.5,63.25,62,62.5,60.41341018676758,22311700
2021-08-27T03:00:00Z,62.5,63.25,61.75,62.75,60.65506362915039,19207300
2021-08-30T03:00:00Z,63,64,62.75,63.75,61.62167739868164,39591400
2021-08-31T03:00:00Z,63.75,63.75,63.25,63.75,61.62167739868164,27142200
2021-09-01T03:00:00Z,63.75,63.75,62.25,62.5,60.41341018676758,33520800
2021-09-02T03:00:00Z,62,63.25,61.5,62.75,60.65506362915039,25815900
2021-09-03T03:00:00Z,63,63.5,62.5,63.5,61.38002395629883,11296400
2021-09-06T03:00:00Z,63.25,63.5,62.5,63,60.89671325683594,14060600
2021-09-07T03:00:00Z,63.75,64.25,63,63.25,61.138370513916016,19734100
2021-09-08T03:00:00Z,63.25,63.25,62,63.25,61.138370513916016,20858100
2021-09-09T03:00:00Z,62.5,63,61.5,61.75,59.688446044921875,28785100
2021-09-10T03:00:00Z,61.75,62,60.5,60.75,58.72183609008789,41827600
2021-09-13T03:00:00Z,60.75,62,60.5,62,59.93009948730469,33802400
2021-09-14T03:00:00Z,62.5,63,62,62.25,60.1717529296875,29130700
2021-09-15T03:00:00Z,62.25,62.75,61,61.75,59.688446044921875,31843700
2021-09-16T03:00:00Z,62,62.75,61.75,62.25,60.1717529296875,19309900
2021-09-17T03:00:00Z,62.25,62.5,61.5,61.75,59.688446044921875,30570900
2021-09-20T03:00:00Z,61.25,61.75,60.75,61,58.96348571777344,15462300
2021-09-21T03:00:00Z,61.25,62.5,61,62.25,60.1717529296875,34042400
2021-09-22T03:00:00Z,62,62.5,61.75,62.25,60.1717529296875,16831700
2021-09-23T03:00:00Z,62.25,63,62.25,62.5,60.41341018676758,28959300
2021-09-27T03:00:00Z,62.5,63.25,62,62.25,60.1717529296875,27715000
2021-09-28T03:00:00Z,62.25,62.75,61.5,62,59.93009948730469,21923600
2021-09-29T03:00:00Z,62,62.75,61.75,62,59.93009948730469,15257500
2021-09-30T03:00:00Z,61.75,62,60.5,61,58.96348571777344,33314600
2021-10-01T03:00:00Z,60.5,61.5,60.5,61.25,59.20513916015625,17608100
2021-10-04T03:00:00Z,61.75,63.5,61.75,62.75,60.65506362915039,47238500
2021-10-05T03:00:00Z,62.5,64.75,62.25,64.25,62.104984283447266,63227700
2021-10-06T03:00:00Z,64,64.75,63.5,63.75,61.62167739868164,29331800
2021-10-07T03:00:00Z,64.25,64.5,63.5,63.75,61.62167739868164,20200900
2021-10-08T03:00:00Z,64.25,64.75,63.75,64.25,62.104984283447266,30093400
2021-10-11T03:00:00Z,64.5,64.75,63.75,64.25,62.104984283447266,20324300
2021-10-12T03:00:00Z,66.5,68,66.25,67.75,65.4881362915039,112127300
2021-10-14T03:00:00Z,68,69,67,67.5,65.2464828491211,68304600
2021-10-15T03:00:00Z,68,68,67,67.5,65.2464828491211,27176400
2021-10-18T03:00:00Z,67.25,67.5,66.5,67,64.76317596435547,19809700
2021-10-19T03:00:00Z,67.5,67.5,65,66,63.79655838012695,40954500
2021-10-20T03:00:00Z,66,66.25,65.25,65.5,63.313255310058594,22074200
2021-10-21T03:00:00Z,66,66.25,65,65.75,63.55490493774414,18229300
2021-10-25T03:00:00Z,65.5,65.75,64.5,65,62.82994842529297,24802900
2021-10-26T03:00:00Z,65,65.25,64,64,61.86333084106445,28623900
2021-10-27T03:00:00Z,64,64.25,63.25,64,61.86333084106445,24424800
2021-10-28T03:00:00Z,64.25,64.75,64,64.25,62.104984283447266,13298700
2021-10-29T03:00:00Z,64.25,64.75,64,64.5,62.34663772583008,12104700
2021-11-01T03:00:00Z,64.75,65.5,64,64.5,62.34663772583008,27638700
2021-11-02T03:00:00Z,64.5,65,64.25,65,62.82994842529297,14210700
2021-11-03T03:00:00Z,65,65,64.25,64.75,62.58829116821289,11414200
2021-11-04T03:00:00Z,65,65.25,64.5,65,62.82994842529297,25895900
2021-11-05T03:00:00Z,65.5,65.75,64.75,65.5,63.313255310058594,25352500
2021-11-08T03:00:00Z,67,68,66.75,67.75,65.4881362915039,70000500
2021-11-09T03:00:00Z,67.5,67.5,66.25,67,64.76317596435547,26859200
2021-11-10T03:00:00Z,66.5,66.75,66.25,66.75,64.52151489257812,16401800
2021-11-11T03:00:00Z,66.25,66.5,65.75,66.25,64.03821563720703,11151000
2021-11-12T03:00:00Z,66.5,66.75,66.25,66.5,64.27986907958984,15293900
2021-11-15T03:00:00Z,66.5,67,66.25,66.5,64.27986907958984,14316000
2021-11-16T03:00:00Z,66.5,66.75,66.25,66.5,64.27986907958984,15620900
2021-11-17T03:00:00Z,66.75,67,66.25,66.75,64.52151489257812,22067800
2021-11-18T03:00:00Z,66.5,67,66.5,66.75,64.52151489257812,8597600
2021-11-19T03:00:00Z,66.75,67.25,66.5,66.5,64.27986907958984,21624200
2021-11-22T03:00:00Z,66.25,66.75,66,66.5,64.27986907958984,16786600
2021-11-23T03:00:00Z,66.75,66.75,66.25,66.75,64.52151489257812,18660500
2021-11-24T03:00:00Z,66.75,67.25,66.75,66.75,64.52151489257812,28925000
2021-11-25T03:00:00Z,66.75,67,66,66.75,64.52151489257812,19403700
2021-11-26T03:00:00Z,64,64.25,63,63,60.89671325683594,77290600
2021-11-29T03:00:00Z,62.5,62.75,59.25,59.75,57.755218505859375,97606300
2021-11-30T03:00:00Z,60,61,58.5,59.75,57.755218505859375,122928300
2021-12-01T03:00:00Z,59.5,60.25,58.75,60,57.99687576293945,41791800
2021-12-02T03:00:00Z,59.5,59.75,58.75,59.5,57.51356887817383,32979200
2021-12-03T03:00:00Z,59.5,59.75,59,59.25,57.27191162109375,13247200
2021-12-07T03:00:00Z,60,61.75,60,61.5,59.44679260253906,32032700
2021-12-08T03:00:00Z,61.75,62.5,61.5,62,59.93009948730469,25989800
2021-12-09T03:00:00Z,62,62.25,60.75,61.75,59.688446044921875,28116000
2021-12-13T03:00:00Z,62,62,60.75,61.5,59.44679260253906,20439300
2021-12-14T03:00:00Z,61,61.75,60.5,61.75,59.688446044921875,16159800
2021-12-15T03:00:00Z,61,61.25,60.5,60.75,58.72183609008789,20783300
2021-12-16T03:00:00Z,61,61.25,60.25,60.5,58.48017883300781,36111500
2021-12-17T03:00:00Z,60.25,60.25,59.5,59.5,57.51356887817383,58187900
2021-12-20T03:00:00Z,59.25,60,59,59.5,57.51356887817383,23391600
2021-12-21T03:00:00Z,59.5,60.25,59,59.25,57.27191162109375,21415800
2021-12-22T03:00:00Z,59.5,59.75,58.75,59.25,57.27191162109375,21695600
2021-12-23T03:00:00Z,59.5,60.25,59.25,60,57.99687576293945,11789800
2021-12-24T03:00:00Z,60,60.25,59.5,60.25,58.238529205322266,10171900
2021-12-27T03:00:00Z,60.25,60.25,59.5,59.75,57.755218505859375,12072100
2021-12-28T03:00:00Z,60,60.5,59.75,60,57.99687576293945,14914400
2021-12-29T03:00:00Z,60.25,61.25,60.25,61,58.96348571777344,28331200
2021-12-30T03:00:00Z,61.25,61.25,60.75,61,58.96348571777344,13890600
2022-01-04T03:00:00Z,61,62,60.75,61.75,59.688446044921875,20003300
2022-01-05T03:00:00Z,61.75,62,61.25,61.75,59.688446044921875,13326300
2022-01-06T03:00:00Z,61.75,61.75,60.25,60.5,58.48017883300781,27338300
2022-01-07T03:00:00Z,61.25,61.75,60.5,61.25,59.20513916015625,21964700
2022-01-10T03:00:00Z,61,61.25,60.5,60.75,58.72183609008789,14882400
2022-01-11T03:00:00Z,60.75,61,59.75,60.25,58.238529205322266,28853700
2022-01-12T03:00:00Z,60.25,61,60,60.5,58.48017883300781,21894000
2022-01-13T03:00:00Z,60.25,61,60.25,60.75,58.72183609008789,8129600
2022-01-14T03:00:00Z,61,61.25,60.25,60.5,58.48017883300781,14315700
2022-01-17T03:00:00Z,61,63,60.75,61.5,59.44679260253906,38465200
2022-01-18T03:00:00Z,62,62.25,60.75,61.25,59.20513916015625,25225500
2022-01-19T03:00:00Z,60.75,61.5,60.5,61.25,59.20513916015625,25890700
2022-01-20T03:00:00Z,61.25,63,61,62.5,60.41341018676758,63003300
2022-01-21T03:00:00Z,62.75,63.5,62.5,63,60.89671325683594,53432500
2022-01-24T03:00:00Z,62.5,62.75,61.5,62,59.93009948730469,28526200
2022-01-25T03:00:00Z,61.75,62.25,61.25,62,59.93009948730469,19733900
2022-01-26T03:00:00Z,62.5,63.25,62.5,62.75,60.65506362915039,21583600
2022-01-27T03:00:00Z,62,63,62,63,60.89671325683594,22570100
2022-01-28T03:00:00Z,63.25,64,62.75,64,61.86333084106445,31565900
2022-01-31T03:00:00Z,64.5,64.75,63.75,63.75,61.62167739868164,30331300
2022-02-01T03:00:00Z,64.5,64.5,63.75,64.25,62.104984283447266,8408600
2022-02-02T03:00:00Z,64,64.25,63.25,64,61.86333084106445,9564200
2022-02-03T03:00:00Z,63.5,64.5,63.5,64,61.86333084106445,12821600
2022-02-04T03:00:00Z,64,64.5,63.75,64.25,62.104984283447266,15024700
2022-02-07T03:00:00Z,64,64.5,63.25,64,61.86333084106445,20561800
2022-02-08T03:00:00Z,64,64.25,62.5,63.5,61.38002395629883,28970100
2022-02-09T03:00:00Z,64.5,66,64,65.5,63.313255310058594,80752100
2022-02-10T03:00:00Z,65.75,66,65,65.5,63.313255310058594,41902500
2022-02-11T03:00:00Z,64.5,65.25,63.75,65,62.82994842529297,25093700
2022-02-14T03:00:00Z,64.5,64.75,63.25,63.75,61.62167739868164,37363300
2022-02-15T03:00:00Z,63.75,64.75,63.5,64.5,62.34663772583008,21153400
2022-02-17T03:00:00Z,65.5,65.75,65,65,62.82994842529297,37816200
2022-02-18T03:00:00Z,65,66,65,65.5,63.313255310058594,25438800
2022-02-21T03:00:00Z,65.25,65.5,64.5,65,62.82994842529297,15906500
2022-02-22T03:00:00Z,63.75,64,62.75,63.5,61.38002395629883,37323500
2022-02-23T03:00:00Z,63.75,64.75,63.25,64.25,62.104984283447266,24567700
2022-02-24T03:00:00Z,63.5,63.75,62.5,62.75,60.65506362915039,38628300
2022-02-25T03:00:00Z,63.25,63.5,62.5,63.25,61.138370513916016,21442300
2022-02-28T03:00:00Z,63.5,65,62.5,64.25,62.104984283447266,47624500
2022-03-01T03:00:00Z,64.25,64.5,63,63,60.89671325683594,33032900
2022-03-02T03:00:00Z,62.75,63.25,62.25,62.75,60.65506362915039,31840300
2022-03-03T03:00:00Z,64,65.25,63.75,64.75,62.58829116821289,66298100
2022-03-04T03:00:00Z,64.5,64.5,63.75,64,61.86333084106445,26718600
2022-03-07T03:00:00Z,63,63.25,61.5,62.5,60.41341018676758,51567100
2022-03-08T03:00:00Z,61.5,63.25,61.25,62.75,60.65506362915039,53026900
2022-03-09T03:00:00Z,63.5,64.75,63,64.25,62.104984283447266,50014700
2022-03-10T03:00:00Z,64.5,64.75,64,64.25,62.104984283447266,24343900
2022-03-11T03:00:00Z,64,64.5,63.5,64.25,62.104984283447266,19354700
2022-03-14T03:00:00Z,64,64.25,63.5,64,61.86333084106445,13192000
2022-03-15T03:00:00Z,63.5,63.75,63,63.25,61.138370513916016,14520700
2022-03-16T03:00:00Z,63.75,64,63.25,64,61.86333084106445,14477800
2022-03-17T03:00:00Z,64.5,65.25,64.25,65,62.82994842529297,46140000
2022-03-18T03:00:00Z,65.5,66,64.75,65,62.82994842529297,44780200
2022-03-21T03:00:00Z,65.25,65.25,64.25,65,62.82994842529297,17902300
2022-03-22T03:00:00Z,65,65,64,64.5,62.34663772583008,27250900
2022-03-23T03:00:00Z,64.75,65,64,64.5,62.34663772583008,16421500
2022-03-24T03:00:00Z,64,65,63.75,65,62.82994842529297,16031800
2022-03-25T03:00:00Z,65,65,64.5,65,62.82994842529297,13051500
2022-03-28T03:00:00Z,65.25,65.75,65,65.5,63.313255310058594,21984100
2022-03-29T03:00:00Z,65.75,66.25,65.5,66,63.79655838012695,38923100
2022-03-30T03:00:00Z,66,66.75,65.75,66,63.79655838012695,42707800
2022-03-31T03:00:00Z,65.5,66.25,65.5,66.25,64.03821563720703,15910300
2022-04-01T03:00:00Z,66,66.5,65.5,66.5,64.27986907958984,17020600
2022-04-04T03:00:00Z,66.75,67.75,66.5,67,64.76317596435547,56763900
2022-04-05T03:00:00Z,67,68.25,67,67.5,65.2464828491211,49612000
2022-04-07T03:00:00Z,67.5,67.5,66.5,67,64.76317596435547,28585000
2022-04-08T03:00:00Z,67,67,66,66.75,64.52151489257812,20264100
2022-04-11T03:00:00Z,66.25,67,66,67,64.76317596435547,15843700
2022-04-12T03:00:00Z,66.75,68,66.5,68,65.72978973388672,27433000
2022-04-18T03:00:00Z,67.75,68.25,67,67.25,65.00482940673828,20654900
2022-04-19T03:00:00Z,67.75,68.25,67,67.25,65.00482940673828,28094900
2022-04-20T03:00:00Z,67.5,67.75,67,67,64.76317596435547,12952700
2022-04-21T03:00:00Z,67.25,68,67.25,68,65.72978973388672,22745700
2022-04-22T03:00:00Z,68,68.25,67.5,67.75,65.4881362915039,24680700
2022-04-25T03:00:00Z,67.25,68.25,67.25,67.75,65.4881362915039,22083000
2022-04-26T03:00:00Z,68,69,67.75,68,65.72978973388672,32746200
2022-04-27T03:00:00Z,68,68.5,67.5,68,65.72978973388672,28392600
2022-04-28T03:00:00Z,68.25,68.5,66.5,67,64.76317596435547,41434300
2022-04-29T03:00:00Z,67.25,67.5,66.5,66.75,64.52151489257812,23253400
2022-05-03T03:00:00Z,67,67.5,66.5,67.25,65.00482940673828,17881500
2022-05-05T03:00:00Z,68,68,67,67.25,65.00482940673828,24039900
2022-05-06T03:00:00Z,66.5,67,66,66.5,64.27986907958984,26710700
2022-05-09T03:00:00Z,66.5,66.75,66,66.25,64.03821563720703,22699300
2022-05-10T03:00:00Z,66.5,67.25,66,67,64.76317596435547,25902400
2022-05-11T03:00:00Z,66.75,67,65.75,66.5,64.27986907958984,45768800
2022-05-12T03:00:00Z,66.25,66.75,65.75,66,63.79655838012695,27195100
2022-05-13T03:00:00Z,67,67,65.5,67,64.76317596435547,24538500
2022-05-17T03:00:00Z,67.25,67.75,66.75,67.5,65.2464828491211,30790800
2022-05-18T03:00:00Z,67.75,68.25,67.5,68,65.72978973388672,36113300
2022-05-19T03:00:00Z,67.5,68,67.25,68,65.72978973388672,22803100
2022-05-20T03:00:00Z,68,69,68,69,66.69640350341797,33530400
2022-05-23T03:00:00Z,69.5,69.5,68.5,69.5,67.1797103881836,29734900
2022-05-24T03:00:00Z,69.25,69.25,68.5,69,66.69640350341797,31203900
2022-05-25T03:00:00Z,69.5,70,69,69.25,66.93805694580078,40165800
2022-05-26T03:00:00Z,69.5,69.75,69.25,69.75,67.4213638305664,21362800
2022-05-27T03:00:00Z,69.75,70,68.25,69,66.69640350341797,36557600
2022-05-30T03:00:00Z,69.75,70.75,69.25,69.5,67.1797103881836,60639500
2022-05-31T03:00:00Z,69.5,70,68.75,69.75,67.4213638305664,48720500
2022-06-01T03:00:00Z,69.75,70,69,69.5,67.1797103881836,25350600
2022-06-02T03:00:00Z,69.75,69.75,69.25,69.25,66.93805694580078,12249700
2022-06-06T03:00:00Z,69.5,69.75,69,69.5,67.1797103881836,14781000
2022-06-07T03:00:00Z,69.25,69.5,68.25,68.5,66.21310424804688,31021500
2022-06-08T03:00:00Z,69,69.25,68.25,69,66.69640350341797,14066200
2022-06-09T03:00:00Z,68.75,69,68.25,68.5,66.21310424804688,17485300
2022-06-10T03:00:00Z,68.75,69,68.5,68.75,66.45475006103516,13150200
2022-06-13T03:00:00Z,68.25,68.75,68,68.25,65.971435546875,23100400
2022-06-14T03:00:00Z,68.25,68.5,67.25,68,65.72978973388672,23042400
2022-06-15T03:00:00Z,67.75,68.25,67.5,68.25,65.971435546875,17455000
2022-06-16T03:00:00Z,68.75,69,67.5,67.5,65.2464828491211,34738600
2022-06-17T03:00:00Z,67.25,68.5,67.25,67.75,65.4881362915039,34110300
2022-06-20T03:00:00Z,67.75,69.25,67.75,69.25,66.93805694580078,28079000
2022-06-21T03:00:00Z,69.5,70,69,69.75,67.4213638305664,25838500
2022-06-22T03:00:00Z,69.75,69.75,69,69.5,67.1797103881836,12746300
2022-06-23T03:00:00Z,69.75,70.5,69,69,66.69640350341797,30972900
2022-06-24T03:00:00Z,69.5,70,69.25,69.75,67.4213638305664,25638000
2022-06-27T03:00:00Z,70.25,70.5,70,70.25,67.90467071533203,19393500
2022-06-28T03:00:00Z,70.5,72,69.75,72,69.59624481201172,43784200
2022-06-29T03:00:00Z,71.75,72,70.75,71,68.62963104248047,40628800
2022-06-30T03:00:00Z,71.25,71.25,70.5,71,68.62963104248047,17502800
2022-07-01T03:00:00Z,71,71,70.25,70.5,68.14631652832031,20344900
2022-07-04T03:00:00Z,70.75,71,70.5,71,68.62963104248047,18524800
2022-07-05T03:00:00Z,71,71.25,70,70.25,67.90467071533203,28226400
2022-07-06T03:00:00Z,70.25,70.5,69.75,70.5,68.14631652832031,23700300
2022-07-07T03:00:00Z,70.5,71.25,70.25,71.25,68.87128448486328,22544800
2022-07-08T03:00:00Z,71.5,71.5,70.5,70.75,68.38797760009766,19498600
2022-07-11T03:00:00Z,70.5,70.75,70,70.75,68.38797760009766,14227300
2022-07-12T03:00:00Z,70.25,70.5,69.75,70,67.66302490234375,16738900
2022-07-14T03:00:00Z,70,70.5,69.5,69.75,67.4213638305664,18757200
2022-07-15T03:00:00Z,69.75,70,69,69.75,67.4213638305664,21725300
2022-07-18T03:00:00Z,70,70.25,69.75,70,67.66302490234375,15951700
2022-07-19T03:00:00Z,70.25,70.25,69.25,69.5,67.1797103881836,13543700
2022-07-20T03:00:00Z,69.75,70,69,70,67.66302490234375,26548200
2022-07-21T03:00:00Z,70.25,70.25,69.25,69.5,67.1797103881836,14111700
2022-07-22T03:00:00Z,69.5,70,69.25,70,67.66302490234375,12092200
2022-07-25T03:00:00Z,69.75,70,69.25,69.5,67.1797103881836,11685300
2022-07-26T03:00:00Z,69.25,69.5,68.75,69.25,66.93805694580078,25156700
2022-07-27T03:00:00Z,69.5,70.25,69.25,70.25,67.90467071533203,17453100
2022-08-01T03:00:00Z,70,71,69.75,71,68.62963104248047,26865000
2022-08-02T03:00:00Z,70.75,71,70.25,70.5,68.14631652832031,15956400
2022-08-03T03:00:00Z,70.5,70.75,70,70.75,68.38797760009766,11361200
2022-08-04T03:00:00Z,70.75,71.75,70.5,71.25,68.87128448486328,31152800
2022-08-05T03:00:00Z,71.75,71.75,71,71.75,69.3545913696289,21971500
2022-08-08T03:00:00Z,72,72,71.25,72,69.59624481201172,18320900
2022-08-09T03:00:00Z,72,73,71.5,71.75,69.3545913696289,38610100
2022-08-10T03:00:00Z,71.75,72.25,71.5,72,69.59624481201172,31351600
2022-08-11T03:00:00Z,72,72.5,72,72.5,70.07955169677734,17368300
2022-08-15T03:00:00Z,72.5,72.75,72,72.5,70.07955169677734,23870100
2022-08-16T03:00:00Z,72.25,72.5,70.75,71.5,69.1129379272461,65783700
2022-08-17T03:00:00Z,71.25,72,71,72,69.59624481201172,21930400
2022-08-18T03:00:00Z,72,72.25,71.25,72,69.59624481201172,19298100
2022-08-19T03:00:00Z,72,72.25,71.75,72,69.59624481201172,18628900
2022-08-22T03:00:00Z,71.75,72,71,71.25,68.87128448486328,11825700
2022-08-23T03:00:00Z,71.25,72,71,71.5,69.1129379272461,19197900
2022-08-24T03:00:00Z,71.25,72,71,71.5,69.1129379272461,20874700
2022-08-25T03:00:00Z,71.5,72.75,71.5,72.5,70.07955169677734,33070200
2022-08-26T03:00:00Z,72.5,72.75,71.75,72.25,69.83790588378906,26334800
2022-08-29T03:00:00Z,71.75,72,70.75,71.25,68.87128448486328,27342000
2022-08-30T03:00:00Z,71.25,72.5,71.25,72.5,70.07955169677734,16616800
2022-08-31T03:00:00Z,72,72.75,71.75,72.75,70.32120513916016,30906800
2022-09-01T03:00:00Z,72.25,72.5,71.75,72,69.59624481201172,13542200
2022-09-02T03:00:00Z,72,72.75,72,72.25,69.83790588378906,10779000
2022-09-05T03:00:00Z,72.25,72.5,71.5,72.25,69.83790588378906,17588500
2022-09-06T03:00:00Z,72.5,72.5,71.75,72,69.59624481201172,13694100
2022-09-07T03:00:00Z,72.25,72.5,71.5,72.25,69.83790588378906,21476600
2022-09-08T03:00:00Z,72.5,72.5,71.75,72,69.59624481201172,10802300
2022-09-09T03:00:00Z,72,72.5,72,72.5,70.07955169677734,14429800
2022-09-12T03:00:00Z,72.75,73.5,72.5,72.75,70.32120513916016,27594100
2022-09-13T03:00:00Z,72.75,73.5,72.5,73.25,70.80451965332031,17204100
2022-09-14T03:00:00Z,72.75,73.25,72.75,73.25,70.80451965332031,12823100
2022-09-15T03:00:00Z,73,73.25,72.5,72.5,70.07955169677734,22780300
2022-09-16T03:00:00Z,72.25,73,72,73,70.56285858154297,24388100
2022-09-19T03:00:00Z,73,73.25,72.5,73,70.56285858154297,15995000
2022-09-20T03:00:00Z,73,73.25,72.5,73.25,70.80451965332031,22486000
2022-09-21T03:00:00Z,73,73.5,72.75,73,70.56285858154297,12900500
2022-09-22T03:00:00Z,72.75,73.25,72.5,73,70.56285858154297,20208900
2022-09-23T03:00:00Z,73.5,75.25,73.5,73.75,71.28782653808594,61251900
2022-09-26T03:00:00Z,73.5,73.75,72.75,73.25,70.80451965332031,31686900
2022-09-27T03:00:00Z,73.25,73.75,72.75,73.5,71.0461654663086,21283600
2022-09-28T03:00:00Z,73.25,73.75,73,73,70.56285858154297,25140300
2022-09-29T03:00:00Z,73,74.25,73,73,70.56285858154297,37129400
2022-09-30T03:00:00Z,73,73.25,72.5,72.5,70.07955169677734,34664900
2022-10-03T03:00:00Z,72.75,73,71.5,71.75,69.3545913696289,43994900
2022-10-04T03:00:00Z,72.5,72.75,72,72.25,69.83790588378906,31385300
2022-10-05T03:00:00Z,72.5,72.75,72,72.25,69.83790588378906,16578700
2022-10-06T03:00:00Z,72.75,73,72.5,72.5,70.07955169677734,17490300
2022-10-07T03:00:00Z,72.5,73,72.25,73,70.56285858154297,12381800
2022-10-10T03:00:00Z,72.5,73,72.25,72.5,70.07955169677734,12887300
2022-10-11T03:00:00Z,72.25,72.5,71.5,71.5,69.1129379272461,23327100
2022-10-12T03:00:00Z,71.75,71.75,71,71,68.62963104248047,25566100
2022-10-17T03:00:00Z,71,71.25,70,70.25,67.90467071533203,41593700
2022-10-18T03:00:00Z,70.25,72.25,70,72,69.59624481201172,32746500
2022-10-19T03:00:00Z,72.5,72.5,71.5,72,69.59624481201172,12558900
2022-10-20T03:00:00Z,71.5,73,71,73,70.56285858154297,26005400
2022-10-21T03:00:00Z,72.75,73.5,72.5,73.5,71.0461654663086,16758900
2022-10-25T03:00:00Z,73.75,74.25,73.5,73.75,71.28782653808594,22432100
2022-10-26T03:00:00Z,74,74,73.5,73.75,71.28782653808594,17061100
2022-10-27T03:00:00Z,73.75,74,73.25,73.75,71.28782653808594,18140800
2022-10-28T03:00:00Z,73.5,74,73,73.5,71.0461654663086,17924800
2022-10-31T03:00:00Z,73.75,74,73.5,74,71.52947235107422,10779400
2022-11-01T03:00:00Z,74,74.5,73.5,74.25,71.77112579345703,18686800
2022-11-02T03:00:00Z,74.5,75,74.25,74.75,72.25444030761719,29162600
2022-11-03T03:00:00Z,74.75,74.75,74,74.5,72.01278686523438,13795000
2022-11-04T03:00:00Z,74.75,75,74.25,74.5,72.01278686523438,20808800
2022-11-07T03:00:00Z,74.5,74.75,74,74,71.52947235107422,19712900
2022-11-08T03:00:00Z,74.25,74.5,74,74.25,71.77112579345703,15014500
2022-11-09T03:00:00Z,74.5,74.75,74.25,74.75,72.25444030761719,26517400
2022-11-10T03:00:00Z,74.75,74.75,74.25,74.75,72.25444030761719,12120300
2022-11-11T03:00:00Z,75,76.25,75,75.75,73.22106170654297,43289500
2022-11-14T03:00:00Z,76,76,75,75.25,72.73774719238281,31974800
2022-11-15T03:00:00Z,75,76,74.75,75.75,73.22106170654297,23257400
2022-11-16T03:00:00Z,75.5,75.75,74.5,74.5,72.01278686523438,20390800
2022-11-17T03:00:00Z,74.75,74.75,74,74.5,72.01278686523438,34892300
2022-11-18T03:00:00Z,74.5,74.5,73.5,74,71.52947235107422,25499600
2022-11-21T03:00:00Z,73.75,74.75,73.5,74.75,72.25444030761719,19208500
2022-11-22T03:00:00Z,74,74.75,73.5,74.5,72.01278686523438,28638000
2022-11-23T03:00:00Z,74.5,75.25,74.5,74.75,72.25444030761719,20729800
2022-11-24T03:00:00Z,74.75,75,74.5,74.5,72.01278686523438,9723700
2022-11-25T03:00:00Z,74.5,74.75,74,74.25,71.77112579345703,14998500
2022-11-28T03:00:00Z,74,74.25,73.75,74,71.52947235107422,8018400
2022-11-29T03:00:00Z,74,74.5,74,74.5,72.01278686523438,12245700
2022-11-30T03:00:00Z,74.75,75,74.5,75,72.49609375,24737600
2022-12-01T03:00:00Z,75,75.25,73.75,74,71.52947235107422,29702900
2022-12-02T03:00:00Z,74.5,74.5,73.75,73.75,71.28782653808594,18449400
2022-12-06T03:00:00Z,73.5,74.25,73,74.25,71.77112579345703,21036400
2022-12-07T03:00:00Z,74,74.5,73.5,74,71.52947235107422,16385200
2022-12-08T03:00:00Z,74,74.25,73.5,74,71.52947235107422,12053500
2022-12-09T03:00:00Z,74.25,74.5,73.5,73.5,71.0461654663086,18125900
2022-12-13T03:00:00Z,73.75,74.25,73.5,74.25,71.77112579345703,18780200
2022-12-14T03:00:00Z,74,74.25,73.5,74.25,71.77112579345703,13408700
2022-12-15T03:00:00Z,74,74.25,73.25,73.25,70.80451965332031,20551000
2022-12-16T03:00:00Z,73,73.75,73,73.5,71.0461654663086,24567700
2022-12-19T03:00:00Z,73.75,73.75,73.25,73.75,71.28782653808594,10608800
2022-12-20T03:00:00Z,73.75,73.75,73,73.75,71.28782653808594,14342100
2022-12-21T03:00:00Z,73.75,73.75,72.75,73.25,70.80451965332031,16257300
2022-12-22T03:00:00Z,73.5,73.5,72.5,73,70.56285858154297,12782900
2022-12-23T03:00:00Z,72.75,73.25,72.5,73,70.56285858154297,13560600
2022-12-26T03:00:00Z,73.5,73.75,73.25,73.75,71.28782653808594,5807600
2022-12-27T03:00:00Z,74.25,75.5,74.25,75.5,72.9793930053711,64980600
2022-12-28T03:00:00Z,75.5,75.5,75,75.5,72.9793930053711,26582800
2022-12-29T03:00:00Z,75.25,76.25,75.25,76.25,73.70436096191406,25313000
2022-12-30T03:00:00Z,76,76.5,75,75,72.49609375,38721200
2023-01-03T03:00:00Z,75.25,75.75,75,75,72.49609375,21950400
2023-01-04T03:00:00Z,75.25,75.25,74.5,74.5,72.01278686523438,17672700
2023-01-05T03:00:00Z,74.25,75.5,74,75,72.49609375,35034500
2023-01-06T03:00:00Z,75.5,75.75,75.25,75.5,72.9793930053711,22225400
2023-01-09T03:00:00Z,76,76,75,75.25,72.73774719238281,22078800
2023-01-10T03:00:00Z,75.5,75.75,74.75,75.25,72.73774719238281,29745000
2023-01-11T03:00:00Z,75,75.25,74,74.25,71.77112579345703,42854900
2023-01-12T03:00:00Z,74,74.5,74,74,71.52947235107422,32435200
2023-01-13T03:00:00Z,74,74.5,73.25,73.5,71.0461654663086,40830200
2023-01-16T03:00:00Z,73.75,74.25,72.5,73.25,70.80451965332031,50826800
2023-01-17T03:00:00Z,73.25,73.75,73,73.25,70.80451965332031,24929900
2023-01-18T03:00:00Z,73.5,75,73.25,75,72.49609375,57110300
2023-01-19T03:00:00Z,75.25,75.25,74.5,74.5,72.01278686523438,23253000
2023-01-20T03:00:00Z,74.75,75,74.25,74.75,72.25444030761719,12765000
2023-01-23T03:00:00Z,74.75,75.25,74.75,74.75,72.25444030761719,11512700
2023-01-24T03:00:00Z,75,75.5,74.75,75.25,72.73774719238281,21934200
2023-01-25T03:00:00Z,75.25,75.5,74.75,75,72.49609375,14172300
2023-01-26T03:00:00Z,75,75.25,74.75,75.25,72.73774719238281,16930000
2023-01-27T03:00:00Z,75.25,75.5,75,75.5,72.9793930053711,9846700
2023-01-30T03:00:00Z,75.5,75.5,74.75,75.25,72.73774719238281,18015800
2023-01-31T03:00:00Z,75.25,75.25,74.25,74.25,71.77112579345703,24997200
2023-02-01T03:00:00Z,74.75,74.75,74,74.75,72.25444030761719,16638400
2023-02-02T03:00:00Z,74.5,74.75,74.5,74.5,72.01278686523438,15623800
2023-02-03T03:00:00Z,74,74.25,73.75,73.75,71.28782653808594,26205400
2023-02-06T03:00:00Z,74,74.25,73.75,73.75,71.28782653808594,9964300
2023-02-07T03:00:00Z,73.5,74,73.25,73.5,71.0461654663086,19880400
2023-02-08T03:00:00Z,73.5,74.25,73.25,74,71.52947235107422,20053500
2023-02-09T03:00:00Z,73.75,73.75,73.25,73.5,71.0461654663086,13509100
2023-02-10T03:00:00Z,73.25,73.5,73,73,70.56285858154297,14626200
2023-02-13T03:00:00Z,72.75,73,72.5,72.75,70.32120513916016,21881600
2023-02-14T03:00:00Z,72.5,72.75,71.5,71.75,69.3545913696289,44070700
2023-02-15T03:00:00Z,72,73,71.75,73,70.56285858154297,18113100
2023-02-16T03:00:00Z,73,73.25,72.75,72.75,70.32120513916016,8971400
2023-02-17T03:00:00Z,72.5,72.75,72,72.5,70.07955169677734,12606800
2023-02-20T03:00:00Z,72.5,73,72.5,73,70.56285858154297,8521800
2023-02-21T03:00:00Z,73,73.25,72.5,73,70.56285858154297,11168200
2023-02-22T03:00:00Z,72.75,73,72,72,69.59624481201172,14872200
2023-02-23T03:00:00Z,72,72.5,71.75,72.5,70.07955169677734,14467600
2023-02-24T03:00:00Z,72.5,72.75,72.25,72.5,70.07955169677734,6831300
2023-02-27T03:00:00Z,72.25,72.75,72,72.25,69.83790588378906,12633100
2023-02-28T03:00:00Z,72.5,72.75,72.25,72.75,70.32120513916016,19706700
2023-03-01T03:00:00Z,73,73.5,72.5,72.5,70.07955169677734,13911200
2023-03-02T03:00:00Z,72.5,72.5,71.25,71.75,69.3545913696289,34597500
2023-03-03T03:00:00Z,71.5,71.5,70.25,70.5,68.14631652832031,24689500
2023-03-07T03:00:00Z,70.75,71,69.75,69.75,67.4213638305664,26158600
2023-03-08T03:00:00Z,69.25,70,69,69.75,67.4213638305664,32810000
2023-03-09T03:00:00Z,70.25,70.25,69.5,69.5,67.1797103881836,21351800
2023-03-10T03:00:00Z,69,69.25,68.5,68.5,66.21310424804688,19356000
2023-03-13T03:00:00Z,68.75,69,67.5,67.75,65.4881362915039,37910700
2023-03-14T03:00:00Z,66,67.5,66,66.25,64.03821563720703,44347800
2023-03-15T03:00:00Z,67.75,71.25,67.5,70.75,68.38797760009766,52371400
2023-03-16T03:00:00Z,70,70.75,69.5,70.5,68.14631652832031,30128100
2023-03-17T03:00:00Z,71,71.25,70,70.5,68.14631652832031,19454900
2023-03-20T03:00:00Z,70.5,70.75,69.5,70,67.66302490234375,16487500
2023-03-21T03:00:00Z,70.25,70.75,70,70.25,67.90467071533203,20082500
2023-03-22T03:00:00Z,70.5,71.5,70.25,71.25,68.87128448486328,16096000
2023-03-23T03:00:00Z,71.25,72.5,71,71.75,69.3545913696289,13160300
2023-03-24T03:00:00Z,72,72.75,71.75,72,69.59624481201172,17539700
2023-03-27T03:00:00Z,72,72.25,71.5,71.75,69.3545913696289,6787100
2023-03-28T03:00:00Z,72,72,71.25,71.75,69.3545913696289,12680500
2023-03-29T03:00:00Z,72,72.25,71.75,71.75,69.3545913696289,9489400
2023-03-30T03:00:00Z,72,72.25,71,71,68.62963104248047,16098400
2023-03-31T03:00:00Z,71,71.5,70.75,71,68.62963104248047,12874900
2023-04-03T03:00:00Z,71.25,72,71,71.5,69.1129379272461,14131700
2023-04-04T03:00:00Z,72.25,72.5,71.75,71.75,69.3545913696289,18295200
2023-04-05T03:00:00Z,71.75,72,71.25,71.75,69.3545913696289,12287200
2023-04-07T03:00:00Z,71.75,72.5,71.75,72,69.59624481201172,11882300
2023-04-10T03:00:00Z,72,72.75,71.5,72.5,70.07955169677734,9797700
2023-04-11T03:00:00Z,72.75,72.75,71.75,72.75,70.32120513916016,16371000
2023-04-12T03:00:00Z,72.5,72.75,71.75,72.5,70.07955169677734,21954300
2023-04-17T03:00:00Z,72.5,72.75,71.5,72.75,70.32120513916016,19218000
2023-04-18T03:00:00Z,72.75,73,72.25,72.5,70.07955169677734,15652200
2023-04-19T03:00:00Z,72.5,73.25,72.25,72.5,70.07955169677734,27120600
2023-04-20T03:00:00Z,72.25,72.75,72,72.25,69.83790588378906,17550500
2023-04-21T03:00:00Z,72.25,72.5,71.5,72.25,69.83790588378906,15865400
2023-04-24T03:00:00Z,72,72.75,72,72.75,70.32120513916016,12549200
2023-04-25T03:00:00Z,72.5,72.75,72.25,72.25,69.83790588378906,15140200
2023-04-26T03:00:00Z,72.5,73,72.5,73,70.56285858154297,10854000
2023-04-27T03:00:00Z,73.25,73.5,72.75,73,70.56285858154297,12731500
2023-04-28T03:00:00Z,73,73.25,72.75,73.25,70.80451965332031,15294300
2023-05-02T03:00:00Z,73.25,73.75,73,73.5,71.0461654663086,12686700
2023-05-03T03:00:00Z,73.5,73.75,73,73.25,70.80451965332031,16659300
2023-05-08T03:00:00Z,73.5,73.75,73.5,73.75,71.28782653808594,19353000
2023-05-09T03:00:00Z,73.75,74.25,73.25,73.25,70.80451965332031,37315700
2023-05-10T03:00:00Z,73.5,73.75,73,73.75,71.28782653808594,17519200
2023-05-11T03:00:00Z,73.5,74,73.25,73.5,71.0461654663086,15648900
2023-05-12T03:00:00Z,73.5,73.75,73,73.25,70.80451965332031,20157500
2023-05-15T03:00:00Z,73.75,73.75,73,73.25,70.80451965332031,36085500
2023-05-16T03:00:00Z,73.25,73.5,72,72,69.59624481201172,28372800
2023-05-17T03:00:00Z,72,72.25,71,72,69.59624481201172,37799300
2023-05-18T03:00:00Z,72,72.5,71.5,71.5,69.1129379272461,21507100
2023-05-19T03:00:00Z,71.5,71.5,70.25,70.25,67.90467071533203,26330400
2023-05-22T03:00:00Z,69.75,72.25,69,72,69.59624481201172,29892700
2023-05-23T03:00:00Z,71.5,71.75,70.25,70.5,68.14631652832031,36209500
2023-05-24T03:00:00Z,70.5,71,70.25,70.75,68.38797760009766,15298200
2023-05-25T03:00:00Z,70.5,70.75,70,70.25,67.90467071533203,15063700
2023-05-26T03:00:00Z,70,70.5,70,70,67.66302490234375,13727600
2023-05-29T03:00:00Z,70,70.5,70,70.5,68.14631652832031,8012700
2023-05-30T03:00:00Z,70.5,71,70.25,70.75,68.38797760009766,17126200
2023-05-31T03:00:00Z,70.5,71,70,70.75,68.38797760009766,13470100
2023-06-01T03:00:00Z,70.75,71.25,70.5,70.75,68.38797760009766,14582600
2023-06-02T03:00:00Z,71,71.25,70.75,70.75,68.38797760009766,14868100
2023-06-06T03:00:00Z,70,70.5,69.75,70.25,67.90467071533203,11121100
2023-06-07T03:00:00Z,70.25,70.5,69.75,70.5,68.14631652832031,11699900
2023-06-08T03:00:00Z,70.25,71.25,70.25,71.25,68.87128448486328,10477800
2023-06-09T03:00:00Z,71.25,72.25,71,72.25,69.83790588378906,16264400
2023-06-12T03:00:00Z,72,72.5,71.5,71.75,69.3545913696289,11177000
2023-06-13T03:00:00Z,72,72.5,71.75,71.75,69.3545913696289,11328100
2023-06-14T03:00:00Z,72,72.25,71.5,71.5,69.1129379272461,8914200
2023-06-15T03:00:00Z,71.5,72,71.25,71.5,69.1129379272461,9459500
2023-06-16T03:00:00Z,71.75,72,70.75,71.25,68.87128448486328,14676300
2023-06-19T03:00:00Z,71.5,72,71.25,71.5,69.1129379272461,9560900
2023-06-20T03:00:00Z,72.25,72.75,72,72.25,69.83790588378906,15638100
2023-06-21T03:00:00Z,72.5,73,72,72.5,70.07955169677734,15778600
2023-06-22T03:00:00Z,72.75,72.75,72,72.25,69.83790588378906,14106400
2023-06-23T03:00:00Z,72.25,72.25,71.5,71.75,69.3545913696289,12849700
2023-06-26T03:00:00Z,71.75,72,71.25,71.75,69.3545913696289,14035700
2023-06-27T03:00:00Z,71.75,72,71.5,71.75,69.3545913696289,16896900
2023-06-28T03:00:00Z,71.75,72,71.25,71.25,68.87128448486328,7279500
2023-06-29T03:00:00Z,71.5,72,71,71.25,68.87128448486328,15424000
2023-06-30T03:00:00Z,71.25,72.25,71.25,72,69.59624481201172,11584000
2023-07-03T03:00:00Z,72,72.25,71.5,71.75,69.3545913696289,5650600
2023-07-04T03:00:00Z,71.5,72,71.25,71.75,69.3545913696289,11613700
2023-07-05T03:00:00Z,71.75,72.25,71.75,71.75,69.3545913696289,9552800
2023-07-06T03:00:00Z,71.5,71.75,70.75,71,68.62963104248047,16543900
2023-07-07T03:00:00Z,70.5,71.25,70.25,71.25,68.87128448486328,9363200
2023-07-10T03:00:00Z,71.25,71.25,70.25,70.75,68.38797760009766,12311900
2023-07-11T03:00:00Z,71,71.25,70.5,70.75,68.38797760009766,8796000
2023-07-12T03:00:00Z,70.75,71.5,70.5,71.25,68.87128448486328,23836900
2023-07-13T03:00:00Z,70.5,70.75,69.25,69.25,66.93805694580078,46426100
2023-07-14T03:00:00Z,69.5,70.25,69.25,70.25,67.90467071533203,17346900
2023-07-17T03:00:00Z,70.25,71,70,71,68.62963104248047,7645600
2023-07-18T03:00:00Z,71,71.5,70.75,71.5,69.1129379272461,7790300
2023-07-19T03:00:00Z,71.5,72,71,71.75,69.3545913696289,22363200
2023-07-20T03:00:00Z,71.5,71.75,70.5,70.5,68.14631652832031,23528600
2023-07-21T03:00:00Z,70.5,72,70.5,71.75,69.3545913696289,15440400
2023-07-24T03:00:00Z,71.5,71.75,70.75,71,68.62963104248047,13374100
2023-07-25T03:00:00Z,71.25,71.25,70.75,70.75,68.38797760009766,10912500
2023-07-26T03:00:00Z,71.25,71.5,71,71,68.62963104248047,7374300
2023-07-27T03:00:00Z,71.25,71.5,70.75,71.25,68.87128448486328,26149600
2023-07-31T03:00:00Z,71.5,71.75,71.25,71.5,69.1129379272461,8051500
2023-08-02T03:00:00Z,71.5,71.75,71,71.5,69.1129379272461,10852100
2023-08-03T03:00:00Z,71,71.25,70.5,70.5,68.14631652832031,9617100
2023-08-04T03:00:00Z,70.75,71,70.5,70.75,68.38797760009766,5967500
2023-08-07T03:00:00Z,70.75,71.5,70.25,70.75,68.38797760009766,18218600
2023-08-08T03:00:00Z,70.75,71,70,70,67.66302490234375,9482000
2023-08-09T03:00:00Z,70.25,70.5,70,70,67.66302490234375,11420500
2023-08-10T03:00:00Z,70,71,69.5,71,68.62963104248047,16801800
2023-08-11T03:00:00Z,71,71.25,70.5,71.25,68.87128448486328,11101800
2023-08-15T03:00:00Z,71.5,71.5,70.5,70.75,68.38797760009766,13263000
2023-08-16T03:00:00Z,70.5,71,70,70.25,67.90467071533203,22938900
2023-08-17T03:00:00Z,70,71,69.75,70.75,68.38797760009766,10473500
2023-08-18T03:00:00Z,70.5,70.75,70,70.75,68.38797760009766,15299600
2023-08-21T03:00:00Z,70.75,71,70.25,70.5,68.14631652832031,7236900
2023-08-22T03:00:00Z,70.5,71.25,70.5,70.75,68.38797760009766,13392600
2023-08-23T03:00:00Z,71,72,71,71.75,69.3545913696289,15546900
2023-08-24T03:00:00Z,72,72.5,71.75,72,69.59624481201172,19616500
2023-08-25T03:00:00Z,71.75,72,71.25,71.5,69.1129379272461,15779700
2023-08-28T03:00:00Z,72,72.5,71.75,72,69.59624481201172,14594100
2023-08-29T03:00:00Z,72,73.5,72,73.25,70.80451965332031,44268300
2023-08-30T03:00:00Z,73,73.25,72.75,73.25,70.80451965332031,19602000
2023-08-31T03:00:00Z,72.75,73.25,72.5,72.5,70.07955169677734,14566400
2023-09-01T03:00:00Z,72.75,73,72.25,72.75,70.32120513916016,12652300
2023-09-04T03:00:00Z,72.75,73,72,72,69.59624481201172,16304300
2023-09-05T03:00:00Z,72,72.25,71.75,72,69.59624481201172,8726900
2023-09-06T03:00:00Z,72,72.25,71.25,71.75,69.3545913696289,16864600
2023-09-07T03:00:00Z,71.75,72.25,71.5,71.75,69.3545913696289,9328300
2023-09-08T03:00:00Z,71.75,72,71,71,68.62963104248047,14717400
2023-09-11T03:00:00Z,71,71.5,70.5,71.25,68.87128448486328,15233000
2023-09-12T03:00:00Z,71.5,71.75,71.25,71.25,68.87128448486328,5985300
2023-09-13T03:00:00Z,71.5,71.5,71,71.25,68.87128448486328,11557500
2023-09-14T03:00:00Z,71.25,71.5,70.75,71.5,69.1129379272461,8476900
2023-09-15T03:00:00Z,71.75,71.75,71,71.25,68.87128448486328,12213400
2023-09-18T03:00:00Z,71.25,71.25,70.5,70.75,68.38797760009766,14167800
2023-09-19T03:00:00Z,71,71.25,70.25,70.25,67.90467071533203,11984200
2023-09-20T03:00:00Z,70.5,70.5,69.5,69.75,67.4213638305664,30243700
2023-09-21T03:00:00Z,69.5,70.5,69.25,70,67.66302490234375,15172300
2023-09-22T03:00:00Z,70,70.75,69.75,70.25,67.90467071533203,13858700
2023-09-25T03:00:00Z,70.5,70.5,69.5,69.5,67.1797103881836,18452600
2023-09-26T03:00:00Z,69.5,69.75,69,69,66.69640350341797,19287300
2023-09-27T03:00:00Z,69,69.5,69,69.5,67.1797103881836,12432900
2023-09-28T03:00:00Z,69.5,70.5,69.25,69.25,66.93805694580078,26114400
2023-09-29T03:00:00Z,70,71,69.75,69.75,67.4213638305664,29888300
2023-10-02T03:00:00Z,69.75,70.75,69.75,70.25,67.90467071533203,14393300
2023-10-03T03:00:00Z,69.75,70.25,69.5,70,67.66302490234375,18055800
2023-10-04T03:00:00Z,68,69,67.5,68.5,66.21310424804688,57739700
2023-10-05T03:00:00Z,68.5,69.25,68,69.25,66.93805694580078,19660300
2023-10-06T03:00:00Z,69,69.25,68.75,68.75,66.45475006103516,15338900
2023-10-09T03:00:00Z,68.75,69,68.5,68.75,66.45475006103516,11276700
2023-10-10T03:00:00Z,69,69.25,68.5,68.5,66.21310424804688,7721800
2023-10-11T03:00:00Z,68.5,69.25,67.75,68.75,66.45475006103516,24971100
2023-10-12T03:00:00Z,68.75,69,68.25,68.5,66.21310424804688,12184500
2023-10-16T03:00:00Z,68.25,68.5,66.5,66.75,64.52151489257812,40261800
2023-10-17T03:00:00Z,67.25,68.75,67.25,68.25,65.971435546875,19838000
2023-10-18T03:00:00Z,68,68.75,68,68.75,66.45475006103516,9043700
2023-10-19T03:00:00Z,68,68.25,67.5,68,65.72978973388672,13827000
2023-10-20T03:00:00Z,67.5,67.75,66.75,66.75,64.52151489257812,12787600
2023-10-24T03:00:00Z,66.5,67,65.5,65.75,63.55490493774414,26330900
2023-10-25T03:00:00Z,66.25,67,66,66.75,64.52151489257812,15355400
2023-10-26T03:00:00Z,66.25,66.75,66,66,63.79655838012695,12249600
2023-10-27T03:00:00Z,66.5,67.25,66.25,67,64.76317596435547,11316100
2023-10-30T03:00:00Z,66.75,67.25,66.5,67.25,65.00482940673828,10175800
2023-10-31T03:00:00Z,67,67.25,66.25,66.75,64.52151489257812,8770600
2023-11-01T03:00:00Z,66.5,67,66,66.75,64.52151489257812,15374600
2023-11-02T03:00:00Z,67.25,68.5,67,68.5,66.21310424804688,13129100
2023-11-03T03:00:00Z,68.75,69,68.5,68.75,66.45475006103516,8117800
2023-11-06T03:00:00Z,69.25,69.25,68.5,68.5,66.21310424804688,13880800
2023-11-07T03:00:00Z,68.5,69.25,68.25,68.5,66.21310424804688,11647000
2023-11-08T03:00:00Z,68.75,69,68.5,68.75,66.45475006103516,7122200
2023-11-09T03:00:00Z,69,69.25,68.25,69,66.69640350341797,10480800
2023-11-10T03:00:00Z,68.5,68.75,67.5,67.5,65.2464828491211,21472600
2023-11-13T03:00:00Z,67.5,67.75,67,67.75,65.4881362915039,13508700
2023-11-14T03:00:00Z,68,68.5,67.75,68.25,65.971435546875,9534900
2023-11-15T03:00:00Z,68.5,68.75,68,68.5,66.21310424804688,11714800
2023-11-16T03:00:00Z,68.5,68.75,68,68.75,66.45475006103516,7091500
2023-11-17T03:00:00Z,68.25,69.25,68.25,69,66.69640350341797,14364700
2023-11-20T03:00:00Z,69,69.25,68.5,69,66.69640350341797,10867800
2023-11-21T03:00:00Z,69,69,67,67.25,65.00482940673828,55210400
2023-11-22T03:00:00Z,67.25,67.5,65.75,66,63.79655838012695,50862200
2023-11-23T03:00:00Z,66,66,61.5,62.5,60.41341018676758,177132800
2023-11-24T03:00:00Z,62.75,63.5,62,62.5,60.41341018676758,62490100
2023-11-27T03:00:00Z,61.75,62,60.5,61,58.96348571777344,64818700
2023-11-28T03:00:00Z,61.5,61.75,60.25,60.5,58.48017883300781,56604800
2023-11-29T03:00:00Z,60.25,60.75,59,59,57.03025817871094,108747800
2023-11-30T03:00:00Z,59.5,60,59,59.5,57.51356887817383,58997200
2023-12-01T03:00:00Z,59.25,59.5,58,58.5,56.54695129394531,55331800
2023-12-04T03:00:00Z,59.75,60.5,59.5,60,57.99687576293945,25844400
2023-12-06T03:00:00Z,60.25,60.5,59.5,60,57.99687576293945,28942300
2023-12-07T03:00:00Z,60,60.25,59,60,57.99687576293945,29301600
2023-12-08T03:00:00Z,60,60.25,59.75,60,58.346954345703125,20024600
2023-12-12T03:00:00Z,60,60,59.25,59.5,57.8607292175293,14888100
2023-12-13T03:00:00Z,59.75,59.75,58.75,59,57.37450408935547,21963800
2023-12-14T03:00:00Z,59.25,59.75,59,59.75,58.103843688964844,17740500
2023-12-15T03:00:00Z,60,61.75,60,61,59.319400787353516,46822100
2023-12-18T03:00:00Z,60.5,60.75,60,60.75,59.076290130615234,30313400
2023-12-19T03:00:00Z,60.5,60.75,60,60.25,58.59006881713867,15026900
2023-12-20T03:00:00Z,60.5,60.5,59.25,59.5,57.8607292175293,49093400
2023-12-21T03:00:00Z,59.25,61,59,60.5,58.83317947387695,24752700
2023-12-22T03:00:00Z,60.75,61,60,60.25,58.59006881713867,21702000
2023-12-25T03:00:00Z,60.25,60.75,60.25,60.5,58.83317947387695,7279200
2023-12-26T03:00:00Z,60.25,60.75,59.75,60,58.346954345703125,21680400
2023-12-27T03:00:00Z,59.75,60.75,59.5,60.25,58.59006881713867,31032900
2023-12-28T03:00:00Z,60,60.5,59.5,59.75,58.103843688964844,34308800
2024-01-03T03:00:00Z,62.25,63,62,62.5,60.778076171875,40506100
2024-01-04T03:00:00Z,62.75,64,62.75,64,62.236751556396484,37899200
2024-01-05T03:00:00Z,64,64.25,63,63.5,61.750526428222656,41945900
2024-01-08T03:00:00Z,63.75,63.75,62.75,63,61.26430130004883,22082100
2024-01-09T03:00:00Z,63.5,63.75,62.75,62.75,61.02118682861328,13944500
2024-01-10T03:00:00Z,62.75,63.25,62.5,63,61.26430130004883,18662100
2024-01-11T03:00:00Z,63.25,63.25,62.25,62.5,60.778076171875,20132700
2024-01-12T03:00:00Z,62.75,63.25,62.75,63,61.26430130004883,15129100
2024-01-15T03:00:00Z,63,63.5,62.25,62.5,60.778076171875,28531500
2024-01-16T03:00:00Z,62.75,63.25,62.5,63,61.26430130004883,22854800
2024-01-17T03:00:00Z,63,63,61.25,61.25,59.5625114440918,35750600
2024-01-18T03:00:00Z,61.25,61.75,60.5,61.5,59.805625915527344,36515400
2024-01-19T03:00:00Z,61.75,62,60.75,60.75,59.076290130615234,16237100
2024-01-22T03:00:00Z,61,61.25,60,60,58.346954345703125,23858200
2024-01-23T03:00:00Z,59.5,60.25,58.75,59.25,57.617618560791016,41484000
2024-01-24T03:00:00Z,59.25,60.5,58.75,60.25,58.59006881713867,32972200
2024-01-25T03:00:00Z,59.75,60,59,59.75,58.103843688964844,27933100
2024-01-26T03:00:00Z,59.5,60,59,59.5,57.8607292175293,21500400
2024-01-29T03:00:00Z,60,61,59.75,60.75,59.076290130615234,38428500
2024-01-30T03:00:00Z,60.75,60.75,60,60.5,58.83317947387695,21472600
2024-01-31T03:00:00Z,60.5,61.25,59.5,59.75,58.103843688964844,37112100
2024-02-01T03:00:00Z,60,62,59.75,61.75,60.048736572265625,49753000
2024-02-02T03:00:00Z,62.25,63,62.25,62.75,61.02118682861328,32395000
2024-02-05T03:00:00Z,62.75,64,62.25,63.75,61.99363708496094,36587200
2024-02-06T03:00:00Z,64.25,65.25,64.25,64.5,62.72297668457031,53272400
2024-02-07T03:00:00Z,64.75,65,63.75,64.5,62.72297668457031,18344400
2024-02-08T03:00:00Z,64.5,64.75,64.25,64.25,62.479862213134766,13460000
2024-02-09T03:00:00Z,64.25,65,64,64.5,62.72297668457031,13538600
2024-02-12T03:00:00Z,64.75,65.25,64.5,65.25,63.452308654785156,27807000
2024-02-13T03:00:00Z,64,64.25,63.25,63.25,61.50741195678711,32585300
2024-02-14T03:00:00Z,63.25,63.75,62.75,63.25,61.50741195678711,18228100
2024-02-15T03:00:00Z,63.25,64,63,63.5,61.750526428222656,21626200
2024-02-16T03:00:00Z,63.75,64,62.75,63.25,61.50741195678711,18614900
2024-02-19T03:00:00Z,63.25,63.25,63,63.25,61.50741195678711,13014500
2024-02-20T03:00:00Z,63.25,63.25,62.5,63.25,61.50741195678711,12281800
2024-02-21T03:00:00Z,63,63.75,62.75,63.5,61.750526428222656,20235600
2024-02-22T03:00:00Z,64,65,63.75,64.25,62.479862213134766,25137100
2024-02-23T03:00:00Z,64.25,64.75,64,64.5,62.72297668457031,14190200
2024-02-27T03:00:00Z,64.25,64.5,64,64.5,62.72297668457031,17140000
2024-02-28T03:00:00Z,64.5,64.75,63.5,63.75,61.99363708496094,17604000
2024-02-29T03:00:00Z,64,64.25,63,63.5,61.750526428222656,31263300
2024-03-01T03:00:00Z,63.5,65.75,63.5,65.5,63.6954231262207,46735000
2024-03-04T03:00:00Z,66.75,67,64.75,64.75,62.966087341308594,28186500
2024-03-05T03:00:00Z,64.5,64.75,64,64.25,62.479862213134766,12842200
2024-03-06T03:00:00Z,64.25,65.25,64.25,64.75,62.966087341308594,11716900
2024-03-07T03:00:00Z,65,65.25,64.25,65,63.209197998046875,9615500
2024-03-08T03:00:00Z,65,66.5,65,66.5,64.66787719726562,29017400
2024-03-11T03:00:00Z,66,66,65.25,65.5,63.6954231262207,11405600
2024-03-12T03:00:00Z,65.5,65.5,65.5,65.5,63.6954231262207,0
2024-03-13T03:00:00Z,65.5,66.5,65.5,66,64.18164825439453,18396600
2024-03-14T03:00:00Z,66,67,66,66.5,64.66787719726562,20093700
2024-03-15T03:00:00Z,66.5,66.5,66.5,66.5,64.66787719726562,0
2024-03-18T03:00:00Z,66.5,66.75,66,66,64.18164825439453,15512000
2024-03-19T03:00:00Z,66,66.25,64.75,65,63.209197998046875,20387200
2024-03-20T03:00:00Z,65,65,65,65,63.209197998046875,0
2024-03-21T03:00:00Z,66.25,66.25,65.5,65.75,63.938533782958984,16645100
2024-03-22T03:00:00Z,65.75,65.75,65.75,65.75,63.938533782958984,0
2024-03-25T03:00:00Z,65.25,65.75,65,65,63.209197998046875,5381000
2024-03-26T03:00:00Z,65,65,65,65,63.209197998046875,0
2024-03-27T03:00:00Z,64.5,65.75,64.25,65.5,63.6954231262207,13562800
2024-03-28T03:00:00Z,65.5,65.5,65.5,65.5,63.6954231262207,0
2024-03-29T03:00:00Z,65.25,65.5,65,65.5,63.6954231262207,6138400
2024-04-01T03:00:00Z,65.5,65.75,65.25,65.5,63.6954231262207,3571700
2024-04-02T03:00:00Z,65.5,65.75,65.25,65.5,63.6954231262207,6263700
2024-04-03T03:00:00Z,65.5,65.75,65,65.25,63.452308654785156,11974100
2024-04-04T03:00:00Z,65.25,65.25,65.25,65.25,63.452308654785156,0
2024-04-05T03:00:00Z,65.5,66,65.5,65.5,63.6954231262207,6648700
2024-04-09T03:00:00Z,65.5,65.5,65.5,65.5,63.6954231262207,0
2024-04-10T03:00:00Z,67,67.5,66.75,67.25,65.39720916748047,16131400
2024-04-11T03:00:00Z,67.25,67.25,66.5,66.75,64.91098022460938,15838400
2024-04-17T03:00:00Z,66.75,66.75,66.75,66.75,64.91098022460938,0
2024-04-18T03:00:00Z,66.75,66.75,66.75,66.75,64.91098022460938,0
2024-04-19T03:00:00Z,66.75,66.75,66.75,66.75,64.91098022460938,0
2024-04-22T03:00:00Z,63.75,65,63.75,65,63.209197998046875,13912500
2024-04-23T03:00:00Z,65,65.25,64.5,65,63.209197998046875,13363000
2024-04-24T03:00:00Z,65,65,65,65,63.209197998046875,0
2024-04-25T03:00:00Z,64.25,64.5,64,64.25,62.479862213134766,11022500
2024-04-26T03:00:00Z,64.25,64.5,63.5,64,62.236751556396484,17290100
2024-04-29T03:00:00Z,64.25,64.75,64,64.25,62.479862213134766,11997100
2024-04-30T03:00:00Z,64.25,64.25,64.25,64.25,62.479862213134766,0
2024-05-02T03:00:00Z,65,65.75,64.5,65.5,63.6954231262207,12906100
2024-05-03T03:00:00Z,65.5,66,65.5,65.75,63.938533782958984,28811000
2024-05-07T03:00:00Z,65.75,65.75,65.75,65.75,63.938533782958984,0
2024-05-08T03:00:00Z,65.75,65.75,65,65.25,63.452308654785156,17090300
2024-05-09T03:00:00Z,65.25,66,65.25,65.75,63.938533782958984,15298200
2024-05-10T03:00:00Z,66,66.5,65.75,66.5,64.66787719726562,14049600
2024-05-13T03:00:00Z,66.5,67,66.5,66.75,64.91098022460938,14303700
2024-05-14T03:00:00Z,67,67.5,66.75,67,65.15409851074219,17949800
2024-05-15T03:00:00Z,67,67.5,67,67,65.15409851074219,25206300
2024-05-16T03:00:00Z,67,67,67,67,65.15409851074219,0
2024-05-17T03:00:00Z,66.25,67.25,66,67,65.15409851074219,14917700
2024-05-20T03:00:00Z,67,67,67,67,65.15409851074219,0
2024-05-21T03:00:00Z,67,67,67,67,65.15409851074219,0
2024-05-23T03:00:00Z,66,66.25,65.25,65.5,63.6954231262207,9982400
2024-05-24T03:00:00Z,65.5,65.5,65.5,65.5,63.6954231262207,0
2024-05-27T03:00:00Z,65.5,65.5,65.5,65.5,63.6954231262207,0
2024-05-28T03:00:00Z,65.5,65.75,64.25,64.75,62.966087341308594,19471700
2024-05-29T03:00:00Z,64.75,64.75,63.5,63.5,61.750526428222656,25321300
2024-05-30T03:00:00Z,63.5,63.5,63.5,63.5,61.750526428222656,0
2024-05-31T03:00:00Z,63.5,63.5,63.5,63.5,61.750526428222656,0
2024-06-04T03:00:00Z,65,65,63.75,64,62.236751556396484,17523200
2024-06-05T03:00:00Z,64,64.5,63.25,63.25,61.50741195678711,19043600
2024-06-06T03:00:00Z,63.25,63.5,61.5,61.75,60.048736572265625,47858400
2024-06-07T03:00:00Z,61.75,61.75,61.75,61.75,60.048736572265625,0
2024-06-10T03:00:00Z,61.5,61.5,60.25,60.75,59.076290130615234,22458200
2024-06-11T03:00:00Z,60.5,60.75,60,60.25,58.59006881713867,25911400
2024-06-12T03:00:00Z,60,60.25,59,59.5,57.8607292175293,52791900
2024-06-13T03:00:00Z,59.75,60.5,59.5,60,58.346954345703125,26252500
2024-06-14T03:00:00Z,60,60.75,60,60,58.346954345703125,19688800
2024-06-17T03:00:00Z,60,60,60,60,58.346954345703125,0
2024-06-18T03:00:00Z,60,60,60,60,58.346954345703125,0
2024-06-19T03:00:00Z,60,60,60,60,58.346954345703125,0
2024-06-20T03:00:00Z,61.5,61.5,60,60.75,59.076290130615234,23349000
2024-06-21T03:00:00Z,61,61,60.25,60.25,58.59006881713867,26418900
2024-06-24T03:00:00Z,58.75,58.75,56.75,58.5,56.88827896118164,77448900
2024-06-25T03:00:00Z,58.5,58.5,58.5,58.5,56.88827896118164,0
2024-06-26T03:00:00Z,58.5,58.5,58.5,58.5,56.88827896118164,0
2024-06-27T03:00:00Z,58.5,58.5,58,58.25,56.64516830444336,13904500
2024-06-28T03:00:00Z,58,58.25,56.5,57.75,56.15894317626953,49385600
2024-07-01T03:00:00Z,57.75,57.75,57.75,57.75,56.15894317626953,0
2024-07-02T03:00:00Z,57.75,57.75,57.75,57.75,56.15894317626953,0
2024-07-03T03:00:00Z,56,56.5,55.75,56.25,54.70026779174805,12574900
2024-07-04T03:00:00Z,56.75,57.25,56.75,56.75,55.186492919921875,34120600
2024-07-05T03:00:00Z,56.75,57,56.25,56.5,54.94337844848633,9307100
2024-07-08T03:00:00Z,56.5,57.25,56.25,57.25,55.6727180480957,19204200
2024-07-09T03:00:00Z,57.25,57.25,57.25,57.25,55.6727180480957,0
2024-07-10T03:00:00Z,57.25,58.5,56.75,58.25,56.64516830444336,42367300
2024-07-11T03:00:00Z,58.25,58.25,58.25,58.25,56.64516830444336,0
2024-07-12T03:00:00Z,58.25,58.25,58.25,58.25,56.64516830444336,0
2024-07-15T03:00:00Z,58.25,58.25,58.25,58.25,56.64516830444336,0
2024-07-16T03:00:00Z,58.5,58.75,58.25,58.25,56.64516830444336,7549200
2024-07-17T03:00:00Z,58.25,58.25,58.25,58.25,56.64516830444336,0
2024-07-18T03:00:00Z,58,58.75,57.75,58.5,56.88827896118164,13758100
2024-07-19T03:00:00Z,58.75,59,58.25,58.25,56.64516830444336,13341600
2024-07-23T03:00:00Z,58,58.25,57.5,57.75,56.15894317626953,15416300
2024-07-24T03:00:00Z,57.5,58,57.25,57.5,55.915828704833984,7848000
2024-07-25T03:00:00Z,57,57.5,56.75,57,55.429603576660156,10829400
2024-07-26T03:00:00Z,56.75,57.75,56.75,57.75,56.15894317626953,14632200
2024-07-30T03:00:00Z,57.75,57.75,57.75,57.75,56.15894317626953,0
2024-07-31T03:00:00Z,56.5,56.75,55.5,56.5,54.94337844848633,37879200
2024-08-01T03:00:00Z,56,57,56,56.5,54.94337844848633,23186800
2024-08-02T03:00:00Z,56.5,56.5,56.5,56.5,54.94337844848633,0
2024-08-05T03:00:00Z,55.5,56,55,55,53.48470687866211,24356300
2024-08-06T03:00:00Z,55.5,56.25,55,55.75,54.21404266357422,15681900
2024-08-07T03:00:00Z,55.75,57,55.75,56.25,54.70026779174805,16679500
2024-08-08T03:00:00Z,56.25,56.25,56.25,56.25,54.70026779174805,0
2024-08-09T03:00:00Z,56.75,57.5,56.25,56.5,54.94337844848633,12150000
2024-08-13T03:00:00Z,57,57,55.75,55.75,54.21404266357422,15995000
2024-08-14T03:00:00Z,56,56.75,55,55.75,54.21404266357422,29594800
2024-08-15T03:00:00Z,55.75,55.75,55.75,55.75,54.21404266357422,0
2024-08-16T03:00:00Z,56,57,56,56.5,54.94337844848633,10432500
2024-08-19T03:00:00Z,56.5,56.5,56.5,56.5,54.94337844848633,0
2024-08-20T03:00:00Z,58.25,58.75,57.75,58.25,56.64516830444336,18745500
2024-08-21T03:00:00Z,58.25,59.75,58,59.25,57.617618560791016,24796600
2024-08-22T03:00:00Z,59.25,59.25,59.25,59.25,57.617618560791016,0
2024-08-23T03:00:00Z,59.5,60.25,59.5,59.75,58.103843688964844,16700500
2024-08-26T03:00:00Z,60,61,59.75,60.75,59.076290130615234,20871000
2024-08-27T03:00:00Z,60.75,61,59.75,60.25,58.59006881713867,13590600
2024-08-28T03:00:00Z,60.25,60.25,60.25,60.25,58.59006881713867,0
2024-08-29T03:00:00Z,60,60.25,59.5,59.75,58.103843688964844,9571900
2024-08-30T03:00:00Z,60,60.25,59.75,59.75,58.103843688964844,23329700
2024-09-02T03:00:00Z,59.75,59.75,59.75,59.75,58.103843688964844,0
2024-09-03T03:00:00Z,59.75,59.75,59.75,59.75,58.103843688964844,0
2024-09-04T03:00:00Z,59.75,59.75,59.75,59.75,58.103843688964844,0
2024-09-05T03:00:00Z,61,62.75,60.75,62.5,60.778076171875,35715700
2024-09-06T03:00:00Z,62.75,63.75,62.75,63.25,61.50741195678711,43774000
2024-09-09T03:00:00Z,63.25,63.25,63.25,63.25,61.50741195678711,0
2024-09-10T03:00:00Z,62.25,62.5,61.75,62.25,60.53496170043945,21197100
2024-09-11T03:00:00Z,62.25,63,61.75,62,60.29185104370117,29012300
2024-09-12T03:00:00Z,62.25,62.75,62,62,60.29185104370117,17243700
2024-09-13T03:00:00Z,62.25,62.5,62,62.25,60.53496170043945,9114800
2024-09-16T03:00:00Z,62.25,62.25,62.25,62.25,60.53496170043945,0
2024-09-17T03:00:00Z,62.25,62.25,62.25,62.25,60.53496170043945,0
2024-09-18T03:00:00Z,62.25,62.25,62.25,62.25,60.53496170043945,0
2024-09-19T03:00:00Z,62.25,62.25,62.25,62.25,60.53496170043945,0
2024-09-20T03:00:00Z,62.25,62.25,62.25,62.25,60.53496170043945,0
2024-09-23T03:00:00Z,63.75,64,63,63.25,61.50741195678711,10175700
2024-09-24T03:00:00Z,63.5,63.75,63,63.25,61.50741195678711,16397200
2024-09-25T03:00:00Z,63.25,64,63.25,63.25,61.50741195678711,11639800
2024-09-26T03:00:00Z,63.25,63.5,63,63.5,61.750526428222656,12443100
2024-09-27T03:00:00Z,63.5,63.5,63.5,63.5,61.750526428222656,0
2024-09-30T03:00:00Z,63.75,64.25,63.5,64,62.236751556396484,22421900
2024-10-01T03:00:00Z,64,64,64,64,62.236751556396484,0
2024-10-02T03:00:00Z,64.25,64.5,63.75,64.5,62.72297668457031,33315800
2024-10-03T03:00:00Z,64.25,65,64,64.75,62.966087341308594,34186300
2024-10-04T03:00:00Z,64.75,64.75,64.75,64.75,62.966087341308594,0
2024-10-07T03:00:00Z,63.75,64.25,63.75,63.75,61.99363708496094,10741000
2024-10-08T03:00:00Z,63.75,64.25,63.75,64.25,62.479862213134766,21206200
2024-10-09T03:00:00Z,64.25,64.5,63.75,63.75,61.99363708496094,9231600
2024-10-10T03:00:00Z,64,64.5,63.75,64.25,62.479862213134766,21976800
2024-10-11T03:00:00Z,64.25,64.25,64.25,64.25,62.479862213134766,0
2024-10-15T03:00:00Z,64,64.25,63.5,63.5,61.750526428222656,13510500
2024-10-16T03:00:00Z,63.5,63.5,63.5,63.5,61.750526428222656,0
2024-10-17T03:00:00Z,64,64,63.25,63.25,61.50741195678711,15140000
2024-10-18T03:00:00Z,63.25,64,63,63.75,61.99363708496094,17748600
2024-10-21T03:00:00Z,63.75,64,63.25,63.5,61.750526428222656,12160900
2024-10-22T03:00:00Z,63.5,63.5,63.5,63.5,61.750526428222656,0
2024-10-24T03:00:00Z,63,63.25,61.25,61.5,59.805625915527344,30094900
2024-10-25T03:00:00Z,61.5,61.5,61.5,61.5,59.805625915527344,0
2024-10-28T03:00:00Z,61.75,62.25,61.25,61.75,60.048736572265625,11948900
2024-10-29T03:00:00Z,61.75,61.75,61.75,61.75,60.048736572265625,0
2024-10-30T03:00:00Z,62,62.25,61,61.5,59.805625915527344,14535400
2024-10-31T03:00:00Z,61,61.75,61,61.25,59.5625114440918,19214200
2024-11-01T03:00:00Z,61.25,62,61.25,61.75,60.048736572265625,10836000
2024-11-04T03:00:00Z,61.75,62.25,61.75,62.25,60.53496170043945,6274800
2024-11-05T03:00:00Z,62.25,62.75,62.25,62.75,61.02118682861328,9756600
2024-11-06T03:00:00Z,62.75,63,61.5,61.75,60.048736572265625,17369700
2024-11-07T03:00:00Z,62,62,61.25,61.5,59.805625915527344,11316500
2024-11-08T03:00:00Z,61.5,62,61,61,59.319400787353516,10112600
2024-11-11T03:00:00Z,61,61.5,60.5,60.75,59.076290130615234,8991400
2024-11-12T03:00:00Z,60.75,61,59.75,60,58.346954345703125,13346300
2024-11-13T03:00:00Z,60,60.25,59.5,59.75,58.103843688964844,12500900
2024-11-14T03:00:00Z,59.5,59.75,58.25,58.5,56.88827896118164,32002400
2024-11-15T03:00:00Z,58.5,59.75,58.5,59.25,57.617618560791016,18685100
2024-11-18T03:00:00Z,59.5,60.75,59.5,60.75,59.076290130615234,13431200
2024-11-19T03:00:00Z,61.25,62.25,61,61.25,59.5625114440918,24684600
2024-11-20T03:00:00Z,61.25,61.25,60,60.25,58.59006881713867,15657800
2024-11-21T03:00:00Z,61,61.5,60.5,61.5,59.805625915527344,14301200
2024-11-22T03:00:00Z,61.5,62,61,61.25,59.5625114440918,21166400
2024-11-25T03:00:00Z,61.75,62,61.25,61.5,59.805625915527344,20099400
2024-11-26T03:00:00Z,61,61.75,61,61.25,59.5625114440918,13470600
2024-11-27T03:00:00Z,61.25,61.5,61,61.5,59.805625915527344,7683400
2024-11-28T03:00:00Z,61.5,61.75,61,61.25,59.5625114440918,13431700
2024-11-29T03:00:00Z,61.25,61.5,60.75,60.75,59.076290130615234,12501400
2024-12-02T03:00:00Z,60.75,61.75,60.75,61.75,60.048736572265625,26890700
2024-12-03T03:00:00Z,61.75,62,61.25,62,60.29185104370117,12605100
2024-12-04T03:00:00Z,61.5,61.75,61.25,61.5,60.57749938964844,9605100
2024-12-06T03:00:00Z,61.25,61.5,60.75,61,60.084999084472656,8092900
2024-12-09T03:00:00Z,61,61.25,60.25,60.5,59.59250259399414,11914400
2024-12-11T03:00:00Z,60.75,62,60.5,61.5,60.57749938964844,12968800
2024-12-12T03:00:00Z,61.75,62,61.25,61.5,60.57749938964844,14524800
2024-12-13T03:00:00Z,61.25,61.75,60.75,61.25,60.33124923706055,7242200
2024-12-16T03:00:00Z,61.25,61.5,61,61.25,60.33124923706055,4096800
2024-12-17T03:00:00Z,60.75,61,59,59.25,58.36125183105469,19274700
2024-12-18T03:00:00Z,59.25,60,59,59.75,58.85375213623047,16316800
2024-12-19T03:00:00Z,59.25,59.5,58.75,58.75,57.868751525878906,11730500
2024-12-20T03:00:00Z,58.5,58.75,56.75,58.25,57.376251220703125,37434000
2024-12-23T03:00:00Z,59.75,60.5,59.25,59.75,58.85375213623047,26134900
2024-12-24T03:00:00Z,60,60.25,59.5,60,59.10000228881836,12586500
2024-12-25T03:00:00Z,60,60.25,59.75,60,59.10000228881836,7175800
2024-12-26T03:00:00Z,60,60.25,59.75,59.75,58.85375213623047,5889700
2024-12-27T03:00:00Z,60,60.25,59.5,59.75,58.85375213623047,9771000
2024-12-30T03:00:00Z,60,60.75,59.5,59.5,58.60750198364258,17878900
2025-01-02T03:00:00Z,59.5,60,59.25,59.75,58.85375213623047,9931100
2025-01-03T03:00:00Z,60,60.25,59.25,59.25,58.36125183105469,7741400
2025-01-06T03:00:00Z,59.75,60,58.75,59,58.1150016784668,12331900
2025-01-07T03:00:00Z,59,60,58.75,60,59.10000228881836,13989300
2025-01-08T03:00:00Z,59.5,59.75,58.75,59.5,58.60750198364258,12180100
2025-01-09T03:00:00Z,59.25,59.5,58.75,59,58.1150016784668,10316100
2025-01-10T03:00:00Z,59,59,58,58.25,57.376251220703125,19084300
2025-01-13T03:00:00Z,57.75,57.75,55.75,56.5,55.65250015258789,37410000
2025-01-14T03:00:00Z,57.25,58.5,56.5,57,56.14500045776367,25279600
2025-01-15T03:00:00Z,57,57.5,56.5,57.5,56.63750076293945,18142600
2025-01-16T03:00:00Z,57.75,58,56.75,57.25,56.39125061035156,12118900
2025-01-17T03:00:00Z,57.5,58,57,57.25,56.39125061035156,12636500
2025-01-20T03:00:00Z,57.5,57.5,56.75,57.5,56.63750076293945,9806400
2025-01-21T03:00:00Z,57.75,58.5,57.25,57.75,56.883750915527344,13671600
2025-01-22T03:00:00Z,57.75,58.5,57.75,58.25,57.376251220703125,11939500
2025-01-23T03:00:00Z,57.75,58,57,57,56.14500045776367,14173100
2025-01-24T03:00:00Z,57.25,57.5,56,56.25,55.40625,17712800
2025-01-27T03:00:00Z,56,56.25,55.25,55.5,54.66749954223633,16334600
2025-01-28T03:00:00Z,55.5,56,55.25,56,55.15999984741211,19474600
2025-01-29T03:00:00Z,56.5,56.5,55.5,56,55.15999984741211,8420800
2025-01-30T03:00:00Z,55.75,56.25,55.75,56.25,55.40625,5487000
2025-01-31T03:00:00Z,56.5,56.5,55.25,55.25,54.42124938964844,18478200
2025-02-03T03:00:00Z,53.75,55,53.5,55,54.17499923706055,26729400
2025-02-04T03:00:00Z,55.25,56.5,55.25,56,55.15999984741211,16523000
2025-02-05T03:00:00Z,57,57.75,56.5,56.75,55.89875030517578,24754100
2025-02-06T03:00:00Z,57,57.25,55.5,55.75,54.91374969482422,19703400
2025-02-07T03:00:00Z,56.25,56.5,55.5,56,55.15999984741211,23598200
2025-02-10T03:00:00Z,55.75,55.75,53.75,54.25,53.43625259399414,41874100
2025-02-11T03:00:00Z,54.25,55.5,54,54.75,53.928749084472656,23479000
2025-02-13T03:00:00Z,54.75,55.25,54,54.5,53.682498931884766,26827400
2025-02-14T03:00:00Z,54.25,54.25,46.5,47,46.29500198364258,174946100
2025-02-17T03:00:00Z,43.75,45,41.5,43.25,42.60124969482422,144230400
2025-02-18T03:00:00Z,44,44.5,42.75,43.5,42.84749984741211,65281200
2025-02-19T03:00:00Z,43.25,44,42.75,43.25,42.60124969482422,58628000
2025-02-20T03:00:00Z,43,44.25,42.75,43.75,43.09375,39546700
2025-02-21T03:00:00Z,43.75,44.25,43.5,43.5,42.84749984741211,19304700
2025-02-24T03:00:00Z,43.5,43.5,42,42,41.369998931884766,39241000
2025-02-25T03:00:00Z,42,43,41.5,42.25,41.616249084472656,40372200
2025-02-26T03:00:00Z,42,43.25,41.75,43.25,42.60124969482422,63117200
2025-02-27T03:00:00Z,42.75,44.25,42.75,43.5,42.84749984741211,39452400
2025-02-28T03:00:00Z,42.75,43.25,42,43.25,42.60124969482422,42453200
2025-03-03T03:00:00Z,43.25,43.5,41.75,42.25,41.616249084472656,25985100
2025-03-04T03:00:00Z,42.25,43.25,39.5,39.75,39.153751373291016,74421400
2025-03-05T03:00:00Z,40.25,42,40,41.75,41.123748779296875,67767100
2025-03-06T03:00:00Z,41.75,41.75,40.5,40.5,39.89250183105469,36716000
2025-03-07T03:00:00Z,40.5,40.5,39.75,40.25,39.6462516784668,36754900
2025-03-10T03:00:00Z,40,40.25,38.5,38.75,38.16875076293945,42165700
2025-03-11T03:00:00Z,38.25,41.25,37.75,40.75,40.13875198364258,80030600
2025-03-12T03:00:00Z,41.25,41.25,39,39.75,39.153751373291016,58717200
2025-03-13T03:00:00Z,39.75,40,39,39.25,38.661251068115234,27378500
2025-03-14T03:00:00Z,39.5,40.25,39.25,40,39.400001525878906,35667300
2025-03-17T03:00:00Z,40.25,40.25,38.75,39.25,38.661251068115234,22886400
2025-03-18T03:00:00Z,39.5,39.75,38.75,39.5,38.907501220703125,19444100
2025-03-19T03:00:00Z,40,41.5,39.5,41,40.38500213623047,59900800
2025-03-20T03:00:00Z,41.25,41.5,40.25,40.5,39.89250183105469,29830900
2025-03-21T03:00:00Z,40.25,40.75,40,40,39.400001525878906,22857000
2025-03-24T03:00:00Z,40,40.75,39.75,40.75,40.13875198364258,12499000
2025-03-25T03:00:00Z,40.5,40.5,39.75,40,39.400001525878906,20344800
2025-03-26T03:00:00Z,40,40.5,39.5,40,39.400001525878906,13591100
2025-03-27T03:00:00Z,40,40.25,39.25,39.5,38.907501220703125,23908900
2025-03-28T03:00:00Z,39.25,39.25,38.25,38.5,37.92250061035156,21802700
2025-03-31T03:00:00Z,37,38.5,37,37.75,37.18375015258789,32351100
2025-04-01T03:00:00Z,37.75,39.25,37.75,38.5,37.92250061035156,20886200
2025-04-02T03:00:00Z,38.75,39.75,38.5,39.25,38.661251068115234,24175800
2025-04-03T03:00:00Z,38.75,39,38.25,38.75,38.16875076293945,20367100
2025-04-04T03:00:00Z,38.75,39,37,37.25,36.69124984741211,33525600
2025-04-08T03:00:00Z,34.75,36.25,34,36,35.459999084472656,55854500
2025-04-09T03:00:00Z,36.5,36.75,35.5,36.25,35.70624923706055,31802800
2025-04-10T03:00:00Z,38,39.75,38,38.75,38.16875076293945,53852100
2025-04-11T03:00:00Z,38.25,38.75,37.75,37.75,37.18375015258789,28593700
2025-04-16T03:00:00Z,37.75,38.25,37,38.25,37.67625045776367,28442600
2025-04-17T03:00:00Z,38.25,38.5,37,37.75,37.18375015258789,32688700
2025-04-18T03:00:00Z,38,38,37.5,38,37.43000030517578,28761900
2025-04-21T03:00:00Z,38,38.25,37,37.25,36.69124984741211,27567200
2025-04-22T03:00:00Z,37,37.5,36.5,37.5,36.9375,40078000
2025-04-23T03:00:00Z,38,39.25,37.75,38.25,37.67625045776367,55260700
2025-04-24T03:00:00Z,38,38.25,36.75,37,36.44499969482422,53226000
2025-04-25T03:00:00Z,37.5,37.75,36.5,37,36.44499969482422,21765100
2025-04-28T03:00:00Z,37,37.5,36,36.75,36.19874954223633,23154800
2025-04-29T03:00:00Z,36.75,37.5,36,37.5,36.9375,28632000
2025-04-30T03:00:00Z,37,38.75,36.75,38.25,37.67625045776367,47948300
2025-05-02T03:00:00Z,41,42.75,38.25,38.5,37.92250061035156,103394700
2025-05-06T03:00:00Z,38.75,39,37,37,36.44499969482422,42197000
2025-05-07T03:00:00Z,37.25,39.5,37.25,39.25,38.661251068115234,57883100
2025-05-08T03:00:00Z,39,39.25,38.5,38.5,37.92250061035156,33152400
2025-05-09T03:00:00Z,39,39.25,38.25,39,38.415000915527344,27095000
2025-05-13T03:00:00Z,39.75,39.75,37.5,37.5,36.9375,47054500
2025-05-14T03:00:00Z,37.5,38,37.25,37.5,36.9375,16624800
2025-05-15T03:00:00Z,34.5,35.75,33.75,35,34.47500228881836,140690000
2025-05-16T03:00:00Z,35.25,35.5,34.5,34.75,34.22875213623047,32448500
2025-05-19T03:00:00Z,34.5,35.75,34.5,35.25,34.721248626708984,31262200
2025-05-20T03:00:00Z,35.5,35.5,34.5,34.75,34.22875213623047,15507600
2025-05-21T03:00:00Z,34.75,35,33.25,34,33.4900016784668,35482900
2025-05-22T03:00:00Z,34,34.75,34,34.25,33.73625183105469,21165500
2025-05-23T03:00:00Z,34.5,34.5,33.75,34,33.4900016784668,10206300
2025-05-26T03:00:00Z,34,34.5,33.75,34,33.4900016784668,14212800
2025-05-27T03:00:00Z,34,34,33,33,32.505001068115234,19686300
2025-05-28T03:00:00Z,33.25,34,33,33.75,33.243751525878906,18287100
2025-05-29T03:00:00Z,34.25,34.5,33.5,33.5,32.997501373291016,16412800
2025-05-30T03:00:00Z,33.25,33.5,32.5,33.25,32.751251220703125,61603000
2025-06-04T03:00:00Z,33.5,33.5,32.5,32.75,32.258750915527344,25428800
2025-06-05T03:00:00Z,33,33.25,31.5,31.75,31.27375030517578,37337800
2025-06-06T03:00:00Z,31.5,31.75,31.25,31.75,31.27375030517578,23607600
2025-06-09T03:00:00Z,31.75,32.25,31.25,31.75,31.27375030517578,25327900
2025-06-10T03:00:00Z,31.75,32.5,31.5,31.75,31.27375030517578,15376000
2025-06-11T03:00:00Z,32,33,32,32.5,32.01250076293945,35338400
2025-06-12T03:00:00Z,32.5,32.5,32,32,31.520000457763672,12568000
2025-06-13T03:00:00Z,31.75,31.75,28.5,29.75,29.30375099182129,138139600
2025-06-16T03:00:00Z,29.5,29.75,26.75,27.25,26.841249465942383,148937100
2025-06-17T03:00:00Z,27.5,28.75,27.25,28.5,28.072500228881836,61699800
2025-06-18T03:00:00Z,28.5,29.25,27.75,28,27.579999923706055,51266400
2025-06-19T03:00:00Z,27.5,28.5,27,27.75,27.333749771118164,53315700
2025-06-20T03:00:00Z,28.25,28.5,27.75,28.25,27.826250076293945,50087100
2025-06-23T03:00:00Z,28,29.25,27.75,29,28.565000534057617,48560200
2025-06-24T03:00:00Z,29.75,30.75,29,30.5,30.042499542236328,79499700
2025-06-25T03:00:00Z,30.25,32.75,30,32,31.520000457763672,77590000
2025-06-26T03:00:00Z,31.75,32,31,31.25,30.78125,42087200
2025-06-27T03:00:00Z,31.25,31.25,30,30.5,30.042499542236328,49365500
2025-06-30T03:00:00Z,30.5,30.5,29.5,30.25,29.79625129699707,35697900
2025-07-01T03:00:00Z,30.25,30.75,29.75,30.75,30.28874969482422,23866500
2025-07-02T03:00:00Z,30.25,30.5,29.75,30.25,29.79625129699707,16710000
2025-07-03T03:00:00Z,30.25,31.25,30.25,31.25,30.78125,18508400
2025-07-04T03:00:00Z,31.25,31.25,30.25,30.25,29.79625129699707,14008800
2025-07-07T03:00:00Z,30.25,30.75,30,30.5,30.042499542236328,9725800
2025-07-08T03:00:00Z,30.25,30.5,29.75,30.25,29.79625129699707,10984300
2025-07-09T03:00:00Z,30.25,30.75,30,30.5,30.042499542236328,10804700
2025-07-11T03:00:00Z,30.75,32.25,30.75,31.75,31.27375030517578,37173100
2025-07-14T03:00:00Z,31.5,33.5,31.5,33.5,32.997501373291016,58755200
2025-07-15T03:00:00Z,34.25,36,33.75,35.75,35.213748931884766,103970500
2025-07-16T03:00:00Z,36,37.25,35.75,36.25,35.70624923706055,86463200
2025-07-17T03:00:00Z,36.75,40.5,36.25,40.25,39.6462516784668,166751500
2025-07-18T03:00:00Z,40,40.25,38.25,39,38.415000915527344,63229000
2025-07-21T03:00:00Z,39.25,39.75,38.5,38.5,37.92250061035156,28813900
2025-07-22T03:00:00Z,39,39.25,37.25,37.5,36.9375,39090200
2025-07-23T03:00:00Z,38,39.25,37.75,38.75,38.16875076293945,33884200
2025-07-24T03:00:00Z,38.5,39.25,38.25,39,38.415000915527344,32444900
2025-07-25T03:00:00Z,39,42.25,38.75,42,41.369998931884766,111372700
2025-07-29T03:00:00Z,42,42.25,41,42,41.369998931884766,48770700
2025-07-30T03:00:00Z,42,42.75,41.5,42.25,41.616249084472656,28135700
2025-07-31T03:00:00Z,42,42.25,40.5,41,40.38500213623047,39327900
2025-08-01T03:00:00Z,41.25,41.5,39.25,39.5,38.907501220703125,36539400
2025-08-04T03:00:00Z,39.5,40,39,39.75,39.153751373291016,28727800
2025-08-05T03:00:00Z,39.75,40.25,39.25,39.5,38.907501220703125,33204700
2025-08-06T03:00:00Z,41.25,41.25,40,40,39.400001525878906,29916100
2025-08-07T03:00:00Z,40,41,39.75,40.5,39.89250183105469,28832200
2025-08-08T03:00:00Z,40.25,40.5,39.5,39.75,39.153751373291016,14492300
2025-08-13T03:00:00Z,40,40.75,39.5,40,39.400001525878906,24391800
2025-08-14T03:00:00Z,39.75,40,38.25,38.5,37.92250061035156,50716600
2025-08-15T03:00:00Z,38.5,39.5,38.5,39,38.415000915527344,16936400
2025-08-18T03:00:00Z,38.75,39,37.5,37.75,37.18375015258789,28512300
2025-08-19T03:00:00Z,37.75,38.75,37.75,38,37.43000030517578,14033800
2025-08-20T03:00:00Z,37.75,38.25,37,38,37.43000030517578,21213800
2025-08-21T03:00:00Z,38.25,38.25,37.25,37.75,37.18375015258789,20286500
2025-08-22T03:00:00Z,37.75,38,37.5,37.5,36.9375,8121500
2025-08-25T03:00:00Z,38,38.75,37.5,38,37.43000030517578,16364500
2025-08-26T03:00:00Z,37.5,38,37,37,36.44499969482422,50882500
2025-08-27T03:00:00Z,37,37.5,36.5,36.75,36.19874954223633,22223900
2025-08-28T03:00:00Z,36.75,37.25,36.5,36.75,36.19874954223633,19351700
2025-08-29T03:00:00Z,36.5,36.75,35.75,36,35.459999084472656,26174800
2025-09-01T03:00:00Z,35.5,36.5,35,36.25,35.70624923706055,24439000
2025-09-02T03:00:00Z,36.25,36.5,36,36.25,35.70624923706055,7168000
2025-09-03T03:00:00Z,36,37,35.75,36.75,36.19874954223633,18635700
2025-09-04T03:00:00Z,37,38.75,37,37.25,36.69124984741211,34440300
2025-09-05T03:00:00Z,37.5,38.75,37,38.5,37.92250061035156,30077700
2025-09-08T03:00:00Z,38.75,39,37.75,37.75,37.18375015258789,28026500
2025-09-09T03:00:00Z,38,38.75,37.75,38.5,37.92250061035156,18836400
2025-09-10T03:00:00Z,38.5,38.5,37.5,38,37.43000030517578,20167400
2025-09-11T03:00:00Z,38,38,37,37.75,37.18375015258789,24898100
2025-09-12T03:00:00Z,38.25,39,38,38.5,37.92250061035156,21981700
2025-09-15T03:00:00Z,38.5,38.75,37.75,38.5,37.92250061035156,14449200
2025-09-16T03:00:00Z,38.75,40,38.5,40,39.400001525878906,42178600
2025-09-17T03:00:00Z,39.75,40.25,39.25,39.5,38.907501220703125,31891100
2025-09-18T03:00:00Z,39.75,40,39,39.75,39.153751373291016,22677200
2025-09-19T03:00:00Z,40,40,38.75,39,38.415000915527344,29052500
2025-09-22T03:00:00Z,39,39.5,38.5,38.75,38.16875076293945,16124600
2025-09-23T03:00:00Z,39,39.75,38.75,39,38.415000915527344,21395900
2025-09-24T03:00:00Z,39,40,39,39.75,39.153751373291016,17324900
2025-09-25T03:00:00Z,39.75,40,39.25,40,39.400001525878906,18377600
2025-09-26T03:00:00Z,39.75,39.75,39,39.25,38.661251068115234,14118600
2025-09-29T03:00:00Z,39.75,40,39.25,39.75,39.153751373291016,14662600
2025-09-30T03:00:00Z,40,40.75,39.75,40.5,39.89250183105469,37277400
2025-10-01T03:00:00Z,40.5,41.75,40.25,41.75,41.123748779296875,45817300
2025-10-02T03:00:00Z,41.75,42,41.25,41.75,41.123748779296875,11565200
2025-10-03T03:00:00Z,42,44,41.75,43.5,42.84749984741211,64089500
2025-10-06T03:00:00Z,43.5,43.5,41,41.5,40.87750244140625,58610900
2025-10-07T03:00:00Z,41.5,41.5,41.5,41.5,40.87750244140625,0
2025-10-08T03:00:00Z,42.5,42.75,42,42.25,41.616249084472656,13168800
2025-10-09T03:00:00Z,42,43,41.75,43,42.35499954223633,23732100
2025-10-10T03:00:00Z,43.25,43.25,40.75,41,40.38500213623047,32693600
2025-10-14T03:00:00Z,41,41,39.25,39.75,39.153751373291016,33248700
2025-10-15T03:00:00Z,40.75,41,39.75,40.75,40.13875198364258,19525100
2025-10-16T03:00:00Z,41,41.5,40,40.25,39.6462516784668,22625700
2025-10-17T03:00:00Z,40,41.5,39.75,40.25,39.6462516784668,38935800
2025-10-20T03:00:00Z,40.75,41.5,40,40.25,39.6462516784668,20755000
2025-10-21T03:00:00Z,40.25,40.5,39.5,39.75,39.153751373291016,16695000
2025-10-22T03:00:00Z,39.75,40.5,39,39.5,38.907501220703125,37579400
2025-10-24T03:00:00Z,39.75,40.25,39.5,39.75,39.153751373291016,23424900
2025-10-27T03:00:00Z,40,40,39.25,39.25,38.661251068115234,20048700
2025-10-28T03:00:00Z,39.5,40,39.5,39.75,39.153751373291016,18600800
2025-10-29T03:00:00Z,40,41.75,40,41.75,41.123748779296875,46075600
2025-10-30T03:00:00Z,41.5,41.75,40.75,41.25,40.63125228881836,35262000
2025-10-31T03:00:00Z,41.25,42,40.75,41.25,40.63125228881836,17946000
2025-11-03T03:00:00Z,41.5,41.5,40.75,41,40.38500213623047,13227600
2025-11-04T03:00:00Z,40.75,41,39.5,40,39.400001525878906,24835700
2025-11-05T03:00:00Z,39.5,40.25,39.25,40,39.400001525878906,16353300
2025-11-06T03:00:00Z,40,40.25,39.5,40.25,39.6462516784668,14557300
2025-11-07T03:00:00Z,40,41.25,39.5,41,40.38500213623047,28952200
2025-11-10T03:00:00Z,41.25,42,40.75,41.75,41.123748779296875,24210500
2025-11-11T03:00:00Z,42,42.75,41.75,42.5,41.86249923706055,28864700
2025-11-12T03:00:00Z,42.75,42.75,41.75,41.75,41.123748779296875,14301800
2025-11-13T03:00:00Z,42,42,41.25,41.5,40.87750244140625,7970100
2025-11-14T03:00:00Z,41.25,41.5,41,41,40.38500213623047,6301000
2025-11-17T03:00:00Z,41.25,41.5,41,41.25,40.63125228881836,10103900
2025-11-18T03:00:00Z,41,41.25,40.5,41,40.38500213623047,14740900
2025-11-19T03:00:00Z,41,41,39.75,40,39.400001525878906,17715700
2025-11-20T03:00:00Z,40.25,42.5,40,42.25,41.616249084472656,41987600
2025-11-21T03:00:00Z,41.75,42.25,40.75,41,40.38500213623047,23293000
2025-11-24T03:00:00Z,41.25,41.75,40.75,41.25,40.63125228881836,29280100
2025-11-25T03:00:00Z,41.75,44,41.75,43.75,43.09375,84003400
2025-11-26T03:00:00Z,43.75,45,43.5,43.75,43.09375,31884700
2025-11-27T03:00:00Z,44,44.25,43.25,43.75,43.09375,17849500
2025-11-28T03:00:00Z,44,44.25,43,43.5,42.84749984741211,24333100
2025-12-01T03:00:00Z,43.5,44.5,43.5,44.5,43.83250045776367,31066300
2025-12-02T03:00:00Z,44.75,45.25,44.25,45.25,44.571250915527344,18787700
2025-12-03T03:00:00Z,45.25,48.75,45.25,47.5,46.78750228881836,86409800
2025-12-04T03:00:00Z,51.25,53,50.75,53,52.20500183105469,122946400
2025-12-08T03:00:00Z,53.5,55.75,52.75,53,52.20500183105469,76437500
2025-12-09T03:00:00Z,53.5,54.5,53,54,53.19000244140625,45830700
2025-12-11T03:00:00Z,53.5,54,52,52.5,52.5,37857500
2025-12-12T03:00:00Z,52,52,50,50,50,67339200
2025-12-15T03:00:00Z,50.5,53.5,50.5,53.5,53.5,45832500
2025-12-16T03:00:00Z,53.5,54.5,53.25,54.5,54.5,35763000
2025-12-17T03:00:00Z,54.5,54.75,53.5,53.75,53.75,25047800
2025-12-18T03:00:00Z,54,55,53.75,55,55,24350700
2025-12-19T03:00:00Z,55,55,53.5,54.25,54.25,28223900
2025-12-22T03:00:00Z,54.5,54.5,53,53.5,53.5,30969400
2025-12-23T03:00:00Z,55,55,54.25,55,55,17223500
2025-12-24T03:00:00Z,54.75,54.75,53.5,54.25,54.25,20220100
2025-12-25T03:00:00Z,54,54.25,53.75,54.25,54.25,6480000
2025-12-26T03:00:00Z,54.25,54.25,53.5,53.75,53.75,8834900
2025-12-29T03:00:00Z,53.75,54,53,53.5,53.5,15615100
2025-12-30T03:00:00Z,53,53.5,53,53,53,15000900
2026-01-05T03:00:00Z,53.5,55,53,54.5,54.5,32172700
2026-01-06T03:00:00Z,53.5,53.75,51,51.5,51.5,60655100
2026-01-07T03:00:00Z,51.5,51.75,50.75,51.25,51.25,27778000
2026-01-08T03:00:00Z,50.75,52,50.75,51.5,51.5,24964900
2026-01-09T03:00:00Z,51.25,52.5,51.25,51.75,51.75,19175000
2026-01-12T03:00:00Z,51.75,52,50.75,51,51,14705800
2026-01-13T03:00:00Z,51.25,51.5,50.5,50.75,50.75,13863900
2026-01-14T03:00:00Z,50.75,51.75,50,51,51,20573600
2026-01-15T03:00:00Z,51,51.5,50.5,51.25,51.25,20192000
2026-01-16T03:00:00Z,51.5,52.25,50.75,52.25,52.25,33450200
2026-01-19T03:00:00Z,52,52.25,51.25,51.75,51.75,18198600
2026-01-20T03:00:00Z,52,53.25,51.75,53,53,26856400
2026-01-21T03:00:00Z,53.25,53.5,52.75,53,53,25778300
2026-01-22T03:00:00Z,53,53,52,52,52,30643900
2026-01-23T03:00:00Z,52,52.75,51.5,51.75,51.75,20085400
2026-01-26T03:00:00Z,51.75,51.75,50.25,51.25,51.25,22864200
2026-01-27T03:00:00Z,50.75,51.75,50.75,51.25,51.25,31535500
2026-01-28T03:00:00Z,51.5,52.5,51.25,52.25,52.25,20450400
2026-01-29T03:00:00Z,52.25,52.25,51.5,51.75,51.75,17879900
2026-01-30T03:00:00Z,51.5,51.75,50,50.25,50.25,37775600
2026-02-02T03:00:00Z,50,51,49.75,51,51,26456100
2026-02-03T03:00:00Z,51.25,53,51,51.75,51.75,44307600
2026-02-04T03:00:00Z,51.5,52.25,51.25,52.25,52.25,15188900
2026-02-05T03:00:00Z,52.25,52.5,51.25,51.75,51.75,19810400
2026-02-06T03:00:00Z,52,53.25,51.75,53,53,33160600
2026-02-09T03:00:00Z,56.75,59,56.5,58.25,58.25,143953600
2026-02-10T03:00:00Z,58,58.25,56.25,57.5,57.5,62897500
2026-02-11T03:00:00Z,57.25,57.5,56.25,56.5,56.5,22492000
2026-02-12T03:00:00Z,56,57.25,56,57,57,37908700
2026-02-13T03:00:00Z,56.75,57.75,56.25,57.5,57.5,52878200
2026-02-16T03:00:00Z,58,58.25,56.25,56.25,56.25,52599200
2026-02-17T03:00:00Z,56.25,57,56,56.25,56.25,40123600
2026-02-18T03:00:00Z,56.5,56.75,56,56.75,56.75,23933800
2026-02-19T03:00:00Z,56.75,57,56.25,56.25,56.25,38812400
2026-02-20T03:00:00Z,56.25,56.5,56,56.5,56.5,18682500
2026-02-23T03:00:00Z,56.5,57.25,52.75,53.5,53.5,90680700
2026-02-24T03:00:00Z,53.25,53.25,51,52.25,52.25,105325000
2026-02-25T03:00:00Z,52.75,53.5,51.75,53.25,53.25,66151600
2026-02-26T03:00:00Z,53,54.5,52.75,54.5,54.5,43456200
2026-02-27T03:00:00Z,54.25,55.5,53.75,54.5,54.5,56838100
2026-03-02T03:00:00Z,51.25,52.75,51.25,51.5,51.5,55423300
2026-03-04T03:00:00Z,50,50.25,45,48.5,48.5,130389300
2026-03-05T03:00:00Z,50.5,51,49.5,51,51,76181200
2026-03-06T03:00:00Z,50,51,49.5,50.5,50.5,39000500
2026-03-09T03:00:00Z,46.75,49.5,46.5,49.5,49.5,46869100
2026-03-10T03:00:00Z,51,51,49.5,49.75,49.75,26285800
2026-03-11T03:00:00Z,50,52.5,50,51,51,57330900
2026-03-12T03:00:00Z,50.25,50.75,49.5,50.5,50.5,38813700
2026-03-13T03:00:00Z,49.75,50,48.75,49,49,42049400
2026-03-16T03:00:00Z,49,49,48,48.25,48.25,38807400
2026-03-17T03:00:00Z,48.75,50.25,48.75,49.5,49.5,36985800
2026-03-18T03:00:00Z,50,50.25,49.5,49.5,49.5,22546000
2026-03-19T03:00:00Z,48.75,49.25,48,48,48,31998800
2026-03-20T03:00:00Z,49,49,48,48.75,48.75,26583600
2026-03-23T03:00:00Z,47.5,48,47.25,47.75,47.75,41734600
2026-03-24T03:00:00Z,48.5,49.5,48.25,48.75,48.75,36693000
2026-03-25T03:00:00Z,50.25,51.25,50,51,51,45510200
2026-03-26T03:00:00Z,50,50.75,49.5,50.75,50.75,28161700
2026-03-27T03:00:00Z,51.25,52.5,50.75,52.25,52.25,52932000
2026-03-30T03:00:00Z,51,52,51,51.5,51.5,27585100
2026-03-31T03:00:00Z,51.75,52,50.75,52,52,34980000
2026-04-01T03:00:00Z,53.5,54.25,53.25,53.75,53.75,40174300
2026-04-02T03:00:00Z,53,53.75,52.75,53.5,53.5,20492200
2026-04-03T03:00:00Z,53.5,54,52.75,53,53,19956000
2026-04-07T03:00:00Z,52.5,53,51.75,52.75,52.75,26604000
2026-04-08T03:00:00Z,54.5,54.75,54,54.5,54.5,36286400
2026-04-09T03:00:00Z,54.25,54.75,53.75,54.75,54.75,25959100
2026-04-10T03:00:00Z,55,55,53.75,54,54,10328900
2026-04-16T03:00:00Z,54.5,55.75,54.5,55.25,55.25,46225100
2026-04-17T03:00:00Z,55,55.25,54,54.75,54.75,21118800
2026-04-20T03:00:00Z,54.75,55.25,54.25,54.5,54.5,12453800
2026-04-21T03:00:00Z,55,55,54.5,54.75,54.75,8952100
2026-04-22T03:00:00Z,54.25,55.5,54.25,54.75,54.75,12785000
2026-04-23T03:00:00Z,54.5,55.25,54.25,55.25,55.25,29589400
2026-04-24T03:00:00Z,54.75,54.75,53.75,54.5,54.5,31794600
2026-04-27T03:00:00Z,54.5,54.75,53.75,54,54,15852400
2026-04-28T03:00:00Z,53.5,53.75,52.25,52.5,52.5,34695400
2026-04-29T03:00:00Z,51.5,51.75,50.5,51,51,56158900
2026-04-30T03:00:00Z,50.5,51.25,50.5,51.25,51.25,18816900
2026-05-01T03:00:00Z,51.25,51.25,51.25,51.25,51.25,0
2026-05-04T03:00:00Z,51.25,51.25,51.25,51.25,51.25,0
2026-05-05T03:00:00Z,51,51.25,50.5,51.25,51.25,16932100
2026-05-06T03:00:00Z,51.25,53.25,51,53.25,53.25,48326900
2026-05-07T03:00:00Z,53.5,53.5,52.5,52.75,52.75,28922500
2026-05-08T03:00:00Z,52,52.25,51.25,51.25,51.25,23344200
2026-05-11T03:00:00Z,51.25,51.5,50.25,50.75,50.75,34672000
2026-05-12T03:00:00Z,50.75,52,50.75,51.75,51.75,21091400
2026-05-13T03:00:00Z,52,52.5,51.25,51.75,51.75,25151800
2026-05-14T03:00:00Z,52.5,53.5,52.25,53.25,53.25,50609800
2026-05-15T03:00:00Z,53.25,53.25,52.5,53,53,13337800
2026-05-18T03:00:00Z,52.75,52.75,52,52.5,52.5,14046700
2026-05-19T03:00:00Z,52.25,53.25,52,52.75,52.75,18833700
2026-05-20T03:00:00Z,52.25,53,52.25,52.5,52.5,21469000
2026-05-21T03:00:00Z,53.25,53.5,52.5,52.75,52.75,28394500
2026-05-22T03:00:00Z,53,53,52.25,52.75,52.75,15520000
2026-05-25T03:00:00Z,53.25,54.25,53.25,54.25,54.25,28403300
2026-05-26T03:00:00Z,54,55,54,54,54,24118100
2026-05-27T03:00:00Z,54.25,55,54.25,54.5,54.5,20363100
2026-05-28T03:00:00Z,54.75,55.5,54.25,55,55,52183200
2026-05-29T03:00:00Z,55.25,55.5,54.75,55.25,55.25,48985600
2026-06-01T03:00:00Z,55.25,55.25,55.25,55.25,55.25,0
2026-06-02T03:00:00Z,55.25,56.5,54.5,56.25,56.25,55720500
2026-06-03T03:00:00Z,56.25,56.25,56.25,56.25,56.25,0
2026-06-04T03:00:00Z,56.25,59,55.75,58.5,58.5,107606000
2026-06-05T03:00:00Z,58.5,58.5,57.5,58,58,24387700
2026-06-08T03:00:00Z,57.25,58.25,57,57.25,57.25,26267400
2026-06-09T03:00:00Z,57.75,57.75,56.25,56.5,56.5,22349600
2026-06-10T03:00:00Z,56.25,57,56,56.5,56.5,17711300
2026-06-11T03:00:00Z,56.25,57,55.75,55.75,55.75,27139600
2026-06-12T03:00:00Z,56.5,58.25,56.5,58,58,39920800
2026-06-15T03:00:00Z,59.5,60,58.75,59,59,33365500
2026-06-16T03:00:00Z,59.25,60,58.5,60,60,21851900
2026-06-17T03:00:00Z,59.75,60.5,59,59.75,59.75,32399200
2026-06-18T03:00:00Z,59.75,60.25,59,59.5,59.5,18867400
2026-06-19T03:00:00Z,59.5,60.25,59.5,59.75,59.75,24758200
2026-06-22T03:00:00Z,59.75,60.25,59.25,59.5,59.5,12609800
2026-06-23T03:00:00Z,59.5,59.5,57.75,58,58,40843800
2026-06-24T03:00:00Z,58.5,61,58.25,60.75,60.75,66909900
2026-06-25T03:00:00Z,61.25,62.5,60.75,61.5,61.5,49734500
2026-06-26T03:00:00Z,61,62.5,61,62.25,62.25,45057600
2026-06-29T03:00:00Z,62.75,63.75,62.5,63.25,63.25,41842900
2026-06-30T03:00:00Z,62.75,64.25,62.75,64.25,64.25,49059300
2026-07-01T03:00:00Z,64.5,64.75,63.5,64.75,64.75,42640100
2026-07-02T03:00:00Z,64.75,65,63.5,64,64,41334400
2026-07-03T03:00:00Z,64,65,64,64.25,64.25,28086000
2026-07-06T03:00:00Z,64.25,64.5,63.75,64.25,64.25,15675200
2026-07-07T03:00:00Z,64,64.5,63.5,64.25,64.25,23677200
2026-07-08T03:00:00Z,64,64.75,62.25,62.5,62.5,44815600
2026-07-09T03:00:00Z,62.75,63.5,62.75,63,63,23016300
2026-07-10T03:00:00Z,63,63.5,63,63.5,63.5,21404700
2026-07-13T03:00:00Z,63.25,64,62.75,64,64,18635500
2026-07-14T03:00:00Z,62.75,63.75,62.5,63,63,23514300
2026-07-15T03:00:00Z,63.5,64.25,63.25,63.5,63.5,25537300
2026-07-16T03:00:00Z,64,64.5,63.75,64.25,64.25,25598200
2026-07-17T03:00:00Z,63.75,64.25,63.5,64,64,28920300
2026-07-20T03:00:00Z,64,64,63.25,64,64,36203800
